Description;Categoria
WHITE HANGING HEART T-LIGHT HOLDER;Decoracion
WHITE METAL LANTERN;Decoracion
CREAM CUPID HEARTS COAT HANGER;Decoracion
KNITTED UNION FLAG HOT WATER BOTTLE;Otros
RED WOOLLY HOTTIE WHITE HEART.;Otros
SET 7 BABUSHKA NESTING BOXES;Ninios, juegos y juguetes
GLASS STAR FROSTED T-LIGHT HOLDER;Decoracion
HAND WARMER UNION JACK;Otros
HAND WARMER RED POLKA DOT;Otros
ASSORTED COLOUR BIRD ORNAMENT;Decoracion
POPPY'S PLAYHOUSE BEDROOM;Ninios, juegos y juguetes
POPPY'S PLAYHOUSE KITCHEN;Ninios, juegos y juguetes
FELTCRAFT PRINCESS CHARLOTTE DOLL;Ninios, juegos y juguetes
IVORY KNITTED MUG COSY;Cocina
BOX OF 6 ASSORTED COLOUR TEASPOONS;Cocina
BOX OF VINTAGE JIGSAW BLOCKS;Libreria y elementos escolares
BOX OF VINTAGE ALPHABET BLOCKS;Libreria y elementos escolares
HOME BUILDING BLOCK WORD;Decoracion
LOVE BUILDING BLOCK WORD;Decoracion
RECIPE BOX WITH METAL HEART;Cocina
DOORMAT NEW ENGLAND;Decoracion
JAM MAKING SET WITH JARS;Cocina
RED COAT RACK PARIS FASHION;Decoracion
YELLOW COAT RACK PARIS FASHION;Decoracion
BLUE COAT RACK PARIS FASHION;Decoracion
BATH BUILDING BLOCK WORD;Decoracion
ALARM CLOCK BAKELIKE PINK;Decoracion
ALARM CLOCK BAKELIKE RED;Decoracion
ALARM CLOCK BAKELIKE GREEN;Decoracion
PANDA AND BUNNIES STICKER SHEET;Libreria y elementos escolares
STARS GIFT TAPE;Libreria y elementos escolares
INFLATABLE POLITICAL GLOBE;Libreria y elementos escolares
VINTAGE HEADS AND TAILS CARD GAME;Ninios, juegos y juguetes
SET/2 RED RETROSPOT TEA TOWELS;Cocina
ROUND SNACK BOXES SET OF4 WOODLAND;Cocina
SPACEBOY LUNCH BOX;Ninios, juegos y juguetes
LUNCH BOX I LOVE LONDON;Cocina
CIRCUS PARADE LUNCH BOX;Ninios, juegos y juguetes
CHARLOTTE BAG DOLLY GIRL DESIGN;Ninios, juegos y juguetes
RED TOADSTOOL LED NIGHT LIGHT;Decoracion
SET 2 TEA TOWELS I LOVE LONDON;Cocina
VINTAGE SEASIDE JIGSAW PUZZLES;Libreria y elementos escolares
MINI JIGSAW CIRCUS PARADE;Ninios, juegos y juguetes
MINI JIGSAW SPACEBOY;Ninios, juegos y juguetes
MINI PAINT SET VINTAGE;Libreria y elementos escolares
PAPER CHAIN KIT 50'S CHRISTMAS;Navidad
EDWARDIAN PARASOL RED;Otros
RETRO COFFEE MUGS ASSORTED;Cocina
SAVE THE PLANET MUG;Cocina
VINTAGE BILLBOARD DRINK ME MUG;Cocina
VINTAGE BILLBOARD LOVE/HATE MUG;Cocina
WOOD 2 DRAWER CABINET WHITE FINISH;Decoracion
WOOD S/3 CABINET ANT WHITE FINISH;Decoracion
WOODEN PICTURE FRAME WHITE FINISH;Decoracion
WOODEN FRAME ANTIQUE WHITE;Decoracion
VICTORIAN SEWING BOX LARGE;Otros
HOT WATER BOTTLE TEA AND SYMPATHY;Otros
RED HANGING HEART T-LIGHT HOLDER;Decoracion
JUMBO BAG PINK POLKADOT;Otros
JUMBO BAG BAROQUE BLACK WHITE;Otros
JUMBO BAG CHARLIE AND LOLA TOYS;Ninios, juegos y juguetes
STRAWBERRY CHARLOTTE BAG;Otros
RED 3 PIECE RETROSPOT CUTLERY SET;Cocina
BLUE 3 PIECE POLKADOT CUTLERY SET;Cocina
SET/6 RED SPOTTY PAPER PLATES;Cocina
LUNCH BAG RED RETROSPOT;Cocina
STRAWBERRY LUNCH BOX WITH CUTLERY;Cocina
LUNCH BOX WITH CUTLERY RETROSPOT;Cocina
PACK OF 72 RETROSPOT CAKE CASES;Cocina
PACK OF 60 DINOSAUR CAKE CASES;Cocina
PACK OF 60 PINK PAISLEY CAKE CASES;Cocina
60 TEATIME FAIRY CAKE CASES;Cocina
TOMATO CHARLIE+LOLA COASTER SET;Ninios, juegos y juguetes
CHARLIE & LOLA WASTEPAPER BIN FLORA;Ninios, juegos y juguetes
RED CHARLIE+LOLA PERSONAL DOORSIGN;Ninios, juegos y juguetes
JUMBO STORAGE BAG SUKI;Otros
JUMBO BAG PINK VINTAGE PAISLEY;Otros
JAM MAKING SET PRINTED;Cocina
RETROSPOT TEA SET CERAMIC 11 PC;Cocina
GIRLY PINK TOOL SET;Ninios, juegos y juguetes
JUMBO SHOPPER VINTAGE RED PAISLEY;Otros
AIRLINE LOUNGE,METAL SIGN;Decoracion
WHITE SPOT RED CERAMIC DRAWER KNOB;Decoracion
RED DRAWER KNOB ACRYLIC EDWARDIAN;Decoracion
CLEAR DRAWER KNOB ACRYLIC EDWARDIAN;Decoracion
PHOTO CLIP LINE;Decoracion
FELT EGG COSY CHICKEN;Pascuas
PIGGY BANK RETROSPOT;Decoracion
SKULL SHOULDER BAG;Halloween
YOU'RE CONFUSING ME METAL SIGN;Decoracion
COOK WITH WINE METAL SIGN;Decoracion
GIN + TONIC DIET METAL SIGN;Decoracion
YELLOW BREAKFAST CUP AND SAUCER;Cocina
PINK BREAKFAST CUP AND SAUCER;Cocina
PAPER CHAIN KIT RETROSPOT;Decoracion
SMALL HEART FLOWERS HOOK;Decoracion
TEA TIME DES TEA COSY;Cocina
FELT EGG COSY WHITE RABBIT;Pascuas
ZINC WILLIE WINKIE CANDLE STICK;Decoracion
CERAMIC CHERRY CAKE MONEY BANK;Decoracion
RETROSPOT LARGE MILK JUG;Cocina
SET OF 6 FUNKY BEAKERS;Cocina
EDWARDIAN PARASOL BLACK;Otros
EDWARDIAN PARASOL NATURAL;Otros
CERAMIC STRAWBERRY CAKE MONEY BANK;Decoracion
BLUE OWL SOFT TOY;Ninios, juegos y juguetes
BALLOON ART MAKE YOUR OWN FLOWERS;Ninios, juegos y juguetes
GLASS CLOCHE SMALL;Decoracion
GUMBALL MONOCHROME COAT RACK;Decoracion
DOORMAT FANCY FONT HOME SWEET HOME;Decoracion
VINTAGE SNAKES & LADDERS;Ninios, juegos y juguetes
CHOCOLATE CALCULATOR;Libreria y elementos escolares
RECYCLING BAG RETROSPOT;Otros
TOY TIDY PINK POLKADOT;Ninios, juegos y juguetes
ANTIQUE GLASS DRESSING TABLE POT;Decoracion
IVORY GIANT GARDEN THERMOMETER;Decoracion
3 TIER CAKE TIN GREEN AND CREAM;Cocina
3 TIER CAKE TIN RED AND CREAM;Cocina
SET 3 WICKER OVAL BASKETS W LIDS;Decoracion
WOOD BLACK BOARD ANT WHITE FINISH;Libreria y elementos escolares
COLOUR GLASS T-LIGHT HOLDER HANGING;Decoracion
HANGING METAL HEART LANTERN;Decoracion
HANGING MEDINA LANTERN SMALL;Decoracion
NATURAL SLATE HEART CHALKBOARD;Decoracion
HEART OF WICKER SMALL;Decoracion
HEART OF WICKER LARGE;Decoracion
WHITE LOVEBIRD LANTERN;Decoracion
CLASSIC METAL BIRDCAGE PLANT HOLDER;Decoracion
CREAM HEART CARD HOLDER;Decoracion
ENAMEL FLOWER JUG CREAM;Decoracion
ENAMEL FIRE BUCKET CREAM;Otros
ENAMEL BREAD BIN CREAM;Cocina
JUMBO BAG DOLLY GIRL DESIGN;Ninios, juegos y juguetes
TRADITIONAL CHRISTMAS RIBBONS;Navidad
ORGANISER WOOD ANTIQUE WHITE;Decoracion
LUNCH BAG DOLLY GIRL DESIGN;Ninios, juegos y juguetes
WHITE WIRE EGG HOLDER;Cocina
JUMBO BAG RED RETROSPOT;Otros
CHILLI LIGHTS;Decoracion
LIGHT GARLAND BUTTERFILES PINK;Decoracion
WOODEN OWLS LIGHT GARLAND;Decoracion
FAIRY TALE COTTAGE NIGHTLIGHT;Decoracion
HOME SMALL WOOD LETTERS;Decoracion
GINGHAM HEART DOORSTOP RED;Decoracion
FIVE HEART HANGING DECORATION;Decoracion
ASSORTED BOTTLE TOP MAGNETS;Decoracion
FRIDGE MAGNETS US DINER ASSORTED;Decoracion
HOMEMADE JAM SCENTED CANDLES;Decoracion
FRIDGE MAGNETS LES ENFANTS ASSORTED;Decoracion
ROSE CARAVAN DOORSTOP;Decoracion
5 HOOK HANGER MAGIC TOADSTOOL;Decoracion
CHRISTMAS LIGHTS 10 REINDEER;Navidad
VINTAGE UNION JACK CUSHION COVER;Decoracion
SET OF 3 COLOURED FLYING DUCKS;Decoracion
SET OF 3 GOLD FLYING DUCKS;Decoracion
RED RETROSPOT UMBRELLA;Otros
BLACK/BLUE POLKADOT UMBRELLA;Otros
RED DINER WALL CLOCK;Decoracion
BLUE DINER WALL CLOCK;Decoracion
IVORY DINER WALL CLOCK;Decoracion
LARGE HEART MEASURING SPOONS;Cocina
SMALL HEART MEASURING SPOONS;Cocina
JAM JAR WITH PINK LID;Cocina
JAM JAR WITH GREEN LID;Cocina
ROSE COTTAGE KEEPSAKE BOX;Decoracion
HANGING HEART ZINC T-LIGHT HOLDER;Decoracion
PAPER CHAIN KIT VINTAGE CHRISTMAS;Navidad
DISCO BALL CHRISTMAS DECORATION;Navidad
SMALL POPCORN HOLDER;Cocina
LARGE POPCORN HOLDER;Cocina
SET/20 RED RETROSPOT PAPER NAPKINS;Cocina
SET/6 RED SPOTTY PAPER CUPS;Cocina
POLKADOT RAIN HAT;Otros
DELUXE SEWING KIT;Otros
RETROSPOT HEART HOT WATER BOTTLE;Otros
ENGLISH ROSE HOT WATER BOTTLE;Otros
PHOTO CUBE;Decoracion
3 STRIPEY MICE FELTCRAFT;Ninios, juegos y juguetes
SET OF 6 SOLDIER SKITTLES;Ninios, juegos y juguetes
TRADITIONAL WOODEN SKIPPING ROPE;Ninios, juegos y juguetes
WOODEN BOX OF DOMINOES;Ninios, juegos y juguetes
RUSTIC SEVENTEEN DRAWER SIDEBOARD;Decoracion
PARTY CONES CARNIVAL ASSORTED;Ninios, juegos y juguetes
PARTY CONES CANDY ASSORTED;Ninios, juegos y juguetes
PICNIC BASKET WICKER SMALL;Cocina
STAR DECORATION PAINTED ZINC;Decoracion
RETROSPOT LAMP;Decoracion
FANCY FONT BIRTHDAY CARD,;Libreria y elementos escolares
HAND WARMER SCOTTY DOG DESIGN;Otros
HAND WARMER OWL DESIGN;Otros
HAND WARMER RED RETROSPOT;Otros
DOG BOWL CHASING BALL DESIGN;Otros
CLOTHES PEGS RETROSPOT PACK 24;Otros
HAND OVER THE CHOCOLATE SIGN;Decoracion
TRAVEL SEWING KIT;Otros
BLACK HEART CARD HOLDER;Decoracion
CHICK GREY HOT WATER BOTTLE;Otros
SMALL GLASS HEART TRINKET POT;Decoracion
ALARM CLOCK BAKELIKE IVORY;Decoracion
ALARM CLOCK BAKELIKE ORANGE;Decoracion
HAND WARMER BIRD DESIGN;Otros
IVORY EMBROIDERED QUILT;Decoracion
SET OF 3 BLACK FLYING DUCKS;Decoracion
PACK OF 12 RED RETROSPOT TISSUES;Otros
RED RETROSPOT MUG;Cocina
BABUSHKA LIGHTS STRING OF 10;Ninios, juegos y juguetes
DOORMAT FAIRY CAKE;Decoracion
STRAWBERRY CERAMIC TRINKET BOX;Decoracion
PINK DOUGHNUT TRINKET POT;Decoracion
SILK PURSE BABUSHKA PINK;Joyeria y accesorios
HOT WATER BOTTLE I AM SO POORLY;Otros
CHOCOLATE HOT WATER BOTTLE;Otros
WHITE SKULL HOT WATER BOTTLE;Halloween
SCOTTIE DOG HOT WATER BOTTLE;Otros
BIRD HOUSE HOT WATER BOTTLE;Otros
BOUDOIR SQUARE TISSUE BOX;Otros
SKULLS SQUARE TISSUE BOX;Halloween
PHOTO FRAME CORNICE;Decoracion
SILK PURSE BABUSHKA RED;Joyeria y accesorios
PICTURE DOMINOES;Ninios, juegos y juguetes
S/6 SEW ON CROCHET FLOWERS;Decoracion
SCANDINAVIAN REDS RIBBONS;Decoracion
BALLOONS WRITING SET;Libreria y elementos escolares
LAVENDER INCENSE IN TIN;Decoracion
TV DINNER TRAY VINTAGE PAISLEY;Cocina
SET OF 4 ENGLISH ROSE PLACEMATS;Cocina
SET OF 4 ENGLISH ROSE COASTERS;Cocina
TRIPLE PHOTO FRAME CORNICE;Decoracion
FAMILY PHOTO FRAME CORNICE;Decoracion
MIRRORED DISCO BALL;Decoracion
DISCO BALL ROTATOR BATTERY OPERATED;Decoracion
SILVER LOOKING MIRROR;Decoracion
LADIES & GENTLEMEN METAL SIGN;Decoracion
METAL SIGN HER DINNER IS SERVED;Decoracion
DOORMAT TOPIARY;Decoracion
BATHROOM METAL SIGN;Decoracion
KITCHEN METAL SIGN;Decoracion
TOILET METAL SIGN;Decoracion
METAL SIGN TAKE IT OR LEAVE IT;Decoracion
I'M ON HOLIDAY METAL SIGN;Decoracion
GROW YOUR OWN BASIL IN ENAMEL MUG;Otros
SET/10 PINK POLKADOT PARTY CANDLES;Decoracion
SET 20 NAPKINS FAIRY CAKES DESIGN;Cocina
SET OF 6 T-LIGHTS SNOWMEN;Navidad
SET OF 6 T-LIGHTS SANTA;Navidad
SET OF 9 HEART SHAPED BALLOONS;San Valentin
SANDWICH BATH SPONGE;Banio
APPLE BATH SPONGE;Banio
STRAWBERRY BATH SPONGE;Banio
BLACK PIRATE TREASURE CHEST;Ninios, juegos y juguetes
STAR PORTABLE TABLE LIGHT;Decoracion
SNOWFLAKE PORTABLE TABLE LIGHT;Navidad
PINK OVAL JEWELLED MIRROR;Decoracion
RETROSPOT CIGAR BOX MATCHES;Otros
COSY HOUR GIANT TUBE MATCHES;Otros
JAZZ HEARTS PURSE NOTEBOOK;Libreria y elementos escolares
CANDLEHOLDER PINK HANGING HEART;Decoracion
ASSORTED COLOUR MINI CASES;Otros
LUNCH BAG SPACEBOY DESIGN;Ninios, juegos y juguetes
LUNCH BAG WOODLAND;Cocina
LUNCH BAG PINK POLKADOT;Cocina
GUMBALL COAT RACK;Decoracion
BLUE NEW BAROQUE CANDLESTICK CANDLE;Decoracion
PINK NEW BAROQUECANDLESTICK CANDLE;Decoracion
FAIRY CAKE FLANNEL ASSORTED COLOUR;Otros
BREAD BIN DINER STYLE PINK;Cocina
TEA TIME TABLE CLOTH;Cocina
HOT WATER BOTTLE BABUSHKA;Otros
HEART IVORY TRELLIS SMALL;Decoracion
PINK DRAWER KNOB ACRYLIC EDWARDIAN;Decoracion
GREEN DRAWER KNOB ACRYLIC EDWARDIAN;Decoracion
BLUE DRAWER KNOB ACRYLIC EDWARDIAN;Decoracion
SET 6 FOOTBALL CELEBRATION CANDLES;Decoracion
SET OF 6 GIRLS CELEBRATION CANDLES;Decoracion
ROMANTIC PINKS RIBBONS;Decoracion
BRIGHT BLUES RIBBONS;Decoracion
CHOCOLATE BOX RIBBONS;Decoracion
PARTY INVITES FOOTBALL;Libreria y elementos escolares
PARTY INVITES JAZZ HEARTS;Libreria y elementos escolares
PARTY INVITES SPACEMAN;Libreria y elementos escolares
SET OF 3 BUTTERFLY COOKIE CUTTERS;Cocina
SET OF 3 HEART COOKIE CUTTERS;Cocina
3 PIECE SPACEBOY COOKIE CUTTER SET;Ninios, juegos y juguetes
PACK OF 72 SKULL CAKE CASES;Halloween
PACK OF 60 SPACEBOY CAKE CASES;Ninios, juegos y juguetes
72 SWEETHEART FAIRY CAKE CASES;Cocina
LUNCH BAG SUKI DESIGN;Cocina
LUNCH BAG CARS BLUE;Ninios, juegos y juguetes
LUNCH BAG BLACK SKULL.;Halloween
HEART IVORY TRELLIS LARGE;Decoracion
SET/5 RED RETROSPOT LID GLASS BOWLS;Cocina
MAGIC DRAWING SLATE DINOSAUR;Ninios, juegos y juguetes
MAGIC DRAWING SLATE BAKE A CAKE;Ninios, juegos y juguetes
12 PENCILS TALL TUBE SKULLS;Libreria y elementos escolares
RED HARMONICA IN BOX;Ninios, juegos y juguetes
BLUE HARMONICA IN BOX;Ninios, juegos y juguetes
SKULLS WATER TRANSFER TATTOOS;Halloween
PACK 3 BOXES BIRD PANNETONE;Cocina
SET OF 20 KIDS COOKIE CUTTERS;Cocina
10 COLOUR SPACEBOY PEN;Libreria y elementos escolares
VICTORIAN GLASS HANGING T-LIGHT;Decoracion
SINGLE HEART ZINC T-LIGHT HOLDER;Decoracion
HANGING METAL STAR LANTERN;Decoracion
SILVER HANGING T-LIGHT HOLDER;Decoracion
DOORMAT RED RETROSPOT;Decoracion
DOORMAT HEARTS;Decoracion
NATURAL SLATE RECTANGLE CHALKBOARD;Libreria y elementos escolares
LOVEBIRD HANGING DECORATION WHITE;Decoracion
PENS ASSORTED FUNNY FACE;Libreria y elementos escolares
CARD CIRCUS PARADE;Libreria y elementos escolares
WRAP COWBOYS;Otros
AIRLINE BAG VINTAGE TOKYO 78;Otros
SET OF 72 RETROSPOT PAPER DOILIES;Cocina
PLASTERS IN TIN SKULLS;Halloween
SLEEPING CAT ERASERS;Libreria y elementos escolares
CARD BIRTHDAY COWBOY;Libreria y elementos escolares
PACK 3 BOXES CHRISTMAS PANNETONE;Navidad
ROTATING SILVER ANGELS T-LIGHT HLDR;Decoracion
RIBBON REEL MAKING SNOWMEN;Navidad
4 TRADITIONAL SPINNING TOPS;Ninios, juegos y juguetes
BAG 500g SWIRLY MARBLES;Ninios, juegos y juguetes
5 STRAND GLASS NECKLACE CRYSTAL;Joyeria y accesorios
SQUARECUSHION COVER PINK UNION FLAG;Decoracion
SPACEBOY CHILDRENS EGG CUP;Ninios, juegos y juguetes
CHILDREN'S SPACEBOY MUG;Ninios, juegos y juguetes
FELTCRAFT CUSHION OWL;Decoracion
BLACK CANDELABRA T-LIGHT HOLDER;Decoracion
TOY TIDY DOLLY GIRL DESIGN;Ninios, juegos y juguetes
SET 12 LAVENDER BOTANICAL T-LIGHTS;Decoracion
UNION JACK FLAG LUGGAGE TAG;Joyeria y accesorios
RED HEART LUGGAGE TAG;Joyeria y accesorios
RED GLASS TASSLE BAG CHARM;Joyeria y accesorios
CLEAR ACRYLIC FACETED BANGLE;Joyeria y accesorios
DOORMAT UNION JACK GUNS AND ROSES;Decoracion
VANILLA SCENT CANDLE JEWELLED BOX;Decoracion
FULL ENGLISH BREAKFAST PLATE;Cocina
MAGIC DRAWING SLATE CIRCUS PARADE;Ninios, juegos y juguetes
CHRISTMAS HANGING HEART WITH BELL;Navidad
CAKE STAND VICTORIAN FILIGREE MED;Cocina
PAISLEY PATTERN STICKERS;Libreria y elementos escolares
FLOWERS STICKERS;Libreria y elementos escolares
BLACK LOVE BIRD CANDLE;Decoracion
PARTY TIME PENCIL ERASERS;Libreria y elementos escolares
PINK B'FLY C/COVER W BOBBLES;Decoracion
PINK UNION JACK LUGGAGE TAG;Joyeria y accesorios
6 RIBBONS ELEGANT CHRISTMAS;Navidad
AGED GLASS SILVER T-LIGHT HOLDER;Decoracion
BOOM BOX SPEAKER GIRLS;Ninios, juegos y juguetes
6 RIBBONS SHIMMERING PINKS;Decoracion
JUMBO BAG OWLS;Otros
OWL DOORSTOP;Decoracion
PAINTED METAL STAR WITH HOLLY BELLS;Navidad
PAINTED METAL HEART WITH HOLLY BELL;Navidad
ANGEL DECORATION STARS ON DRESS;Navidad
JUMBO BAG STRAWBERRY;Otros
STRAWBERRY SHOPPER BAG;Otros
ROUND SNACK BOXES SET OF 4 FRUITS;Cocina
ROUND SNACK BOXES SET OF 4 SKULLS;Halloween
DOLLY GIRL LUNCH BOX;Ninios, juegos y juguetes
GREEN POLKADOT PLATE;Cocina
BLUE POLKADOT PLATE;Cocina
RED RETROSPOT PLATE;Cocina
PINK POLKADOT PLATE;Cocina
FELTCRAFT DOLL MOLLY;Ninios, juegos y juguetes
FELTCRAFT CHRISTMAS FAIRY;Navidad
SET OF 3 NOTEBOOKS IN PARCEL;Libreria y elementos escolares
RED RETROSPOT TAPE;Libreria y elementos escolares
COSY SLIPPER SHOES SMALL RED;Otros
6 RIBBONS RUSTIC CHARM;Otros
12 DAISY PEGS IN WOOD BOX;Otros
5 HOOK HANGER RED MAGIC TOADSTOOL;Decoracion
CHRISTMAS CRAFT TREE TOP ANGEL;Navidad
CHRISTMAS CRAFT LITTLE FRIENDS;Navidad
COSY SLIPPER SHOES SMALL GREEN;Otros
FELTCRAFT DOLL ROSIE;Ninios, juegos y juguetes
FELTCRAFT DOLL EMILY;Ninios, juegos y juguetes
FELTCRAFT PRINCESS OLIVIA DOLL;Ninios, juegos y juguetes
REX CASH+CARRY JUMBO SHOPPER;Otros
FELTCRAFT CUSHION RABBIT;Decoracion
FELTCRAFT CUSHION BUTTERFLY;Decoracion
TOTE BAG I LOVE LONDON;Otros
FOLDING UMBRELLA PINKWHITE POLKADOT;Otros
FOLDING UMBRELLA CREAM POLKADOT;Otros
FOLDING UMBRELLA WHITE/RED POLKADOT;Otros
SET 10 LIGHTS NIGHT OWL;Decoracion
FOLDING UMBRELLA RED/WHITE POLKADOT;Otros
S/4 VALENTINE DECOUPAGE HEART BOX;San Valentin
SOLDIERS EGG CUP;Ninios, juegos y juguetes
RED RETROSPOT MINI CASES;Otros
60 CAKE CASES VINTAGE CHRISTMAS;Navidad
RIBBON REEL CHRISTMAS SOCK BAUBLE;Navidad
RIBBON REEL SNOWY VILLAGE;Navidad
SET OF 20 VINTAGE CHRISTMAS NAPKINS;Navidad
TURQUOISE CHRISTMAS TREE;Navidad
RED STAR CARD HOLDER;Decoracion
WICKER WREATH SMALL;Decoracion
ADVENT CALENDAR GINGHAM SACK;Navidad
FELTCRAFT BUTTERFLY HEARTS;Decoracion
PARTY CONE CHRISTMAS DECORATION;Navidad
WICKER STAR;Decoracion
VINTAGE SNAP CARDS;Ninios, juegos y juguetes
FELTCRAFT 6 FLOWER FRIENDS;Ninios, juegos y juguetes
BIRD DECORATION RED RETROSPOT;Decoracion
CHRISTMAS GINGHAM TREE;Navidad
CHRISTMAS GINGHAM STAR;Navidad
CHRISTMAS GINGHAM HEART;Navidad
PACK OF 12 PINK POLKADOT TISSUES;Otros
FELTCRAFT PRINCESS LOLA DOLL;Ninios, juegos y juguetes
PACK OF 12 LONDON TISSUES;Otros
PURPLE DRAWERKNOB ACRYLIC EDWARDIAN;Decoracion
CHILDREN'S APRON DOLLY GIRL;Ninios, juegos y juguetes
CHILDRENS APRON SPACEBOY DESIGN;Ninios, juegos y juguetes
CHRISTMAS LIGHTS 10 SANTAS;Navidad
PACK OF 60 MUSHROOM CAKE CASES;Cocina
60 CAKE CASES DOLLY GIRL DESIGN;Cocina
HAND WARMER BABUSHKA DESIGN;Otros
SET 12 RETRO WHITE CHALK STICKS;Libreria y elementos escolares
FELTCRAFT HAIRBAND RED AND BLUE;Ninios, juegos y juguetes
FELTCRAFT HAIRBAND PINK AND PURPLE;Ninios, juegos y juguetes
FELTCRAFT HAIRBANDS PINK AND WHITE;Ninios, juegos y juguetes
TV DINNER TRAY DOLLY GIRL;Ninios, juegos y juguetes
PLASTERS IN TIN VINTAGE PAISLEY;Otros
PLASTERS IN TIN SPACEBOY;Ninios, juegos y juguetes
PLASTERS IN TIN WOODLAND ANIMALS;Otros
MAGIC DRAWING SLATE SPACEBOY;Ninios, juegos y juguetes
MAGIC DRAWING SLATE GO TO THE FAIR;Ninios, juegos y juguetes
MAGIC DRAWING SLATE DOLLY GIRL;Ninios, juegos y juguetes
CHARLIE + LOLA RED HOT WATER BOTTLE;Ninios, juegos y juguetes
URBAN BLACK RIBBONS;Decoracion
SET OF 6 T-LIGHTS TOADSTOOLS;Decoracion
ROTATING LEAVES T-LIGHT HOLDER;Decoracion
CUPCAKE LACE PAPER SET 6;Cocina
TRADITIONAL WOODEN CATCH CUP GAME;Ninios, juegos y juguetes
S/6 WOODEN SKITTLES IN COTTON BAG;Ninios, juegos y juguetes
RED METAL BEACH SPADE;Ninios, juegos y juguetes
BOYS VINTAGE TIN SEASIDE BUCKET;Ninios, juegos y juguetes
GIRLS VINTAGE TIN SEASIDE BUCKET;Ninios, juegos y juguetes
GREY HEART HOT WATER BOTTLE;Otros
KINGS CHOICE TEA CADDY;Cocina
KINGS CHOICE BISCUIT TIN;Cocina
METAL SIGN EMPIRE TEA;Decoracion
FAWN BLUE HOT WATER BOTTLE;Otros
PACK OF 6 BIRDY GIFT TAGS;Otros
CERAMIC STRAWBERRY MONEY BOX;Decoracion
CERAMIC HEART FAIRY CAKE MONEY BANK;Decoracion
CERAMIC PIRATE CHEST MONEY BANK;Ninios, juegos y juguetes
DOORSTOP RETROSPOT HEART;Decoracion
RETROSPOT BABUSHKA DOORSTOP;Decoracion
SWEETHEART WIRE WALL TIDY;Decoracion
RED RETROSPOT OVEN GLOVE;Cocina
NAMASTE SWAGAT INCENSE;Decoracion
CERAMIC STRAWBERRY DESIGN MUG;Cocina
CLASSICAL ROSE SMALL VASE;Decoracion
HYACINTH BULB T-LIGHT CANDLES;Decoracion
CHRISTMAS CRAFT WHITE FAIRY;Navidad
COSY HOUR CIGAR BOX MATCHES;Otros
RED TEA TOWEL CLASSIC DESIGN;Cocina
HEART FILIGREE DOVE SMALL;Decoracion
RETROSPOT CHILDRENS APRON;Ninios, juegos y juguetes
COLOURING PENCILS BROWN TUBE;Libreria y elementos escolares
4 IVORY DINNER CANDLES SILVER FLOCK;Decoracion
ZINC METAL HEART DECORATION;Decoracion
GREEN FERN NOTEBOOK;Libreria y elementos escolares
BLUE PAISLEY NOTEBOOK;Libreria y elementos escolares
CHRYSANTHEMUM NOTEBOOK;Libreria y elementos escolares
LARGE CHINESE STYLE SCISSOR;Libreria y elementos escolares
SMALL CHINESE STYLE SCISSOR;Libreria y elementos escolares
HANGING GLASS ETCHED TEALIGHT;Decoracion
COOKING SET RETROSPOT;Cocina
KINGS CHOICE GIANT TUBE MATCHES;Otros
PLACE SETTING WHITE STAR;Decoracion
S/15 SILVER GLASS BAUBLES IN BAG;Navidad
FRENCH WC SIGN BLUE METAL;Decoracion
FAIRY SOAP SOAP HOLDER;Banio
GREEN GIANT GARDEN THERMOMETER;Decoracion
BLUE GIANT GARDEN THERMOMETER;Decoracion
VICTORIAN SEWING BOX SMALL;Otros
VICTORIAN SEWING BOX MEDIUM;Otros
SET/10 RED POLKADOT PARTY CANDLES;Decoracion
WASHROOM METAL SIGN;Decoracion
BLACK SWEETHEART BRACELET;Joyeria y accesorios
DIAMANTE HAIR GRIP PACK/2 BLACK DIA;Joyeria y accesorios
BLACK DIAMANTE EXPANDABLE RING;Joyeria y accesorios
DIAMANTE HAIR GRIP PACK/2 RUBY;Joyeria y accesorios
DIAMANTE HAIR GRIP PACK/2 MONTANA;Joyeria y accesorios
BLUE SWEETHEART BRACELET;Joyeria y accesorios
PINK SWEETHEART BRACELET;Joyeria y accesorios
PURPLE SWEETHEART BRACELET;Joyeria y accesorios
RIBBON REEL CHRISTMAS PRESENT;Navidad
FIRST AID TIN;Otros
MAKE YOUR OWN MONSOON CARD KIT;Libreria y elementos escolares
PACK OF 12 HEARTS DESIGN TISSUES;Otros
HEART FILIGREE DOVE LARGE;Decoracion
SWIRLY CIRCULAR RUBBERS IN BAG;Libreria y elementos escolares
VINTAGE PAISLEY STATIONERY SET;Libreria y elementos escolares
SET/10 BLUE POLKADOT PARTY CANDLES;Decoracion
RIBBON REEL SOCKS AND MITTENS;Otros
CHRISTMAS METAL TAGS ASSORTED;Navidad
CHRISTMAS TREE T-LIGHT HOLDER;Navidad
STAR T-LIGHT HOLDER;Decoracion
HEART T-LIGHT HOLDER;Decoracion
MINI FUNKY DESIGN TAPES;Libreria y elementos escolares
STAR WOODEN CHRISTMAS DECORATION;Navidad
WOODEN HEART CHRISTMAS SCANDINAVIAN;Navidad
CHRISTMAS RETROSPOT TREE WOOD;Navidad
SET/9 CHRISTMAS T-LIGHTS SCENTED;Navidad
BLUE ROSE FABRIC MIRROR;Decoracion
THREE CANVAS LUGGAGE TAGS;Joyeria y accesorios
RETROSPOT PARTY BAG + STICKER SET;Ninios, juegos y juguetes
RETROSPOT SMALL TUBE MATCHES;Otros
3D CHRISTMAS STAMPS STICKERS;Navidad
36 FOIL HEART CAKE CASES;Cocina
PACK OF 6 SWEETIE GIFT BOXES;Otros
CINAMMON SET OF 9 T-LIGHTS;Decoracion
ORANGE SCENTED SET/9 T-LIGHTS;Decoracion
RIBBON REEL STRIPES DESIGN;Decoracion
SET OF 2 TINS JARDIN DE PROVENCE;Otros
MAKE YOUR OWN PLAYTIME CARD KIT;Libreria y elementos escolares
DINOSAURS WRITING SET;Libreria y elementos escolares
SKULLS WRITING SET;Libreria y elementos escolares
DOORMAT BLACK FLOCK;Decoracion
CHRISTMAS DECOUPAGE CANDLE;Navidad
OFFICE MUG WARMER POLKADOT;Cocina
BLACK RECORD COVER FRAME;Decoracion
RECORD FRAME 7" SINGLE SIZE;Decoracion
36 PENCILS TUBE RED RETROSPOT;Libreria y elementos escolares
36 PENCILS TUBE WOODLAND;Libreria y elementos escolares
ROCKING HORSE RED CHRISTMAS;Navidad
REGENCY CAKESTAND 3 TIER;Cocina
VINTAGE UNION JACK BUNTING;Decoracion
RETRO LONGBOARD IRONING BOARD COVER;Otros
3D DOG PICTURE PLAYING CARDS;Ninios, juegos y juguetes
SAVE THE PLANET COTTON TOTE BAG;Otros
PAPER BUNTING WHITE LACE;Decoracion
GENTLEMAN SHIRT REPAIR KIT;Otros
CARD I LOVE LONDON;Libreria y elementos escolares
MIRRORED WALL ART FOXY;Decoracion
MIRRORED WALL ART GENTS;Decoracion
AIRLINE BAG VINTAGE JET SET WHITE;Otros
POTTING SHED SOW 'N' GROW SET;Otros
AIRLINE BAG VINTAGE WORLD CHAMPION;Otros
PINK HEARTS PAPER GARLAND;San Valentin
POTTING SHED SEED ENVELOPES;Otros
HI TEC ALPINE HAND WARMER;Otros
POLYESTER FILLER PAD 45x45cm;Otros
CARD DOLLY GIRL;Libreria y elementos escolares
CARD BILLBOARD FONT;Libreria y elementos escolares
RAINY LADIES BIRTHDAY CARD;Libreria y elementos escolares
RED WHITE SCARF HOT WATER BOTTLE;Otros
SET OF 2 TEA TOWELS APPLE AND PEARS;Cocina
LANTERN CREAM GAZEBO;Decoracion
BLUE BIRDHOUSE DECORATION;Decoracion
ANTIQUE SILVER TEA GLASS ENGRAVED;Cocina
SET OF 2 WOODEN MARKET CRATES;Decoracion
CLASSIC FRENCH STYLE BASKET NATURAL;Otros
CRAZY DAISY HEART DECORATION;Decoracion
CARD HOLDER GINGHAM HEART;Decoracion
SMALL STRIPES CHOCOLATE GIFT BAG;Otros
TRAY, BREAKFAST IN BED;Cocina
PIZZA PLATE IN BOX;Cocina
PINK HEART DOTS HOT WATER BOTTLE;Otros
PLACE SETTING WHITE HEART;Decoracion
SET OF 4 NAPKIN CHARMS LEAVES;Cocina
SET OF 4 NAPKIN CHARMS STARS;Cocina
SET OF 4 NAPKIN CHARMS CUTLERY;Cocina
CARAVAN SQUARE TISSUE BOX;Otros
BUTTON BOX;Otros
12 MESSAGE CARDS WITH ENVELOPES;Libreria y elementos escolares
SMALL RED BABUSHKA NOTEBOOK;Libreria y elementos escolares
HERB MARKER MINT;Cocina
HERB MARKER ROSEMARY;Cocina
HERB MARKER BASIL;Cocina
HERB MARKER CHIVES;Cocina
HERB MARKER PARSLEY;Cocina
HERB MARKER THYME;Cocina
METAL MERRY CHRISTMAS WREATH;Navidad
WHITE CHRISTMAS GARLAND STARS TREES;Navidad
RETROSPOT GIANT TUBE MATCHES;Otros
36 FOIL STAR CAKE CASES;Cocina
PACK OF 6 HANDBAG GIFT BOXES;Otros
GARLAND WOODEN HAPPY EASTER;Pascuas
CALENDAR PAPER CUT DESIGN;Libreria y elementos escolares
CALENDAR IN SEASON DESIGN;Libreria y elementos escolares
BLUE PAISLEY TISSUE BOX;Otros
PINK PAISLEY SQUARE TISSUE BOX;Otros
TOAST ITS - HAPPY BIRTHDAY;Libreria y elementos escolares
SET/10 IVORY POLKADOT PARTY CANDLES;Decoracion
SKULLS STORAGE BOX SMALL;Halloween
JUMBO STORAGE BAG SKULLS;Halloween
GARDEN PATH JOURNAL;Libreria y elementos escolares
BLACK ORANGE SQUEEZER;Cocina
SET OF 72 GREEN PAPER DOILIES;Cocina
RETROSPOT RED WASHING UP GLOVES;Cocina
SMALL LICORICE DES PINK BOWL;Cocina
SWISS ROLL TOWEL, CHOCOLATE SPOTS;Otros
PICNIC BASKET WICKER LARGE;Cocina
CREAM SWEETHEART EGG HOLDER;Cocina
PINK 3 PIECE POLKADOT CUTLERY SET;Cocina
PINK PARTY BAGS;Ninios, juegos y juguetes
BLUE PARTY BAGS;Ninios, juegos y juguetes
PINK CREAM FELT CRAFT TRINKET BOX;Decoracion
RED RETROSPOT OVEN GLOVE DOUBLE;Cocina
RIDGED GLASS STORAGE JAR CREAM LID;Cocina
PACK OF 20 NAPKINS PANTRY DESIGN;Cocina
SWEETHEART CAKESTAND 3 TIER;Cocina
CHRISTMAS HANGING STAR WITH BELL;Navidad
MULTICOLOUR CONFETTI IN TUBE;Decoracion
CHOCOLATE 3 WICK MORRIS BOX CANDLE;Decoracion
SET OF 16 VINTAGE PISTACHIO CUTLERY;Cocina
CHRISTMAS TOILET ROLL;Navidad
WHITE BELL HONEYCOMB PAPER;Decoracion
4 PURPLE FLOCK DINNER CANDLES;Decoracion
PINK & WHITE BREAKFAST TRAY;Cocina
ENGLISH ROSE SPIRIT LEVEL;Otros
LARGE ROUND WICKER PLATTER;Cocina
BLACK TEA TOWEL CLASSIC DESIGN;Cocina
CHRISTMAS LIGHTS 10 VINTAGE BAUBLES;Navidad
ROSES REGENCY TEACUP AND SAUCER;Cocina
T-LIGHT HOLDER HANGING LACE;Decoracion
HANGING HEART MIRROR DECORATION;Decoracion
CREAM SLICE FLANNEL CHOCOLATE SPOT;Otros
CREAM SLICE FLANNEL PINK SPOT;Otros
GREEN REGENCY TEACUP AND SAUCER;Cocina
EIGHT PIECE DINOSAUR SET;Ninios, juegos y juguetes
HEADS AND TAILS SPORTING FUN;Ninios, juegos y juguetes
ASS COL SMALL SAND GECKO P'WEIGHT;Otros
ENAMEL MEASURING JUG CREAM;Cocina
12 PENCILS SMALL TUBE SKULL;Libreria y elementos escolares
12 PENCIL SMALL TUBE WOODLAND;Libreria y elementos escolares
BLUE PAPER PARASOL;Otros
VICTORIAN METAL POSTCARD SPRING;Libreria y elementos escolares
METAL 4 HOOK HANGER FRENCH CHATEAU;Decoracion
BLACK KITCHEN SCALES;Cocina
RED KITCHEN SCALES;Cocina
IVORY KITCHEN SCALES;Cocina
MULTI COLOUR SILVER T-LIGHT HOLDER;Decoracion
3 HOOK HANGER MAGIC GARDEN;Decoracion
ASSORTED COLOUR LIZARD SUCTION HOOK;Decoracion
JUMBO BAG WOODLAND ANIMALS;Ninios, juegos y juguetes
CHILDREN'S CIRCUS PARADE MUG;Ninios, juegos y juguetes
PACK 3 FIRE ENGINE/CAR PATCHES;Ninios, juegos y juguetes
CARD PSYCHEDELIC APPLES;Libreria y elementos escolares
IVORY ENCHANTED FOREST PLACEMAT;Cocina
PACK OF 6 PANNETONE GIFT BOXES;Cocina
MEASURING TAPE BABUSHKA RED;Otros
RED ENCHANTED FOREST PLACEMAT;Cocina
CHILDRENS DOLLY GIRL MUG;Ninios, juegos y juguetes
TOADSTOOL MONEY BOX;Decoracion
MAKE YOUR OWN FLOWERPOWER CARD KIT;Libreria y elementos escolares
PAPER CHAIN KIT LONDON;Decoracion
MEASURING TAPE BABUSHKA BLUE;Otros
PENCIL CASE LIFE IS BEAUTIFUL;Libreria y elementos escolares
WOODEN ROUNDERS GARDEN SET;Ninios, juegos y juguetes
CHILDS BREAKFAST SET DOLLY GIRL;Ninios, juegos y juguetes
CHILDS BREAKFAST SET SPACEBOY;Ninios, juegos y juguetes
CAKE PLATE LOVEBIRD WHITE;Cocina
WOODEN ADVENT CALENDAR RED;Navidad
GREEN CHRISTMAS TREE CARD HOLDER;Navidad
STRING OF STARS CARD HOLDER;Decoracion
SET/12 TAPER CANDLES;Decoracion
MINT KITCHEN SCALES;Cocina
WHITE WOOD GARDEN PLANT LADDER;Decoracion
GLASS JAR ENGLISH CONFECTIONERY;Cocina
GLASS JAR DIGESTIVE BISCUITS;Cocina
MILK BOTTLE WITH GLASS STOPPER;Cocina
WELCOME WOODEN BLOCK LETTERS;Decoracion
SET/4 MODERN VINTAGE COTTON NAPKINS;Cocina
VINTAGE UNION JACK APRON;Cocina
SWALLOW SQUARE TISSUE BOX;Otros
NO JUNK MAIL METAL SIGN;Decoracion
SLATE TILE NATURAL HANGING;Decoracion
VINTAGE GLASS COFFEE CADDY;Cocina
SILVER GLASS T-LIGHT SET;Decoracion
RIDGED GLASS FINGER BOWL;Cocina
GLASS BEURRE DISH;Cocina
GIN & TONIC DIET GREETING CARD;Libreria y elementos escolares
BIRTHDAY CARD, RETRO SPOT;Libreria y elementos escolares
WRAP RED APPLES;Otros
RED RETROSPOT WRAP;Otros
WRAP CHRISTMAS SCREEN PRINT;Navidad
FANCY FONTS BIRTHDAY WRAP;Otros
CLASSIC WHITE FRAME;Decoracion
BLACK DINER WALL CLOCK;Decoracion
DOORMAT PEACE ON EARTH BLUE;Decoracion
BOX OF 24 COCKTAIL PARASOLS;Otros
GROW YOUR OWN PLANT IN A CAN;Otros
PLASTERS IN TIN CIRCUS PARADE;Ninios, juegos y juguetes
PLASTERS IN TIN STRONGMAN;Otros
MINI JIGSAW DINOSAUR;Ninios, juegos y juguetes
MINI JIGSAW BAKE A CAKE;Ninios, juegos y juguetes
MINI JIGSAW DOLLY GIRL;Ninios, juegos y juguetes
WOODEN SCHOOL COLOURING SET;Libreria y elementos escolares
PACK OF 12 TRADITIONAL CRAYONS;Libreria y elementos escolares
CARD PARTY GAMES;Libreria y elementos escolares
BOOZE & WOMEN GREETING CARD;Libreria y elementos escolares
PACK OF 12 SUKI TISSUES;Otros
PACK OF 12 WOODLAND TISSUES;Otros
PACK OF 12 SKULL TISSUES;Halloween
PACK OF 12 BLUE PAISLEY TISSUES;Otros
PACK OF 12 CIRCUS PARADE TISSUES;Ninios, juegos y juguetes
PACK OF 12 SPACEBOY TISSUES;Ninios, juegos y juguetes
LADS ONLY TISSUE BOX;Otros
RED RETROSPOT TISSUE BOX;Otros
PACK OF 12 PINK PAISLEY TISSUES;Otros
GINGERBREAD MAN COOKIE CUTTER;Cocina
GIN AND TONIC MUG;Cocina
IF YOU CAN'T STAND THE HEAT MUG;Cocina
I CAN ONLY PLEASE ONE PERSON MUG;Cocina
PINK HEART SHAPE EGG FRYING PAN;Cocina
200 RED + WHITE BENDY STRAWS;Cocina
RECIPE BOX RETROSPOT;Cocina
RECIPE BOX PANTRY YELLOW DESIGN;Cocina
RECIPE BOX BLUE SKETCHBOOK DESIGN;Cocina
20 DOLLY PEGS RETROSPOT;Otros
NO SINGING METAL SIGN;Decoracion
BISCUIT TIN VINTAGE RED;Cocina
EMERGENCY FIRST AID TIN;Otros
POLKADOT PEN;Libreria y elementos escolares
DECORATIVE PLANT POT WITH FRIEZE;Decoracion
FRENCH BLUE METAL DOOR SIGN 5;Decoracion
CHEST OF DRAWERS GINGHAM HEART;Decoracion
RED RETROSPOT CAKE STAND;Cocina
JOY WOODEN BLOCK LETTERS;Decoracion
NOEL WOODEN BLOCK LETTERS;Navidad
PEACE WOODEN BLOCK LETTERS;Decoracion
OFFICE MUG WARMER BLACK+SILVER;Cocina
SET OF 2 CHRISTMAS DECOUPAGE CANDLE;Navidad
COSMETIC BAG VINTAGE ROSE PAISLEY;Maquillaje
PINK ROSE FABRIC MIRROR;Decoracion
SILVER PLATE CANDLE BOWL SMALL;Decoracion
SMALL REGAL SILVER CANDLEPOT;Decoracion
ANTIQUE TALL SWIRLGLASS TRINKET POT;Decoracion
ANTIQUE GLASS PEDESTAL BOWL;Decoracion
GUMBALL MAGAZINE RACK;Decoracion
RED FLOWER CROCHET FOOD COVER;Cocina
CHERRY CROCHET FOOD COVER;Cocina
STRAWBERRY RAFFIA FOOD COVER;Cocina
POLKA DOT RAFFIA FOOD COVER;Cocina
DOORMAT SPOTTY HOME SWEET HOME;Decoracion
T-LIGHT GLASS FLUTED ANTIQUE;Decoracion
SILVER CANDLEPOT JARDIN;Decoracion
POLKADOT MUG PINK;Cocina
PAPER BUNTING COLOURED LACE;Decoracion
ANTIQUE GLASS HEART DECORATION;Decoracion
SET OF 6 KASHMIR FOLKART BAUBLES;Navidad
CHRISTMAS RETROSPOT ANGEL WOOD;Navidad
CHRISTMAS RETROSPOT STAR WOOD;Navidad
HEART WOODEN CHRISTMAS DECORATION;Navidad
LARGE HANGING IVORY & RED WOOD BIRD;Decoracion
SMALL HANGING IVORY/RED WOOD BIRD;Decoracion
GRAND CHOCOLATECANDLE;Decoracion
FAIRY CAKE BIRTHDAY CANDLE SET;Decoracion
3 HOOK PHOTO SHELF ANTIQUE WHITE;Decoracion
CREAM SWEETHEART WALL CABINET;Decoracion
DOORMAT ENGLISH ROSE;Decoracion
DOORMAT UNION FLAG;Decoracion
ROMANTIC IMAGES NOTEBOOK SET;Libreria y elementos escolares
CURIOUS IMAGES NOTEBOOK SET;Libreria y elementos escolares
VINTAGE KEEPSAKE BOX PARIS DAYS;Decoracion
RED GINGHAM ROSE JEWELLERY BOX;Joyeria y accesorios
BLUE CHARLIE+LOLA PERSONAL DOORSIGN;Ninios, juegos y juguetes
CHARLIE+LOLA"EXTREMELY BUSY" SIGN;Ninios, juegos y juguetes
CHARLOTTE BAG SUKI DESIGN;Otros
LOLITA DESIGN COTTON TOTE BAG;Otros
LETS GO SHOPPING COTTON TOTE BAG;Otros
PAINT YOUR OWN CANVAS SET;Libreria y elementos escolares
CAMOUFLAGE LED TORCH;Otros
BLUE DRAGONFLY HELICOPTER;Ninios, juegos y juguetes
YELLOW SHARK HELICOPTER;Ninios, juegos y juguetes
RED SHARK HELICOPTER;Ninios, juegos y juguetes
TOOL BOX SOFT TOY;Ninios, juegos y juguetes
DOCTOR'S BAG SOFT TOY;Ninios, juegos y juguetes
JUMBO BAG SCANDINAVIAN PAISLEY;Otros
JUMBO BAG TOYS;Ninios, juegos y juguetes
PAINTED LIGHTBULB STAR+ MOON;Decoracion
BLUE TEA TOWEL CLASSIC DESIGN;Cocina
SET 12 KIDS WHITE CHALK STICKS;Libreria y elementos escolares
CHRISTMAS MUSICAL ZINC STAR;Navidad
CHRISTMAS MUSICAL ZINC HEART;Navidad
DOVE DECORATION PAINTED ZINC;Decoracion
UNION STRIPE WITH FRINGE HAMMOCK;Otros
FOLKART ZINC HEART CHRISTMAS DEC;Navidad
SKULLS AND CROSSBONES WRAP;Halloween
POLYESTER FILLER PAD 45x30cm;Otros
POLYESTER FILLER PAD 40x40cm;Otros
PINK FLOWER FABRIC PONY;Ninios, juegos y juguetes
BIRTHDAY PARTY CORDON BARRIER TAPE;Otros
CAMOUFLAGE DESIGN TEDDY;Ninios, juegos y juguetes
TV DINNER TRAY AIR HOSTESS;Cocina
SUKI SHOULDER BAG;Otros
BLUE SPOT CERAMIC DRAWER KNOB;Decoracion
CUSHION COVER PINK UNION JACK;Decoracion
CREAM SWEETHEART LETTER RACK;Decoracion
FOUR HOOK WHITE LOVEBIRDS;Decoracion
FRENCH BLUE METAL DOOR SIGN 3;Decoracion
FRENCH BLUE METAL DOOR SIGN No;Decoracion
SET OF 3 BABUSHKA STACKING TINS;Ninios, juegos y juguetes
SMALL PURPLE BABUSHKA NOTEBOOK;Libreria y elementos escolares
CHERRY BLOSSOM PASSPORT COVER;Joyeria y accesorios
SMALL YELLOW BABUSHKA NOTEBOOK;Libreria y elementos escolares
RETRO MOD TRAY;Cocina
SWEETHEART WIRE MAGAZINE RACK;Decoracion
CARDHOLDER HOLLY WREATH METAL;Navidad
SILVER CHRISTMAS TREE BAUBLE STAND;Navidad
SWEETHEART RECIPE BOOK STAND;Cocina
OVERNIGHT BAG VINTAGE ROSE PAISLEY;Otros
ANT WHITE WIRE HEART SPIRAL;Decoracion
FEATHER PEN,COAL BLACK;Libreria y elementos escolares
FEATHER PEN,LIGHT PINK;Libreria y elementos escolares
FEATHER PEN,HOT PINK;Libreria y elementos escolares
DOORMAT AIRMAIL;Decoracion
NUMBER TILE COTTAGE GARDEN 8;Decoracion
DOORMAT 3 SMILEY CATS;Decoracion
BREAD BIN DINER STYLE IVORY;Cocina
BREAD BIN DINER STYLE RED;Cocina
MAGNETS PACK OF 4 VINTAGE COLLAGE;Decoracion
MAGNETS PACK OF 4 HOME SWEET HOME;Decoracion
MAGNETS PACK OF 4 CHILDHOOD MEMORY;Decoracion
ART LIGHTS,FUNK MONKEY;Decoracion
MINI CAKE STAND WITH HANGING CAKES;Cocina
CERAMIC CAKE STAND + HANGING CAKES;Cocina
SWEETHEART CERAMIC TRINKET BOX;Decoracion
SET OF 4 FAIRY CAKE PLACEMATS;Cocina
OFFICE MUG WARMER PINK;Cocina
OFFICE MUG WARMER CHOC+BLUE;Cocina
PLEASE ONE PERSON METAL SIGN;Decoracion
GLITTER CHRISTMAS HEART;Navidad
CIRCUS PARADE CHILDRENS EGG CUP;Ninios, juegos y juguetes
RED STRIPE CERAMIC DRAWER KNOB;Decoracion
NURSERY A,B,C PAINTED LETTERS;Libreria y elementos escolares
SET OF 2 ROUND TINS DUTCH CHEESE;Cocina
GREEN GEISHA GIRL;Otros
BLUE GEISHA GIRL;Otros
NEWSPAPER STAND;Decoracion
CINAMMON & ORANGE WREATH;Navidad
LARGE WHITE HONEYCOMB PAPER BELL;Decoracion
WOOD STOCKING CHRISTMAS SCANDISPOT;Navidad
SET OF 4 NAPKIN CHARMS HEARTS;Cocina
WOODEN TREE CHRISTMAS SCANDINAVIAN;Navidad
ROCKING HORSE GREEN CHRISTMAS;Navidad
CHRISTMAS HANGING TREE WITH BELL;Navidad
JINGLE BELLS TREE DECORATION;Navidad
SET OF 4 NAPKIN CHARMS 3 KEYS;Cocina
SET OF 4 NAPKIN CHARMS INSTRUMENT;Cocina
SET OF 4 NAPKIN CHARMS CROWNS;Cocina
SWALLOW WOODEN CHRISTMAS DECORATION;Navidad
GLITTER CHRISTMAS TREE;Navidad
GARLAND WITH STARS AND BELLS;Navidad
CHRISTMAS GARLAND STARS,TREES;Navidad
SWISS CHALET TREE DECORATION;Navidad
BIRD BOX CHRISTMAS TREE DECORATION;Navidad
WOODEN ADVENT CALENDAR CREAM;Navidad
CARD MOTORBIKE SANTA;Navidad
CARD CHRISTMAS VILLAGE;Navidad
DOORMAT I LOVE LONDON;Decoracion
WOOD AND GLASS MEDICINE CABINET;Otros
MA CAMPAGNE CUTLERY BOX;Cocina
YULETIDE IMAGES GIFT WRAP SET;Navidad
WICKER WREATH LARGE;Decoracion
TABLE LAMP WHITE SHADE WOOD BASE;Decoracion
SMALL FOLKART STAR CHRISTMAS DEC;Navidad
SMALLFOLKART BAUBLE CHRISTMAS DEC;Navidad
SMALL HANGING GLASS+ZINC LANTERN;Decoracion
SET/3 CHRISTMAS DECOUPAGE CANDLES;Navidad
PINK/WHITE CHRISTMAS TREE 60CM;Navidad
GREEN CHRISTMAS TREE STRING 20LIGHT;Navidad
EUCALYPTUS & PINECONE WREATH;Decoracion
CHRISTMAS PUDDING TRINKET POT;Navidad
BLACK CHRISTMAS TREE 60CM;Navidad
15CM CHRISTMAS GLASS BALL 20 LIGHTS;Navidad
CARDHOLDER GINGHAM STAR;Decoracion
WOODEN STAR CHRISTMAS SCANDINAVIAN;Navidad
FINE WICKER HEART;Decoracion
UNION JACK FLAG PASSPORT COVER;Joyeria y accesorios
EDWARDIAN PARASOL PINK;Otros
S/4 CACTI CANDLES;Decoracion
PINK MARSHMALLOW SCARF KNITTING KIT;Otros
6 CHOCOLATE LOVE HEART T-LIGHTS;San Valentin
PINK BLUE FELT CRAFT TRINKET BOX;Decoracion
TOAST ITS - BEST MUM;Libreria y elementos escolares
3 TRADITIONAL COOKIE CUTTERS SET;Cocina
CHILDRENS SPACEBOY MUG;Ninios, juegos y juguetes
MIRRORED WALL ART SKULLS;Halloween
MIRRORED WALL ART STARS;Decoracion
CHARLIE+LOLA PINK HOT WATER BOTTLE;Ninios, juegos y juguetes
CHARLIE+LOLA RED HOT WATER BOTTLE;Ninios, juegos y juguetes
COWBOYS AND INDIANS BIRTHDAY CARD;Libreria y elementos escolares
RING OF ROSES BIRTHDAY CARD;Libreria y elementos escolares
ALARM CLOCK BAKELIKE CHOCOLATE;Decoracion
CERAMIC CAKE DESIGN SPOTTED MUG;Cocina
LIPSTICK PEN FUSCHIA;Maquillaje
BROCADE RING PURSE;Joyeria y accesorios
GREEN 3 PIECE POLKADOT CUTLERY SET;Cocina
PAINTED METAL PEARS ASSORTED;Decoracion
COLOUR GLASS. STAR T-LIGHT HOLDER;Decoracion
SWALLOWS GREETING CARD;Libreria y elementos escolares
LADLE LOVE HEART PINK;Cocina
LETTER "M" BLING KEY RING;Joyeria y accesorios
LETTER "V" BLING KEY RING;Joyeria y accesorios
LETTER "S" BLING KEY RING;Joyeria y accesorios
LETTER "J" BLING KEY RING;Joyeria y accesorios
WALL TIDY RETROSPOT;Decoracion
BINGO SET;Ninios, juegos y juguetes
KIDS RAIN MAC PINK;Ninios, juegos y juguetes
RED RETROSPOT CUP;Cocina
SQUARE FLOOR CUSHION VINTAGE RED;Decoracion
SET/3 VANILLA SCENTED CANDLE IN BOX;Decoracion
SET OF 2 TINS VINTAGE BATHROOM;Otros
BLUE DIAMANTE PEN IN GIFT BOX;Libreria y elementos escolares
36 PENCILS TUBE SKULLS;Libreria y elementos escolares
GREEN FERN JOURNAL;Libreria y elementos escolares
RIBBON REEL FLORA + FAUNA;Decoracion
BLACK EAR MUFF HEADPHONES;Otros
RED POLKADOT COFFEE MUG;Cocina
EMPIRE UNION JACK TV DINNER TRAY;Cocina
ASSORTED TUTTI FRUTTI MIRROR;Joyeria y accesorios
SET OF 4 ROSE BOTANICAL CANDLES;Decoracion
FELT EGG COSY BLUE RABBIT;Pascuas
LOVE HEART SOCK HANGER;Otros
SCOTTIES CHILDRENS APRON;Ninios, juegos y juguetes
CHILDS GARDEN BRUSH PINK;Ninios, juegos y juguetes
LADYBIRD + BEE RAFFIA FOOD COVER;Cocina
HOME SWEET HOME MUG;Cocina
CHILDRENS GARDEN GLOVES BLUE;Ninios, juegos y juguetes
CHRYSANTHEMUM SKETCHBOOK;Libreria y elementos escolares
BAG 250g SWIRLY MARBLES;Ninios, juegos y juguetes
BAG 125g SWIRLY MARBLES;Ninios, juegos y juguetes
ROSE 3 WICK MORRIS BOX CANDLE;Decoracion
ROSE SCENT CANDLE JEWELLED DRAWER;Decoracion
RED RETROSPOT CHILDRENS UMBRELLA;Ninios, juegos y juguetes
WHITE BAMBOO RIBS LAMPSHADE;Decoracion
FOLDING UMBRELLA CHOCOLATE POLKADOT;Otros
CAKE STAND LOVEBIRD 2 TIER WHITE;Cocina
3 GARDENIA MORRIS BOXED CANDLES;Decoracion
SET/4 GARDEN ROSE DINNER CANDLE;Decoracion
GOLD PRINT PAPER BAG;Otros
WOODEN HAPPY BIRTHDAY GARLAND;Decoracion
SET/4 BADGES CUTE CREATURES;Ninios, juegos y juguetes
BLUE PAISLEY POCKET BOOK;Libreria y elementos escolares
PORCELAIN ROSE LARGE;Decoracion
PORCELAIN ROSE SMALL;Decoracion
BAKING SET SPACEBOY DESIGN;Ninios, juegos y juguetes
SOAP DISH BROCANTE;Banio
FLUTED ANTIQUE CANDLE HOLDER;Decoracion
PEACE SMALL WOOD LETTERS;Decoracion
RED RETROSPOT APRON;Cocina
TEA TIME KITCHEN APRON;Cocina
FELTCRAFT DOLL MARIA;Ninios, juegos y juguetes
PARTY METAL SIGN;Decoracion
VINTAGE CREAM 3 BASKET CAKE STAND;Cocina
CHRISTMAS RETROSPOT HEART WOOD;Navidad
DOORMAT RESPECTABLE HOUSE;Decoracion
MEMO BOARD RETROSPOT DESIGN;Decoracion
PINK/YELLOW FLOWERS HANDBAG;Joyeria y accesorios
CHARLIE+LOLA MY ROOM DOOR SIGN;Ninios, juegos y juguetes
SALLE DE BAIN HOOK;Decoracion
CHRISTMAS CARD STACK OF PRESENTS;Navidad
SET 12 KIDS COLOUR CHALK STICKS;Libreria y elementos escolares
SPACEBOY BIRTHDAY CARD;Libreria y elementos escolares
ROBOT BIRTHDAY CARD;Libreria y elementos escolares
JOY LARGE WOOD LETTERS;Decoracion
WORLD WAR 2 GLIDERS ASSTD DESIGNS;Ninios, juegos y juguetes
CHILDRENS APRON APPLES DESIGN;Cocina
ENCHANTED BIRD COATHANGER 5 HOOK;Decoracion
TOAST ITS - FAIRY FLOWER;Libreria y elementos escolares
CACTI T-LIGHT CANDLES;Decoracion
HANGING BAUBLE T-LIGHT HOLDER SMALL;Decoracion
12 PENCILS SMALL TUBE RED RETROSPOT;Libreria y elementos escolares
BALLOON WATER BOMB PACK OF 35;Ninios, juegos y juguetes
BALLOON PUMP WITH 10 BALLOONS;Ninios, juegos y juguetes
ALPHABET STENCIL CRAFT;Libreria y elementos escolares
3 TRADITIONAl BISCUIT CUTTERS SET;Cocina
IVORY PAPER CUP CAKE CASES;Cocina
PARTY INVITES WOODLAND;Libreria y elementos escolares
PARTY INVITES BALLOON GIRL;Libreria y elementos escolares
LOVELY BONBON STICKER SHEET;Libreria y elementos escolares
SWEET PUDDING STICKER SHEET;Libreria y elementos escolares
ASSTD DESIGN 3D PAPER STICKERS;Libreria y elementos escolares
CUTE CATS TAPE;Libreria y elementos escolares
TOOTHPASTE TUBE PEN;Libreria y elementos escolares
MAGIC DRAWING SLATE PURDEY;Ninios, juegos y juguetes
PACK OF 12 COLOURED PENCILS;Libreria y elementos escolares
TOAST ITS - I LOVE YOU;San Valentin
BANK ACCOUNT GREETING CARD;Libreria y elementos escolares
EMPIRE BIRTHDAY CARD;Libreria y elementos escolares
TEA PARTY BIRTHDAY CARD;Libreria y elementos escolares
CARD CAT AND TREE;Libreria y elementos escolares
CARD DOG AND BALL;Libreria y elementos escolares
PENNY FARTHING BIRTHDAY CARD;Libreria y elementos escolares
BLUE STRIPE CERAMIC DRAWER KNOB;Decoracion
RED SPOT CERAMIC DRAWER KNOB;Decoracion
WHITE SPOT BLUE CERAMIC DRAWER KNOB;Decoracion
HOOK, 1 HANGER ,MAGIC GARDEN;Decoracion
EMBOSSED GLASS TEALIGHT HOLDER;Decoracion
WATERING CAN PINK BUNNY;Ninios, juegos y juguetes
WATERING CAN GREEN DINOSAUR;Ninios, juegos y juguetes
WATERING CAN BLUE ELEPHANT;Ninios, juegos y juguetes
FLYING PIG WATERING CAN;Decoracion
VINTAGE BILLBOARD TEA MUG;Cocina
VINTAGE BILLBOARD MUG;Cocina
LIPSTICK PEN RED;Maquillaje
FRENCH BLUE METAL DOOR SIGN 1;Decoracion
FRENCH BATHROOM SIGN BLUE METAL;Decoracion
YELLOW GIANT GARDEN THERMOMETER;Decoracion
CAKESTAND, 3 TIER, LOVEHEART;Cocina
GLASS BELL JAR SMALL;Decoracion
GLASS BELL JAR LARGE;Decoracion
WATERING CAN GARDEN MARKER;Otros
KINGS CHOICE MUG;Cocina
FRIDGE MAGNETS LA VIE EN ROSE;Decoracion
RED RETROSPOT ROUND CAKE TINS;Cocina
COFFEE MUG CAT + BIRD DESIGN;Cocina
PIN CUSHION BABUSHKA PINK;Otros
BROCANTE SHELF WITH HOOKS;Decoracion
GREEN POLKADOT BOWL;Cocina
RED RETROSPOT BOWL;Cocina
AREA PATROLLED METAL SIGN;Decoracion
PICTURE FRAME WOOD TRIPLE PORTRAIT;Decoracion
SKULLS STICKERS;Halloween
SET3 BOOK BOX GREEN GINGHAM FLOWER;Decoracion
POTTING SHED TEA MUG;Cocina
ROUND CAKE TIN VINTAGE RED;Cocina
RETRO PLASTIC ELEPHANT TRAY;Cocina
GOLD MINI TAPE MEASURE;Otros
RAINBOW PEGS PHOTO CLIP STRING;Decoracion
TEATIME PEN CASE & PENS;Libreria y elementos escolares
PHOTO FRAME 3 CLASSIC HANGING;Decoracion
3D TRADITIONAL CHRISTMAS STICKERS;Navidad
TRADITIONAL MODELLING CLAY;Ninios, juegos y juguetes
SEASIDE FLYING DISC;Ninios, juegos y juguetes
PEG BAG APPLES DESIGN;Otros
GREY FLORAL FELTCRAFT SHOULDER BAG;Otros
CHARLIE LOLA BLUE HOT WATER BOTTLE;Ninios, juegos y juguetes
SET/3 RED GINGHAM ROSE STORAGE BOX;Decoracion
GLASS HEART T-LIGHT HOLDER;Decoracion
TEA TIME PARTY BUNTING;Decoracion
WOODEN UNION JACK BUNTING;Decoracion
PAPER BUNTING RETROSPOT;Decoracion
SMALL WHITE RETROSPOT MUG IN BOX;Cocina
SMALL RED RETROSPOT MUG IN BOX;Cocina
SET 3 RETROSPOT TEA,COFFEE,SUGAR;Cocina
12 PENCILS TALL TUBE RED RETROSPOT;Libreria y elementos escolares
RED RETROSPOT PUDDING BOWL;Cocina
RED RETROSPOT TRADITIONAL TEAPOT;Cocina
DAIRY MAID PUDDING BOWL;Cocina
ASSORTED CAKES FRIDGE MAGNETS;Decoracion
FOOD CONTAINER SET 3 LOVE HEART;Cocina
DO NOT TOUCH MY STUFF DOOR HANGER;Otros
MOODY GIRL DOOR HANGER;Otros
KEEP OUT BOYS DOOR HANGER;Otros
MOODY BOY DOOR HANGER;Otros
FILIGRIS HEART WITH BUTTERFLY;Decoracion
HEART DECORATION PAINTED ZINC;Decoracion
DECORATION HEN ON NEST, HANGING;Decoracion
HEN HOUSE DECORATION;Decoracion
PACK OF 12 STICKY BUNNIES;Ninios, juegos y juguetes
MINI WOODEN HAPPY BIRTHDAY GARLAND;Decoracion
PINK HAPPY BIRTHDAY BUNTING;Decoracion
BLUE HAPPY BIRTHDAY BUNTING;Decoracion
WOOD STAMP SET BEST WISHES;Libreria y elementos escolares
WOOD STAMP SET HAPPY BIRTHDAY;Libreria y elementos escolares
WOOD STAMP SET THANK YOU;Libreria y elementos escolares
GLAMOROUS MUG;Cocina
CREAM WALL PLANTER HEART SHAPED;Decoracion
JUMBO BAG SPACEBOY DESIGN;Ninios, juegos y juguetes
RED FLORAL FELTCRAFT SHOULDER BAG;Otros
PINK FLORAL FELTCRAFT SHOULDER BAG;Otros
AIRLINE BAG VINTAGE JET SET RED;Otros
AIRLINE BAG VINTAGE JET SET BROWN;Otros
COSY SLIPPER SHOES LARGE GREEN;Otros
WHITE JEWELLED HEART DECORATION;Decoracion
IVORY HANGING DECORATION HEART;Decoracion
STRIPEY CHOCOLATE NESTING BOXES;Cocina
CHRISTMAS TREE STAR DECORATION;Navidad
CHRISTMAS TREE DECORATION WITH BELL;Navidad
CHINESE DRAGON PAPER LANTERNS;Decoracion
MILK PAN PINK POLKADOT;Cocina
BOOM BOX SPEAKER BOYS;Ninios, juegos y juguetes
PINK FAIRY CAKE CHILDRENS APRON;Ninios, juegos y juguetes
SMALL PINK MAGIC CHRISTMAS TREE;Navidad
SET OF 4 FAIRY CAKE PLACEMATS;Cocina
RECYCLED PENCIL WITH RABBIT ERASER;Libreria y elementos escolares
BLUE CALCULATOR RULER;Libreria y elementos escolares
RED FLOCK LOVE HEART PHOTO FRAME;San Valentin
SCENTED CANDLE IN DIGITALIS TIN;Decoracion
GROW YOUR OWN FLOWERS SET OF 3;Otros
RED HEART SHAPE LOVE BUCKET;San Valentin
VINTAGE POST OFFICE CABINET;Decoracion
SET OF 6 3D KIT CARDS FOR KIDS;Ninios, juegos y juguetes
CLEAR MILKSHAKE GLASS;Cocina
RED BABY BUNTING;Ninios, juegos y juguetes
BIRDS MOBILE VINTAGE DESIGN;Decoracion
WOODLAND HEIGHT CHART STICKERS;Ninios, juegos y juguetes
DINOSAUR LUNCH BOX WITH CUTLERY;Ninios, juegos y juguetes
RED SPOTTY BISCUIT TIN;Cocina
CHARLIE + LOLA BISCUITS TINS;Ninios, juegos y juguetes
CHARLIE AND LOLA TABLE TINS;Ninios, juegos y juguetes
CHARLIE AND LOLA FIGURES TINS;Ninios, juegos y juguetes
CAKE STAND WHITE TWO TIER LACE;Cocina
BLUE POLKADOT BOWL;Cocina
PINK POLKADOT CUP;Cocina
SKULL AND CROSSBONES GARLAND;Halloween
PACK OF 6 SKULL PAPER CUPS;Halloween
PACK OF 6 SKULL PAPER PLATES;Halloween
PACK OF 20 SKULL PAPER NAPKINS;Halloween
200 BENDY SKULL STRAWS;Halloween
SKULLS PARTY BAG + STICKER SET;Halloween
SET OF 9 BLACK SKULL BALLOONS;Halloween
STRAWBERRY HONEYCOMB GARLAND;Decoracion
PINK POLKADOT BOWL;Cocina
SET OF 6 T-LIGHTS WEDDING CAKE;Decoracion
MINI CAKE STAND T-LIGHT HOLDER;Decoracion
ROUND CAKE TIN VINTAGE GREEN;Cocina
BLACK TEA,COFFEE,SUGAR JARS;Cocina
SHOE SHINE BOX;Otros
BREAD BIN DINER STYLE MINT;Cocina
VANILLA INCENSE 40 CONES IN TIN;Decoracion
LAVENDER INCENSE 40 CONES IN TIN;Decoracion
COLUMBIAN CANDLE ROUND;Decoracion
COLUMBIAN CANDLE RECTANGLE;Decoracion
ZINC FINISH 15CM PLANTER POTS;Decoracion
SMALL SQUARE CUT GLASS CANDLESTICK;Decoracion
SILK PURSE BABUSHKA BLUE;Joyeria y accesorios
ARMY CAMO BOOKCOVER TAPE;Libreria y elementos escolares
CARROT CHARLIE+LOLA COASTER SET;Ninios, juegos y juguetes
MEMO BOARD COTTAGE DESIGN;Decoracion
CHILDS GARDEN SPADE BLUE;Ninios, juegos y juguetes
LOVE HEART NAPKIN BOX;Cocina
SKULLS GREETING CARD;Halloween
HANGING CHICK YELLOW DECORATION;Pascuas
SET OF 72 SKULL PAPER DOILIES;Halloween
SET OF 36 PAISLEY FLOWER DOILIES;Decoracion
SPACEBOY GIFT WRAP;Ninios, juegos y juguetes
BLUE GLASS CHUNKY CHARM BRACELET;Joyeria y accesorios
BLACK+WHITE NECKLACE W TASSEL;Joyeria y accesorios
AMBER CHUNKY GLASS+BEAD NECKLACE;Joyeria y accesorios
POPPY'S PLAYHOUSE LIVINGROOM;Ninios, juegos y juguetes
GINGHAM ROSE WRAP;Otros
12 PENCILS TALL TUBE POSY;Libreria y elementos escolares
12 COLOURED PARTY BALLOONS;Ninios, juegos y juguetes
PINK FLOWER CROCHET FOOD COVER;Cocina
FLOWER VINE RAFFIA FOOD COVER;Cocina
FOOD/DRINK SPONGE STICKERS;Libreria y elementos escolares
PINK HEART SHAPE PHOTO FRAME;San Valentin
LILAC DIAMANTE PEN IN GIFT BOX;Libreria y elementos escolares
SILVER DIAMANTE PEN IN GIFT BOX;Libreria y elementos escolares
BLUE JUICY FRUIT PHOTO FRAME;Decoracion
GREEN JUICY FRUIT PHOTO FRAME;Decoracion
GLITTER BUTTERFLY CLIPS;Joyeria y accesorios
ASSORTED CREEPY CRAWLIES;Ninios, juegos y juguetes
VINTAGE UNION JACK MEMOBOARD;Decoracion
BASKET OF FLOWERS SEWING KIT;Otros
ANTIQUE SILVER TEA GLASS ETCHED;Cocina
FAMILY ALBUM WHITE PICTURE FRAME;Decoracion
WRAP PINK FAIRY CAKES;Otros
BABY BOOM RIBBONS;Otros
ENAMEL WASH BOWL CREAM;Cocina
LOCAL CAFE MUG;Cocina
DIAMANTE BOW BROOCH BLACK COLOUR;Joyeria y accesorios
DIAMANTE BOW BROOCH GREEN COLOUR;Joyeria y accesorios
DIAMANTE BOW BROOCH RED COLOUR;Joyeria y accesorios
LILY BROOCH AMETHYST COLOUR;Joyeria y accesorios
PAIR OF ENAMEL BUTTERFLY HAIRCLIP;Joyeria y accesorios
AMETHYST DIAMANTE EXPANDABLE RING;Joyeria y accesorios
PURPLE GEMSTONE BRACELET;Joyeria y accesorios
BLACK GEMSTONE BRACELET;Joyeria y accesorios
PURPLE GEMSTONE NECKLACE 45CM;Joyeria y accesorios
5 STRAND GLASS NECKLACE BLACK;Joyeria y accesorios
DROP DIAMANTE EARRINGS CRYSTAL;Joyeria y accesorios
AMETHYST HOOP EARRING FLORAL LEAF;Joyeria y accesorios
HANGING BAUBLE T-LIGHT HOLDER LARGE;Decoracion
CUT GLASS HEXAGON T-LIGHT HOLDER;Decoracion
CLAM SHELL SMALL;Decoracion
CLAM SHELL LARGE;Decoracion
COCKLE SHELL DISH;Decoracion
PARTY PIZZA DISH RED RETROSPOT;Cocina
SPACEBOY TV DINNER TRAY;Ninios, juegos y juguetes
PINK TALL PORCELAIN T-LIGHT HOLDER;Decoracion
WHITE TALL PORCELAIN T-LIGHT HOLDER;Decoracion
DOLLY GIRL CHILDRENS EGG CUP;Ninios, juegos y juguetes
KEY FOB, GARAGE DESIGN;Joyeria y accesorios
GARDEN METAL SIGN;Decoracion
KEY FOB, FRONT DOOR;Joyeria y accesorios
KEY FOB, BACK DOOR;Joyeria y accesorios
SET OF 6 CAKE CHOPSTICKS;Cocina
SET OF 6 STRAWBERRY CHOPSTICKS;Cocina
CHRYSANTHEMUM POCKET BOOK;Libreria y elementos escolares
GARDEN PATH POCKET BOOK;Libreria y elementos escolares
RED DAISY POCKET BOOK;Libreria y elementos escolares
12 PENCILS TALL TUBE WOODLAND;Libreria y elementos escolares
FROG SOCK PUPPET;Ninios, juegos y juguetes
PINK HORSE SOCK PUPPET;Ninios, juegos y juguetes
BLACK WINE GLASS;Cocina
CLASSICAL ROSE CANDLESTAND;Decoracion
GAOLERS KEYS DECORATIVE GARDEN;Decoracion
BLACK CHAMPAGNE GLASS;Cocina
RED RETROSPOT PEG BAG;Otros
FAIRY CAKE DESIGN UMBRELLA;Otros
BIG DOUGHNUT FRIDGE MAGNETS;Decoracion
WRAP, BILLBOARD FONTS DESIGN;Otros
GIFT BAG PSYCHEDELIC APPLES;Otros
BLACK ENCHANTED FOREST PLACEMAT;Cocina
WRAP GREEN PEARS;Otros
RED RETROSPOT CHARLOTTE BAG;Otros
PAPER CHAIN KIT EMPIRE;Decoracion
CHARLOTTE BAG PINK POLKADOT;Otros
TOY TIDY SPACEBOY;Ninios, juegos y juguetes
4 ROSE PINK DINNER CANDLES;Decoracion
4 SKY BLUE DINNER CANDLES;Decoracion
TWO DOOR CURIO CABINET;Decoracion
PINK POLKADOT WRAP;Otros
ASSORTED COLOURS SILK FAN;Otros
SPOTTY PINK DUCK DOORSTOP;Decoracion
RED RETROSPOT SHOPPER BAG;Otros
RED RETROSPOT BUTTER DISH;Cocina
LOVE GARLAND PAINTED ZINC;San Valentin
MEASURING TAPE BABUSHKA PINK;Otros
VINTAGE KID DOLLY CARD;Libreria y elementos escolares
ELEPHANT, BIRTHDAY CARD,;Libreria y elementos escolares
BLUE POLKADOT WRAP;Otros
WOODLAND CHARLOTTE BAG;Otros
VICTORIAN SEWING KIT;Otros
MIRROR LOVE BIRD T-LIGHT HOLDER;Decoracion
BLACK LOVE BIRD T-LIGHT HOLDER;Decoracion
HANGING JAM JAR T-LIGHT HOLDER;Decoracion
HAND OPEN SHAPE GOLD;Decoracion
FELT FARM ANIMAL WHITE BUNNY;Ninios, juegos y juguetes
RED RETROSPOT PURSE;Joyeria y accesorios
SNOWSTORM PHOTO FRAME FRIDGE MAGNET;Navidad
RED POLKADOT PUDDING BOWL;Cocina
BLUE POLKADOT PUDDING BOWL;Cocina
VINTAGE BLUE TINSEL REEL;Navidad
JARDIN ETCHED GLASS BUTTER DISH;Cocina
SPACE FROG;Ninios, juegos y juguetes
SPACE CADET BLACK;Ninios, juegos y juguetes
SPACE CADET RED;Ninios, juegos y juguetes
SPACE OWL;Ninios, juegos y juguetes
SPACE CADET WHITE;Ninios, juegos y juguetes
WOODLAND DESIGN COTTON TOTE BAG;Otros
ILLUSTRATED CAT BOWL;Cocina
TOAST ITS - DINOSAUR;Libreria y elementos escolares
GARDEN PATH SKETCHBOOK;Libreria y elementos escolares
BLUE POLKADOT COFFEE MUG;Cocina
MONSTERS STENCIL CRAFT;Libreria y elementos escolares
CITRONELLA CANDLE GARDEN POT;Decoracion
MODERN FLORAL STATIONERY SET;Libreria y elementos escolares
FUNKY WASHING UP GLOVES ASSORTED;Cocina
FLORAL FOLK STATIONERY SET;Libreria y elementos escolares
BLUE POLKADOT WASHING UP GLOVES;Cocina
CHILDS BREAKFAST SET CIRCUS PARADE;Ninios, juegos y juguetes
WOODLAND STORAGE BOX SMALL;Decoracion
SKULLS DESIGN COTTON TOTE BAG;Halloween
FLOWER BURST SILVER RING CRYSTAL;Joyeria y accesorios
LAUNDRY 15C METAL SIGN;Decoracion
FANNY'S REST STOPMETAL SIGN;Decoracion
CHOCOLATE THIS WAY METAL SIGN;Decoracion
HOT BATHS METAL SIGN;Decoracion
POTTERING IN THE SHED METAL SIGN;Decoracion
KEY FOB, SHED;Joyeria y accesorios
LOVE HEART POCKET WARMER;San Valentin
BOTANICAL LAVENDER BIRTHDAY CARD;Libreria y elementos escolares
GLASS CLOCHE LARGE;Decoracion
CORONA MEXICAN TRAY;Cocina
KIDS RAIN MAC BLUE;Ninios, juegos y juguetes
MONEY BOX CONFECTIONERY DESIGN;Decoracion
MONEY BOX KINGS CHOICE DESIGN;Decoracion
MONEY BOX POCKET MONEY DESIGN;Decoracion
ASSORTED COLOUR T-LIGHT HOLDER;Decoracion
WEEKEND BAG VINTAGE ROSE PAISLEY;Otros
CERAMIC CAKE BOWL + HANGING CAKES;Cocina
CHRISTMAS CARD SCREEN PRINT;Navidad
CHRISTMAS CARD SINGING ANGEL;Navidad
PAPER BUNTING VINTAGE PAISLEY;Decoracion
PARTY INVITES DINOSAURS;Libreria y elementos escolares
ENAMEL WATERING CAN CREAM;Otros
ENAMEL COLANDER CREAM;Cocina
BLUE POLKADOT CUP;Cocina
FRYING PAN UNION FLAG;Cocina
BLUE/CREAM STRIPE CUSHION COVER;Decoracion
UNION STRIPE CUSHION COVER;Decoracion
KEY CABINET MA CAMPAGNE;Decoracion
CREAM SWEETHEART MINI CHEST;Decoracion
DINOSAUR PARTY BAG + STICKER SET;Ninios, juegos y juguetes
IVY HEART WREATH;Decoracion
VINTAGE RED KITCHEN CABINET;Cocina
LARGE CAKE STAND HANGING HEARTS;Cocina
LARGE CAKE STAND HANGING STRAWBERY;Cocina
RED RETROSPOT SUGAR JAM BOWL;Cocina
RED RETROSPOT SHOPPING BAG;Otros
RED RETROSPOT WASHBAG;Otros
TEA TIME OVEN GLOVE;Cocina
STRAWBERRY FAIRY CAKE TEAPOT;Cocina
WRAP ENGLISH ROSE;Otros
WRAP PINK FLOCK;Otros
TUB 24 PINK FLOWER PEGS;Otros
FENG SHUI PILLAR CANDLE;Decoracion
DECOUPAGE,GREETING CARD,;Libreria y elementos escolares
NOVELTY BISCUITS CAKE STAND 3 TIER;Cocina
DAIRY MAID TOASTRACK;Cocina
DAIRY MAID TRADITIONAL TEAPOT;Cocina
GLITTER HEART GARLAND WITH BELLS;San Valentin
GLITTER STAR GARLAND WITH BELLS;Decoracion
HEART GARLAND RUSTIC PADDED;Decoracion
LAVENDER SCENTED FABRIC HEART;Decoracion
BLUE POLKADOT PASSPORT COVER;Joyeria y accesorios
SET/6 BEAD COASTERS GAUZE BAG GOLD;Cocina
GROW YOUR OWN HERBS SET OF 3;Otros
PINK POLKADOT CHILDRENS UMBRELLA;Ninios, juegos y juguetes
WOODEN CROQUET GARDEN SET;Ninios, juegos y juguetes
STAR DECORATION RUSTIC;Decoracion
WHITE CHRISTMAS STAR DECORATION;Navidad
HEART DECORATION RUSTIC HANGING;Decoracion
PORCELAIN T-LIGHT HOLDERS ASSORTED;Decoracion
CHOC TRUFFLE GOLD TRINKET POT;Decoracion
WASH BAG VINTAGE ROSE PAISLEY;Otros
CABIN BAG VINTAGE PAISLEY;Otros
CABIN BAG VINTAGE RETROSPOT;Otros
POPPY'S PLAYHOUSE BATHROOM;Ninios, juegos y juguetes
TRADITIONAL KNITTING NANCY;Ninios, juegos y juguetes
VINTAGE CREAM CAT FOOD CONTAINER;Cocina
MOROCCAN TEA GLASS;Cocina
FAUX FUR CHOCOLATE THROW;Otros
RIBBON REEL LACE DESIGN;Decoracion
LUSH GREENS RIBBONS;Decoracion
PACK OF 6 SANDCASTLE FLAGS ASSORTED;Ninios, juegos y juguetes
BEADED PEARL HEART WHITE ON STICK;Decoracion
3 HEARTS HANGING DECORATION RUSTIC;Decoracion
COFFEE MUG DOG + BALL DESIGN;Cocina
HEARTS WRAPPING TAPE;San Valentin
DOGGY RUBBER;Libreria y elementos escolares
MAGIC TREE -PAPER FLOWERS;Decoracion
BLUE PAISLEY JOURNAL;Libreria y elementos escolares
NECKLACE+BRACELET SET FRUIT SALAD;Joyeria y accesorios
LARGE PURPLE BABUSHKA NOTEBOOK;Libreria y elementos escolares
SKULLS TAPE;Halloween
CAKES AND BOWS GIFT TAPE;Libreria y elementos escolares
LARGE YELLOW BABUSHKA NOTEBOOK;Libreria y elementos escolares
LARGE RED BABUSHKA NOTEBOOK;Libreria y elementos escolares
ANGEL DECORATION 3 BUTTONS;Navidad
75 GREEN PETIT FOUR CASES;Cocina
SET OF 36 TEATIME PAPER DOILIES;Cocina
ROSE DU SUD OVEN GLOVE;Cocina
BROWN CHECK CAT DOORSTOP;Decoracion
BLACK AND WHITE CAT BOWL;Cocina
HOLIDAY FUN LUDO;Ninios, juegos y juguetes
6 RIBBONS EMPIRE;Decoracion
LA PALMIERA WALL THERMOMETER;Decoracion
PACK 20 ENGLISH ROSE PAPER NAPKINS;Cocina
SET/20 STRAWBERRY PAPER NAPKINS;Cocina
ASSORTED INCENSE PACK;Decoracion
VANILLA INCENSE IN TIN;Decoracion
YULETIDE IMAGES S/6 PAPER BOXES;Navidad
3D VINTAGE CHRISTMAS STICKERS;Navidad
SET/3 FLORAL GARDEN TOOLS IN BAG;Otros
ROBOT MUG IN DISPLAY BOX;Ninios, juegos y juguetes
PACK/12 BLUE FOLKART CARDS;Libreria y elementos escolares
FOLK ART GREETING CARD,pack/12;Libreria y elementos escolares
VINTAGE CARAVAN GREETING CARD;Libreria y elementos escolares
SET OF SKULL WALL STICKERS;Halloween
HEARTS STICKERS;Libreria y elementos escolares
ENGLISH ROSE GARDEN SECATEURS;Otros
ASSORTED FLOWER COLOUR "LEIS";Otros
EIGHT PIECE SNAKE SET;Ninios, juegos y juguetes
SMALL CAMPHOR WOOD FIELD MUSHROOM;Decoracion
CAMPHOR WOOD PORTOBELLO MUSHROOM;Decoracion
PINK/GREEN FLOWER DESIGN BIG MUG;Cocina
FLOWER FAIRY,5 SUMMER B'DRAW LINERS;Otros
RED LOVE HEART SHAPE CUP;San Valentin
PINK LOVE HEART SHAPE CUP;San Valentin
BLUE/YELLOW FLOWER DESIGN BIG MUG;Cocina
GREEN/BLUE FLOWER DESIGN BIG MUG;Cocina
PINK HEART SHAPE LOVE BUCKET;San Valentin
SCANDINAVIAN PAISLEY PICNIC BAG;Cocina
PINK VINTAGE PAISLEY PICNIC BAG;Cocina
CHARLIE AND LOLA CHARLOTTE BAG;Ninios, juegos y juguetes
YELLOW/PINK FLOWER DESIGN BIG MUG;Cocina
RED RETROSPOT TEA CUP AND SAUCER;Cocina
FAIRY CAKE NOTEBOOK A5 SIZE;Libreria y elementos escolares
ENGLISH ROSE NOTEBOOK A7 SIZE;Libreria y elementos escolares
MORE BUTTER METAL SIGN;Decoracion
HOME SWEET HOME METAL SIGN;Decoracion
PARTY BUNTING;Decoracion
STRAWBERRIES DESIGN FLANNEL;Otros
VINTAGE CREAM DOG FOOD CONTAINER;Cocina
DOORMAT NEIGHBOURHOOD WITCH;Halloween
PHARMACIE FIRST AID TIN;Otros
NATURAL SLATE CHALKBOARD LARGE;Libreria y elementos escolares
METAL SIGN HIS DINNER IS SERVED;Decoracion
BEADED PEARL HEART WHITE LARGE;Decoracion
BEADED CRYSTAL HEART BLUE SMALL;Decoracion
SET OF SALT AND PEPPER TOADSTOOLS;Cocina
RIBBON REEL POLKADOTS;Decoracion
METAL DECORATION NAUGHTY CHILDREN;Decoracion
CHRISTMAS METAL POSTCARD WITH BELLS;Navidad
GARLAND, MAGIC GARDEN 1.8M;Decoracion
FOLK ART METAL STAR T-LIGHT HOLDER;Decoracion
PIG KEYRING WITH LIGHT & SOUND;Ninios, juegos y juguetes
HELLO SAILOR BLUE SOAP HOLDER;Banio
COFFEE MUG BLUE PAISLEY DESIGN;Cocina
BEWARE OF THE CAT METAL SIGN;Decoracion
3D SHEET OF DOG STICKERS;Libreria y elementos escolares
3D SHEET OF CAT STICKERS;Libreria y elementos escolares
BATHROOM SET LOVE HEART DESIGN;Banio
CINNAMON SCENTED VOTIVE CANDLE;Decoracion
JASMINE VOTIVE CANDLE;Decoracion
SILVER MUG BONE CHINA TREE OF LIFE;Cocina
WOODLAND PARTY BAG + STICKER SET;Ninios, juegos y juguetes
HOT BATHS SOAP HOLDER;Banio
12 RED ROSE PEG PLACE SETTINGS;Decoracion
BLUE CIRCLES DESIGN MONKEY DOLL;Ninios, juegos y juguetes
VINTAGE PHOTO ALBUM PARIS DAYS;Decoracion
MIDNIGHT GLAMOUR SCARF KNITTING KIT;Otros
FRAPPUCINO SCARF KNITTING KIT;Otros
SKULL LUNCH BOX WITH CUTLERY;Halloween
MONEY BOX BISCUITS DESIGN;Decoracion
BLUE LEAVES AND BEADS PHONE CHARM;Joyeria y accesorios
BLACK GEMSTONE NECKLACE 45CM;Joyeria y accesorios
VINTAGE ROSE BEAD BRACELET BLACK;Joyeria y accesorios
BLUE/GREEN SHELL NECKLACE W PENDANT;Joyeria y accesorios
SILVER/NATURAL SHELL NECKLACE;Joyeria y accesorios
BLUE POLKADOT PURSE;Joyeria y accesorios
BLUE POLKADOT LUGGAGE TAG;Joyeria y accesorios
DAIRY MAID STRIPE MUG;Cocina
MAGNETS PACK OF 4 SWALLOWS;Decoracion
BLUE PATCH PURSE PINK HEART;Joyeria y accesorios
BLUE ROUND COMPACT MIRROR;Joyeria y accesorios
TROPICAL LUGGAGE TAG;Joyeria y accesorios
ASSORTED MONKEY SUCTION CUP HOOK;Decoracion
ASSORTED TUTTI FRUTTI PEN;Libreria y elementos escolares
RED RETROSPOT LUGGAGE TAG;Joyeria y accesorios
MAGNETS PACK OF 4 RETRO PHOTO;Decoracion
ASS FLORAL PRINT SPIRIT LEVEL;Otros
COLUMBIAN CANDLE ROUND;Decoracion
FUSCHIA FLOWER PURSE WITH BEADS;Joyeria y accesorios
ROSE SCENT CANDLE IN JEWELLED BOX;Decoracion
DOG TOY WITH PINK CROCHET SKIRT;Ninios, juegos y juguetes
MOUSE TOY WITH PINK T-SHIRT;Ninios, juegos y juguetes
SET/3 OCEAN SCENT CANDLE JEWEL BOX;Decoracion
OCEAN SCENT CANDLE IN JEWELLED BOX;Decoracion
NURSE'S BAG SOFT TOY;Ninios, juegos y juguetes
BOHEMIAN COLLAGE STATIONERY SET;Libreria y elementos escolares
PINK/WHITE RIBBED MELAMINE JUG;Cocina
RED RETROSPOT PICNIC BAG;Cocina
MODERN VINTAGE COTTON SHOPPING BAG;Otros
STRAWBERRY PICNIC BAG;Cocina
PINK DOG BOWL;Cocina
GLASS JAR KINGS CHOICE;Cocina
GLASS JAR DAISY FRESH COTTON WOOL;Otros
GLASS JAR PEACOCK BATH SALTS;Banio
BATHROOM SCALES FOOTPRINTS IN SAND;Banio
NEW BAROQUE BLACK PHOTO ALBUM;Decoracion
SCENTED VELVET LOUNGE CANDLE;Decoracion
BLUE FLOCK GLASS CANDLEHOLDER;Decoracion
SILVER GLITTER FLOWER VOTIVE HOLDER;Decoracion
GOLD MUG BONE CHINA TREE OF LIFE;Cocina
SCANDINAVIAN 3 HEARTS NAPKIN RING;Cocina
CHOCOLATE 1 WICK MORRIS BOX CANDLE;Decoracion
GARDENIA 3 WICK MORRIS BOXED CANDLE;Decoracion
3 ROSE MORRIS BOXED CANDLES;Decoracion
PINK BAROQUE FLOCK CANDLE HOLDER;Decoracion
SEWING BOX RETROSPOT DESIGN;Otros
FELTCRAFT HAIRBAND PINK AND BLUE;Ninios, juegos y juguetes
TEA BAG PLATE RED RETROSPOT;Cocina
GLITTER HANGING BUTTERFLY STRING;Decoracion
SET/4 SKULL BADGES;Halloween
CANDY SHOP STICKER SHEET;Libreria y elementos escolares
SET OF 72 PINK HEART PAPER DOILIES;San Valentin
SET OF 6 HEART CHOPSTICKS;Cocina
MULTI HEARTS STICKERS;San Valentin
FRYING PAN PINK POLKADOT;Cocina
LITTLE GREEN MONSTER SOFT TOY;Ninios, juegos y juguetes
MOUSEY LONG LEGS SOFT TOY;Ninios, juegos y juguetes
FRENCH LAUNDRY SIGN BLUE METAL;Decoracion
RED DRAGONFLY HELICOPTER;Ninios, juegos y juguetes
POTTERING MUG;Cocina
FRENCH ENAMEL POT W LID;Cocina
FRENCH ENAMEL UTENSIL HOLDER;Cocina
WAKE UP COCKEREL CALENDAR SIGN;Decoracion
ENAMEL BLUE RIM COFFEE CONTAINER;Cocina
ENAMEL BLUE RIM BISCUIT BIN;Cocina
SWISS ROLL TOWEL, PINK SPOTS;Otros
FLOWER FAIRY INCENSE BOUQUET;Decoracion
GLITTER SNOW PEAR TREE DECORATION;Navidad
CAT BOWL VINTAGE CREAM;Cocina
3 WHITE CHOC MORRIS BOXED CANDLES;Decoracion
4 BLUE DINNER CANDLES SILVER FLOCK;Decoracion
DANISH ROSE ROUND SEWING BOX;Otros
CRYSTAL DIAMANTE EXPANDABLE RING;Joyeria y accesorios
WHITE GLASS CHUNKY CHARM BRACELET;Joyeria y accesorios
CAST IRON HOOK GARDEN FORK;Otros
CAST IRON HOOK GARDEN TROWEL;Otros
HEART DECORATION WITH PEARLS;Decoracion
RIBBON REEL HEARTS DESIGN;San Valentin
ANT SILVER LIME GREEN BOUDICCA RING;Joyeria y accesorios
ANT SILVER PURPLE BOUDICCA RING;Joyeria y accesorios
VINTAGE UNION JACK PENNANT;Decoracion
BEADED LOVE HEART JEWELLERY SET;Joyeria y accesorios
MAGNETS PACK OF 4 VINTAGE LABELS;Decoracion
ASSTD DESIGN RACING CAR PEN;Libreria y elementos escolares
HAPPY STENCIL CRAFT;Libreria y elementos escolares
ASS DES PHONE SPONGE CRAFT STICKER;Libreria y elementos escolares
FORKED CACTUS CANDLE;Decoracion
SWEETHEART WIRE FRUIT BOWL;Cocina
COFFEE MUG PINK PAISLEY DESIGN;Cocina
DENIM PATCH PURSE PINK BUTTERFLY;Joyeria y accesorios
YELLOW FLOWERS FELT HANDBAG KIT;Otros
WHITE TISSUE REAM;Otros
FELT TOADSTOOL SMALL;Decoracion
FELT FARM ANIMAL CHICKEN;Ninios, juegos y juguetes
12 IVORY ROSE PEG PLACE SETTINGS;Decoracion
SMALL POP BOX,FUNKY MONKEY;Ninios, juegos y juguetes
CHILDRENS GARDEN GLOVES PINK;Ninios, juegos y juguetes
DAISY GARDEN MARKER;Otros
BIRDHOUSE GARDEN MARKER;Otros
STRIPES DESIGN TEDDY;Ninios, juegos y juguetes
RAIN PONCHO RETROSPOT;Otros
DECORATIVE CATS BATHROOM BOTTLE;Banio
BASKET OF TOADSTOOLS;Decoracion
PINK HONEYCOMB PAPER BALL;Decoracion
CERAMIC STRAWBERRY TRINKET TRAY;Decoracion
CHERRY BLOSSOM DECORATIVE FLASK;Otros
DINOSAUR KEYRINGS ASSORTED;Ninios, juegos y juguetes
PAPERWEIGHT CHILDHOOD MEMORIES;Libreria y elementos escolares
RED GINGHAM TEDDY BEAR;Ninios, juegos y juguetes
PINK PAINTED KASHMIRI CHAIR;Decoracion
SET/6 PURPLE BUTTERFLY T-LIGHTS;Decoracion
75 BLACK PETIT FOUR CASES;Cocina
DOLLY MIXTURE CHILDREN'S UMBRELLA;Ninios, juegos y juguetes
CREAM FELT EASTER EGG BASKET;Pascuas
BLUE FELT EASTER EGG BASKET;Pascuas
FOLKART HEART NAPKIN RINGS;Cocina
STRAWBERRY DREAM CHILDS UMBRELLA;Ninios, juegos y juguetes
FAIRY CAKES NOTEBOOK A7 SIZE;Libreria y elementos escolares
SMALL CHOCOLATES PINK BOWL;Cocina
LARGE CAKE TOWEL PINK SPOTS;Otros
12 PINK ROSE PEG PLACE SETTINGS;Decoracion
UNION FLAG WINDSOCK;Decoracion
FLOOR LAMP SHADE WOOD BASE;Decoracion
ETCHED GLASS COASTER;Cocina
BUTTERFLY CROCHET FOOD COVER;Cocina
PING MICROWAVE APRON;Cocina
OVEN MITT APPLES DESIGN;Cocina
APRON APPLE DELIGHT;Cocina
GINGHAM OVEN GLOVE RED HEART;Cocina
CHRISTMAS TREE HEART DECORATION;Navidad
CHRISTMAS MUSICAL ZINC TREE;Navidad
MAGIC DRAWING SLATE LEAP FROG;Ninios, juegos y juguetes
PERIWINKLE T-LIGHT HOLDER;Decoracion
SILICON STAR BULB BLUE;Decoracion
LARGE MEDINA STAMPED METAL BOWL;Cocina
BLUE NETTING STORAGE HANGER;Otros
TABLECLOTH RED APPLES DESIGN;Cocina
SILICON CUBE 25W, BLUE;Decoracion
SET/6 COLLAGE PAPER PLATES;Cocina
MULTICOLOUR HONEYCOMB FAN;Decoracion
RETROSPOT PADDED SEAT CUSHION;Decoracion
MADRAS NOTEBOOK LARGE;Libreria y elementos escolares
SET OF 3 BIRD LIGHT PINK FEATHER;Decoracion
VINTAGE BEAD NOTEBOOK;Libreria y elementos escolares
BEADED CRYSTAL HEART PINK LARGE;Decoracion
SANDALWOOD FAN;Otros
HANGING HEART JAR T-LIGHT HOLDER;Decoracion
PACK 6 HEART/ICE-CREAM PATCHES;Ninios, juegos y juguetes
PINK OWL SOFT TOY;Ninios, juegos y juguetes
SET/6 TURQUOISE BUTTERFLY T-LIGHTS;Decoracion
CREAM AND PINK FLOWERS PONY;Ninios, juegos y juguetes
6 ROCKET BALLOONS;Ninios, juegos y juguetes
BLUE CIRCLES DESIGN TEDDY;Ninios, juegos y juguetes
CRYSTAL FROG PHONE CHARM;Joyeria y accesorios
SOMBRERO;Otros
ANIMAL STICKERS;Libreria y elementos escolares
GREEN BITTY LIGHT CHAIN;Decoracion
RAIN PONCHO;Otros
ASSORTED TUTTI FRUTTI BRACELET;Joyeria y accesorios
BLUE TRAVEL FIRST AID KIT;Otros
FRENCH TOILET SIGN BLUE METAL;Decoracion
BLACK GRAND BAROQUE PHOTO FRAME;Decoracion
METAL SIGN NEIGHBOURHOOD WITCH;Halloween
BAG OF SILVER STONES;Decoracion
IVORY PILLAR CANDLE SILVER FLOCK;Decoracion
IVORY PILLAR CANDLE GOLD FLOCK;Decoracion
ABSTRACT CIRCLES SKETCHBOOK;Libreria y elementos escolares
FAIRY CAKES NOTEBOOK A6 SIZE;Libreria y elementos escolares
TEA TIME BREAKFAST BASKET;Cocina
ALPHABET HEARTS STICKER SHEET;Libreria y elementos escolares
ASS COLOUR GLOWING TIARAS;Ninios, juegos y juguetes
WHITE BELL HONEYCOMB PAPER GARLAND;Decoracion
SMALL SILVER TRELLIS CANDLEPOT;Decoracion
ROBIN CHRISTMAS CARD;Navidad
36 PENCILS TUBE POSY;Libreria y elementos escolares
FOLKART ZINC STAR CHRISTMAS DEC;Navidad
STRING OF 8 BUTTERFLIES,PINK;Decoracion
UTILTY CABINET WITH HOOKS;Decoracion
FRENCH BLUE METAL DOOR SIGN 9;Decoracion
BATHROOM SCALES RUBBER DUCKS;Banio
FLOOR CUSHION ELEPHANT CARNIVAL;Decoracion
RABBIT DESIGN COTTON TOTE BAG;Otros
JIGSAW TREE WITH BIRDHOUSE;Ninios, juegos y juguetes
EASTER TIN BUNNY BOUQUET;Pascuas
EASTER TIN CHICKS PINK DAISY;Pascuas
MOTORING TISSUE BOX;Otros
EMPIRE TISSUE BOX;Otros
PINK UNION JACK PASSPORT COVER;Joyeria y accesorios
KENSINGTON COFFEE SET;Cocina
SET/12 FUNKY FELT FLOWER PEG IN BAG;Otros
PARTY CONES CANDY TREE DECORATION;Navidad
SET OF 6 T-LIGHTS EASTER CHICKS;Pascuas
LARGE CAKE TOWEL, CHOCOLATE SPOTS;Otros
PINK PADDED MOBILE;Ninios, juegos y juguetes
S/12 MINI RABBIT EASTER;Pascuas
TEA FOR ONE POLKADOT;Cocina
MEDIUM MEDINA STAMPED METAL BOWL;Cocina
MIRROR CORNICE;Decoracion
BLUE & WHITE BREAKFAST TRAY;Cocina
METAL SIGN,CUPCAKE SINGLE HOOK;Decoracion
RETRO PLASTIC 70'S TRAY;Cocina
PAPER POCKET TRAVELING FAN;Otros
SCOTTIE DOGS BABY BIB;Ninios, juegos y juguetes
BEADED CRYSTAL HEART PINK SMALL;Decoracion
BEADED CRYSTAL HEART GREEN SMALL;Decoracion
HANGING FAIRY CAKE DECORATION;Decoracion
VINTAGE UNION JACK DOORSTOP;Decoracion
BLUE TEATIME PRINT BOWL;Cocina
MAN FLU METAL SIGN;Decoracion
HOUSE WRECKING METAL SIGN;Decoracion
LOVE LARGE WOOD LETTERS;Decoracion
BISCUIT TIN VINTAGE GREEN;Cocina
FRYING PAN RED RETROSPOT;Cocina
SET OF 16 VINTAGE ROSE CUTLERY;Cocina
NEW ENGLAND MUG W GIFT BOX;Cocina
PINK GREEN EMBROIDERY COSMETIC BAG;Maquillaje
BLUE GREEN EMBROIDERY COSMETIC BAG;Maquillaje
PAIR PADDED HANGERS PINK CHECK;Otros
ANGEL DECORATION PAINTED ZINC;Navidad
SMALL SILVER FLOWER CANDLE POT;Decoracion
RED ROSE AND LACE C/COVER;Decoracion
GLITTER CHRISTMAS STAR;Navidad
CARD SUKI BIRTHDAY;Libreria y elementos escolares
WRAP SUKI AND FRIENDS;Otros
BIRDHOUSE DECORATION MAGIC GARDEN;Decoracion
BIRDCAGE DECORATION TEALIGHT HOLDER;Decoracion
BROWN PIRATE TREASURE CHEST;Ninios, juegos y juguetes
BLUE PUDDING SPOON;Cocina
RETRO PINK BALL ASHTRAY;Otros
SUMMER FUN DESIGN SHOWER CAP;Banio
STRIPY DESIGN SHOWER CAP;Banio
SET/4 DAISY MIRROR MAGNETS;Decoracion
SET/4 BIRD MIRROR MAGNETS;Decoracion
SET/4 BUTTERFLY MIRROR MAGNETS;Decoracion
FRENCH STYLE EMBOSSED HEART CABINET;Decoracion
SKULL DESIGN TV DINNER TRAY;Halloween
GREEN SWEETHEART BRACELET;Joyeria y accesorios
CARNIVAL BRACELET;Joyeria y accesorios
4 PEAR BOTANICAL DINNER CANDLES;Decoracion
FUNKY MONKEY MUG;Cocina
QUEEN OF SKIES LUGGAGE TAG;Joyeria y accesorios
ECONOMY LUGGAGE TAG;Joyeria y accesorios
HEART CALCULATOR;Libreria y elementos escolares
BISCUITS SMALL BOWL LIGHT BLUE;Cocina
SMALL MARSHMALLOWS PINK BOWL;Cocina
PARTY PIZZA DISH GREEN POLKADOT;Cocina
PARTY PIZZA DISH PINK POLKADOT;Cocina
PARTY PIZZA DISH BLUE POLKADOT;Cocina
ASSORTED CHEESE FRIDGE MAGNETS;Decoracion
PEARL CRYSTAL PUMPKIN T-LIGHT HLDR;Halloween
WHITE STITCHED CUSHION COVER;Decoracion
PORCELAIN BUTTERFLY OIL BURNER;Decoracion
BREAD BIN, DINER STYLE, MINT;Cocina
BREAD BIN, DINER STYLE, IVORY;Cocina
SET OF 6 VINTAGE NOTELETS KIT;Libreria y elementos escolares
CARD GINGHAM ROSE;Libreria y elementos escolares
SET OF 12 VINTAGE POSTCARD SET;Libreria y elementos escolares
LADLE LOVE HEART RED;Cocina
36 DOILIES DOLLY GIRL;Ninios, juegos y juguetes
ROSE 1 WICK MORRIS BOXED CANDLE;Decoracion
SET/6 PINK BIRD T-LIGHT CANDLES;Decoracion
ASSORTED TUTTI FRUTTI FOB NOTEBOOK;Libreria y elementos escolares
DOLLY HONEYCOMB GARLAND;Ninios, juegos y juguetes
ROSE FOLKART HEART DECORATIONS;Decoracion
GLITTER CHRISTMAS TREE WITH BELLS;Navidad
PINK KNITTED EGG COSY;Pascuas
BLUE KNITTED EGG COSY;Pascuas
WAY OUT METAL SIGN;Decoracion
SAVOY ART DECO CLOCK;Decoracion
HALL CABINET WITH 3 DRAWERS;Decoracion
DOORMAT HOME SWEET HOME BLUE;Decoracion
BLUE WIRE SPIRAL CANDLE HOLDER;Decoracion
S/12 VANILLA BOTANICAL T-LIGHTS;Decoracion
SMALL HAMMERED SILVER CANDLEPOT;Decoracion
WHITE CHRYSANTHEMUMS ART FLOWER;Decoracion
RETRO PLASTIC DAISY TRAY;Cocina
ANGEL DECORATION WITH LACE PADDED;Navidad
SUNSET CHECK HAMMOCK;Otros
RETRO PLASTIC POLKA TRAY;Cocina
WHITE BROCANTE SOAP DISH;Banio
ABSTRACT CIRCLE JOURNAL;Libreria y elementos escolares
CHRYSANTHEMUM JOURNAL;Libreria y elementos escolares
ASSTD MULTICOLOUR CIRCLES MUG;Cocina
6 EGG HOUSE PAINTED WOOD;Pascuas
FRENCH CHATEAU LARGE PLATTER;Cocina
ENVELOPE 50 CURIOUS IMAGES;Libreria y elementos escolares
FOLDING CAMPING SCISSOR W/KNIF & S;Otros
HAND OPEN SHAPE DECO.WHITE;Decoracion
PINK JEWELLED MIRROR TRINKET TRAY;Decoracion
WHITE SAGE INCENSE;Decoracion
AFGHAN SLIPPER SOCK PAIR;Otros
SET OF 6 T-LIGHTS CACTI;Decoracion
CITRONELLA CANDLE FLOWERPOT;Decoracion
SMALL GLASS SUNDAE DISH CLEAR;Cocina
VINTAGE CARAVAN GIFT WRAP;Otros
GOLD EAR MUFF HEADPHONES;Otros
PAPERWEIGHT SAVE THE PLANET;Libreria y elementos escolares
SET/3 ROSE CANDLE IN JEWELLED BOX;Decoracion
RED RETROSPOT STORAGE JAR;Cocina
POCKET BAG BLUE PAISLEY RED SPOT;Joyeria y accesorios
POCKET BAG PINK PAISELY BROWN SPOT;Joyeria y accesorios
ESSENTIAL BALM 3.5g TIN IN ENVELOPE;Maquillaje
BUTTERFLIES STICKERS;Libreria y elementos escolares
CAKE SHOP STICKER SHEET;Libreria y elementos escolares
72 CAKE CASES VINTAGE CHRISTMAS;Navidad
SET OF 16 VINTAGE SKY BLUE CUTLERY;Cocina
TUMBLER, BAROQUE;Cocina
SMALL POLKADOT CHOCOLATE GIFT BAG;Otros
LARGE STRIPES CHOCOLATE GIFT BAG;Otros
WOODEN SKITTLES GARDEN SET;Ninios, juegos y juguetes
CUBIC MUG FLOCK BLUE ON BROWN;Cocina
CUBIC MUG PINK POLKADOT;Cocina
VINTAGE KEEPSAKE BOX TRAVELOGUE;Decoracion
VINTAGE NOTEBOOK PARIS DAYS;Libreria y elementos escolares
PINK/WHITE "KEEP CLEAN" BULLET BIN;Otros
FRENCH BLUE METAL DOOR SIGN 8;Decoracion
FRENCH BLUE METAL DOOR SIGN 0;Decoracion
SET OF 36 MUSHROOM PAPER DOILIES;Cocina
DOORMAT WELCOME PUPPIES;Decoracion
DOORMAT WELCOME SUNRISE;Decoracion
CAROUSEL DESIGN WASHBAG;Otros
TOXIC AREA DOOR HANGER;Otros
LA PALMIERA TILE COASTER;Cocina
WAKE UP COCKEREL TILE COASTER;Cocina
JIGSAW RABBIT AND BIRDHOUSE;Ninios, juegos y juguetes
PLASMATRONIC LAMP;Decoracion
4 BURGUNDY WINE DINNER CANDLES;Decoracion
SILVER OVAL SHAPE TRINKET BOX;Decoracion
WRAP BLUE RUSSIAN FOLKART;Otros
DAISY JOURNAL;Libreria y elementos escolares
DUSTY PINK CHRISTMAS TREE 30CM;Navidad
HANGING PHOTO CLIP ROPE LADDER;Decoracion
PINK PARTY SUNGLASSES;Otros
POSY CANDY BAG;Otros
BLACKCHRISTMAS TREE 30CM;Navidad
SET OF PICTURE FRAME STICKERS;Libreria y elementos escolares
MIRRORED WALL ART PHOTO FRAMES;Decoracion
SET/4 BADGES BALLOON GIRL;Ninios, juegos y juguetes
SMALL DOLLY MIX DESIGN ORANGE BOWL;Cocina
POCKET MIRROR WOODLAND;Joyeria y accesorios
SWEETIES STICKERS;Libreria y elementos escolares
TUMBLER, NEW ENGLAND;Cocina
HEART SHAPE WIRELESS DOORBELL;San Valentin
MILK PAN RED RETROSPOT;Cocina
ROUND CONTAINER SET OF 5 RETROSPOT;Cocina
SET/6 PINK BUTTERFLY T-LIGHTS;Decoracion
ASSORTED TUTTI FRUTTI SMALL PURSE;Joyeria y accesorios
SET/6 GREEN SPRING PAPER CUPS;Cocina
ASSORTED TUTTI FRUTTI LARGE PURSE;Joyeria y accesorios
COFFEE SCENT PILLAR CANDLE;Decoracion
PINK ROSE WASHBAG;Otros
GARDENIA 1 WICK MORRIS BOXED CANDLE;Decoracion
SILVER LATTICE VANILLA CANDLE POT;Decoracion
4 WILDFLOWER BOTANICAL CANDLES;Decoracion
PACK 3 IRON ON DOG PATCHES;Ninios, juegos y juguetes
DAISY NOTEBOOK;Libreria y elementos escolares
BLACK FINE BEAD NECKLACE W TASSEL;Joyeria y accesorios
FIRE POLISHED GLASS NECKL BRONZE;Joyeria y accesorios
ROUND PINK HEART MIRROR;San Valentin
GOLD COSMETIC BAG PINK STAR;Maquillaje
EIGHT PIECE CREEPY CRAWLIE SET;Ninios, juegos y juguetes
SMOKEY GREY COLOUR D.O.F. GLASS;Cocina
IVORY LOVE BIRD CANDLE;Decoracion
S/3 POT POURI CUSHIONS BLUE COLOURS;Decoracion
CHRISTMAS TREE PAINTED ZINC;Navidad
BLACK AND WHITE DOG BOWL;Cocina
SPOTS ON RED BOOKCOVER TAPE;Libreria y elementos escolares
ASSORTED TUTTI FRUTTI HEART BOX;San Valentin
FOLKART STAR CHRISTMAS DECORATIONS;Navidad
POLYESTER FILLER PAD 65CMx65CM;Otros
ASSORTED TUTTI FRUTTI NOTEBOOK;Libreria y elementos escolares
FRENCH BLUE METAL DOOR SIGN 6;Decoracion
SMALL RED RETROSPOT WINDMILL;Ninios, juegos y juguetes
HAND TOWEL PALE BLUE W FLOWERS;Otros
BLUE ORGANDY ROUND LAMPSHADE W BEA;Decoracion
WHITE AND BLUE CERAMIC OIL BURNER;Decoracion
PAPER CHAIN KIT SKULLS;Halloween
PINK FAIRY CAKE CUSHION COVER;Ninios, juegos y juguetes
GREEN POP ART MAO CUSHION COVER;Decoracion
HEART SHAPED MIRROR;San Valentin
GOLD WASHBAG;Otros
PURPLE PAPER PARASOL;Otros
FRENCH GARDEN SIGN BLUE METAL;Decoracion
BROCANTE COAT RACK;Decoracion
WHITE GOOSE FEATHER CHRISTMAS TREE;Navidad
PINK PAISLEY ROSE GIFT WRAP;Otros
WOODLAND STICKERS;Libreria y elementos escolares
SILVER TEDDY BEAR;Ninios, juegos y juguetes
PSYCHEDELIC WALL THERMOMETER;Decoracion
MAGIC DRAWING SLATE BUNNIES;Ninios, juegos y juguetes
CERAMIC BIRDHOUSE CRESTED TIT SMALL;Decoracion
WRAP FOLK ART;Otros
SILVER JEWELLED MIRROR TRINKET TRAY;Decoracion
4 LILY BOTANICAL DINNER CANDLES;Decoracion
ROSE DU SUD WASHBAG;Otros
ROSE DU SUD COSMETICS BAG;Maquillaje
GROW A FLYTRAP OR SUNFLOWER IN TIN;Otros
CAMOUFLAGE EAR MUFF HEADPHONES;Otros
BLUE POLKADOT EGG CUP;Cocina
VINTAGE BEAD PINK EVENING BAG;Joyeria y accesorios
ENGLISH ROSE SCENTED HANGING FLOWER;Decoracion
PINK GLASS CANDLEHOLDER;Decoracion
CUPID DESIGN SCENTED CANDLES;San Valentin
SQUARE CHERRY BLOSSOM CABINET;Decoracion
BLUE ROSE PATCH PURSE PINK BUTTERFL;Joyeria y accesorios
PACK OF 20 NAPKINS RED APPLES;Cocina
ELEPHANT CARNIVAL POUFFE;Decoracion
WOODEN REGATTA BUNTING;Decoracion
FREESTYLE CANVAS ART PICTURE;Decoracion
CUBIC MUG FLOCK PINK ON BROWN;Cocina
DAIRY MAID LARGE MILK JUG;Cocina
CHILDS GARDEN SPADE PINK;Ninios, juegos y juguetes
CHILDS GARDEN BRUSH BLUE;Ninios, juegos y juguetes
GARLAND WITH HEARTS AND BELLS;San Valentin
MIRROR MOSAIC VOTIVE HOLDER;Decoracion
MINI JIGSAW BUNNIES;Ninios, juegos y juguetes
PORCELAIN BUDAH INCENSE HOLDER;Decoracion
ANTIQUE ALL GLASS CANDLESTICK;Decoracion
GREEN ROSE WASHBAG;Otros
WISE MAN STAR SHAPE EGG PAN;Cocina
LOVE POTION MASALA INCENSE;Decoracion
SET OF 16 VINTAGE RED CUTLERY;Cocina
PACK OF 20 SPACEBOY NAPKINS;Ninios, juegos y juguetes
WOOD STAMP SET FLOWERS;Libreria y elementos escolares
CALENDAR FAMILY FAVOURITES;Libreria y elementos escolares
BANQUET BIRTHDAY CARD;Libreria y elementos escolares
FRENCH PAISLEY CUSHION COVER;Decoracion
MULTICOLOUR SPRING FLOWER MUG;Cocina
BATHROOM METAL SIGN;Decoracion
SET/3 DECOUPAGE STACKING TINS;Decoracion
CUPBOARD 3 DRAWER MA CAMPAGNE;Decoracion
DECORATIVE ROSE BATHROOM BOTTLE;Banio
SILVER VANILLA FLOWER CANDLE POT;Decoracion
PACK/12 XMAS FUN CARD;Navidad
GREEN FERN SKETCHBOOK;Libreria y elementos escolares
SET/6 BLACK BIRD T-LIGHT CANDLES;Decoracion
MIXED NUTS LIGHT GREEN BOWL;Cocina
SET/6 IVORY BIRD T-LIGHT CANDLES;Decoracion
FRENCH ENAMEL WATER BASIN;Cocina
BUTTONS AND STRIPES NOTEBOOK;Libreria y elementos escolares
EAU DE NILE JEWELLED T-LIGHT HOLDER;Decoracion
TIGRIS EYE CHUNKY CHARM BRACELET;Joyeria y accesorios
VINYL RECORD FRAME SILVER;Decoracion
SET OF 2 ROUND TINS CAMEMBERT;Cocina
SEWING SUSAN 21 NEEDLE SET;Otros
JET BLACK LAS VEGAS BRACELET ROUND;Joyeria y accesorios
PURPLE LAS VEGAS BRACELET ROUND;Joyeria y accesorios
WRAP DOLLY GIRL;Ninios, juegos y juguetes
BIRTHDAY BANQUET GIFT WRAP;Otros
CERAMIC PLATE STRAWBERRY DESIGN;Cocina
CERAMIC CAKE DESIGN SPOTTED PLATE;Cocina
BAKING MOULD HEART MILK CHOCOLATE;Cocina
BAKING MOULD HEART WHITE CHOCOLATE;Cocina
BAKING MOULD TOFFEE CUP CHOCOLATE;Cocina
BAKING MOULD CHOCOLATE CUPCAKES;Cocina
WRAP I LOVE LONDON;Otros
BLUE SCANDINAVIAN PAISLEY WRAP;Otros
BAKING MOULD ROSE WHITE CHOCOLATE;Cocina
BAKING MOULD ROSE MILK CHOCOLATE;Cocina
T-LIGHT HOLDER SWEETHEART HANGING;San Valentin
PARTY FOOD SHOPPER BAG;Otros
OVAL WALL MIRROR DIAMANTE;Decoracion
FUSCHIA VOILE POINTY SHOE DEC;Otros
LETTER "C" BLING KEY RING;Joyeria y accesorios
LETTER "B" BLING KEY RING;Joyeria y accesorios
LETTER "K" BLING KEY RING;Joyeria y accesorios
BLACK MINI TAPE MEASURE;Otros
S/4 BLACK MINI ROSE CANDLE IN BOWL;Decoracion
PIN CUSHION BABUSHKA RED;Otros
JAZZ HEARTS ADDRESS BOOK;Libreria y elementos escolares
MEDINA STAMPED METAL STOOL;Decoracion
PINK SMALL JEWELLED PHOTOFRAME;Decoracion
WHITE HANGING BEADS CANDLE HOLDER;Decoracion
BLUE NEW BAROQUE FLOCK CANDLESTICK;Decoracion
JUNGLE POPSICLES ICE LOLLY HOLDERS;Ninios, juegos y juguetes
PINK PAISLEY CUSHION COVER;Decoracion
DAISY SKETCHBOOK;Libreria y elementos escolares
TROPICAL HONEYCOMB PAPER GARLAND;Decoracion
RED RETROSPOT BIG BOWL;Cocina
LARGE TALL CAMPHOR WOOD TOADSTOOL;Decoracion
LARGE CAMPHOR WOOD FIELD MUSHROOM;Decoracion
MULTICOLOUR 3D BALLS GARLAND;Decoracion
QUEEN OF THE SKIES PASSPORT COVER;Joyeria y accesorios
POTTING SHED TWINE;Otros
EASTER DECORATION NATURAL CHICK;Pascuas
ASSORTED COLOUR SUCTION CUP HOOK;Decoracion
GINGHAM BABUSHKA DOORSTOP;Decoracion
DOORMAT MULTICOLOUR STRIPE;Decoracion
IVORY SCULPTED RND CANDLE;Decoracion
COLUMBIAN CUBE CANDLE;Decoracion
HEART T-LIGHT HOLDER;San Valentin
FOLK ART METAL HEART T-LIGHT HOLDER;Decoracion
CHEST 7 DRAWER MA CAMPAGNE;Decoracion
CERAMIC BOWL WITH STRAWBERRY DESIGN;Cocina
AMETHYST CHUNKY BEAD BRACELET W STR;Joyeria y accesorios
AMBER CHUNKY BEAD BRACELET W STRAP;Joyeria y accesorios
BLUE FLOCK CUSHION COVER;Decoracion
VINTAGE NOTEBOOK BEAUTY GIRL;Libreria y elementos escolares
PAIR BUTTERFLY HAIR CLIPS;Joyeria y accesorios
DOORSTOP FOOTBALL DESIGN;Decoracion
A4 WALL TIDY BLUE OFFICE;Libreria y elementos escolares
CD WALL TIDY RED FLOWERS;Decoracion
MAGAZINE RACK GEBRA ASSORTED;Decoracion
TEA TIME TEAPOT IN GIFT BOX;Cocina
WALL MIRROR RECTANGLE DIAMANTE PINK;Decoracion
CHRISTMAS CRAFT HEART STOCKING;Navidad
HEART STRING MEMO HOLDER HANGING;San Valentin
BLUE PAISLEY SKETCHBOOK;Libreria y elementos escolares
ORANGE VOTIVE CANDLE;Decoracion
4 PINK FLOCK CHRISTMAS BALLS;Navidad
METAL BASE FOR CANDLES;Decoracion
BOX OF 9 PEBBLE CANDLES;Decoracion
FLORAL BLUE MONSTER;Ninios, juegos y juguetes
SET/3 TALL GLASS CANDLE HOLDER PINK;Decoracion
BLUE POLKADOT KIDS BAG;Ninios, juegos y juguetes
GIFT BAG BIRTHDAY;Otros
FUNKY MONKEY GIFT BAG MEDIUM;Ninios, juegos y juguetes
CLEAR LOVE BIRD T-LIGHT HOLDER;Decoracion
PINK DIAMANTE PEN IN GIFT BOX;Libreria y elementos escolares
CHERRY BLOSSOM TABLE CLOCK;Decoracion
REGENCY MIRROR WITH SHUTTERS;Decoracion
VINTAGE KITCHEN PRINT SEAFOOD;Cocina
CARDHOLDER GINGHAM CHRISTMAS TREE;Navidad
PINK CAT BOWL;Cocina
SMALL MEDINA STAMPED METAL BOWL;Cocina
FAWN AND MUSHROOM GREETING CARD;Libreria y elementos escolares
BAKING MOULD CHOCOLATE CUP CAKES;Cocina
SET/6 EAU DE NIL BIRD T-LIGHTS;Decoracion
CHILDS GARDEN RAKE BLUE;Ninios, juegos y juguetes
CHILDS GARDEN FORK PINK;Ninios, juegos y juguetes
CHILDS GARDEN TROWEL PINK;Ninios, juegos y juguetes
PINK REGENCY TEACUP AND SAUCER;Cocina
FRENCH ENAMEL CANDLEHOLDER;Decoracion
GREEN SQUARE COMPACT MIRROR;Joyeria y accesorios
BLUE HEART COMPACT MIRROR;San Valentin
JET BLACK LAS VEGAS NECKLACE 45CM;Joyeria y accesorios
ASSORTED COLOUR METAL CAT;Decoracion
TRIANGULAR POUFFE VINTAGE;Decoracion
FELT TOADSTOOL LARGE;Decoracion
CHALKBOARD KITCHEN ORGANISER;Cocina
4 LAVENDER BOTANICAL DINNER CANDLES;Decoracion
CAKE STAND 3 TIER MAGIC GARDEN;Cocina
BAKING MOULD EASTER EGG MILK CHOC;Cocina
DOORMAT MERRY CHRISTMAS RED;Navidad
CUT GLASS T-LIGHT HOLDER OCTAGON;Decoracion
FUNKY DIVA PEN;Libreria y elementos escolares
RIBBONS PURSE;Joyeria y accesorios
SET/4 SPRING FLOWER DECORATION;Decoracion
ASSORTED CIRCULAR MOBILE;Decoracion
ASS COL CIRCLE MOBILE;Decoracion
METAL TUBE CHIME ON BAMBOO;Decoracion
FLOWER GLASS GARLAND NECKL.36"BLACK;Joyeria y accesorios
MEDIUM CHINESE STYLE SCISSOR;Libreria y elementos escolares
SMALL FOLDING SCISSOR(POINTED EDGE);Libreria y elementos escolares
BLUE BREAKFAST CUP AND SAUCER;Cocina
RETRO "TEA FOR ONE";Cocina
GARDEN PATH NOTEBOOK;Libreria y elementos escolares
ABSTRACT CIRCLES POCKET BOOK;Libreria y elementos escolares
S/4 IVORY MINI ROSE CANDLE IN BOWL;Decoracion
SET/4 BLUE FLOWER CANDLES IN BOWL;Decoracion
RED RETROSPOT SMALL MILK JUG;Cocina
HAIRCLIPS FORTIES FABRIC ASSORTED;Joyeria y accesorios
RETROSPOT CANDLE SMALL;Decoracion
3 TIER SWEETHEART GARDEN SHELF;Decoracion
FAIRY DREAMS INCENSE;Decoracion
DRAGONS BLOOD INCENSE;Decoracion
GOLD FISHING GNOME;Decoracion
SILVER STANDING GNOME;Decoracion
DANISH ROSE PHOTO FRAME;Decoracion
HEARTS GIFT TAPE;San Valentin
SET OF 3 CONEY ISLAND OVAL BOXES;Decoracion
MINT GREEN ROSE TOWEL;Otros
SOFT PINK ROSE TOWEL;Otros
HAND TOWEL PINK FLOWER AND DAISY;Otros
WHITE SOAP RACK WITH 2 BOTTLES;Banio
ROMANTIC IMAGES GIFT WRAP SET;Otros
CURIOUS IMAGES GIFT WRAP SET;Otros
VINTAGE BEAD PINK PURSE;Joyeria y accesorios
TEA TIME TEA SET IN GIFT BOX;Cocina
POMPOM CURTAIN;Decoracion
SET OF 6 RIBBONS VINTAGE CHRISTMAS;Navidad
ENGLISH ROSE SMALL SCENTED FLOWER;Decoracion
FRENCH BLUE METAL DOOR SIGN 4;Decoracion
SET OF 36 DOILIES SPACEBOY DESIGN;Ninios, juegos y juguetes
HAWAIIAN GRASS SKIRT;Otros
HEN HOUSE W CHICK STANDING;Pascuas
ASSORTED EASTER DECORATIONS BELLS;Pascuas
BAKING MOULD EASTER EGG WHITE CHOC;Cocina
SET/4 COLOURFUL MIXING BOWLS;Cocina
SET OF 4 PISTACHIO LOVEBIRD COASTER;Cocina
SET OF 4 BLACK LOVEBIRD COASTERS;Cocina
TEA COSY BLUE STRIPE;Cocina
EMPIRE DESIGN ROSETTE;Decoracion
DOORMAT WELCOME TO OUR HOME;Decoracion
GOLD STANDING GNOME;Decoracion
FIRST CLASS LUGGAGE TAG;Joyeria y accesorios
ASS COL LARGE SAND FROG P'WEIGHT;Otros
GREEN BIRDHOUSE DECORATION;Decoracion
HANGING CHICK CREAM DECORATION;Pascuas
BLUE POLKADOT GARDEN PARASOL;Otros
SILVER FABRIC MIRROR;Decoracion
WHITE HONEYCOMB PAPER GARLAND;Decoracion
DANISH ROSE TRINKET TRAYS;Decoracion
SET 4 NURSERY DES ROUND BOXES;Ninios, juegos y juguetes
DANISH ROSE DELUXE COASTER;Cocina
SMALL KITCHEN FLOWER POTS PLAQUE;Cocina
KITCHEN FLOWER POTS WALL PLAQUE;Cocina
BUNNY WOODEN PAINTED WITH FLOWER;Pascuas
KITTY PENCIL ERASERS;Libreria y elementos escolares
BUNNY WOODEN PAINTED WITH BIRD;Pascuas
WRAP GREEN RUSSIAN FOLKART;Otros
LILY BROOCH OLIVE COLOUR;Joyeria y accesorios
POPART RECT PENCIL SHARPENER ASST;Libreria y elementos escolares
LARGE TORTILLA DESIGN RED BOWL;Cocina
YELLOW METAL CHICKEN HEART;Decoracion
BLUE KNITTED HEN;Pascuas
CANDY SPOT HEART DECORATION;San Valentin
PICNIC BOXES SET OF 3 RETROSPOT;Cocina
BOTTLE BAG RETROSPOT;Otros
GREEN GOOSE FEATHER CHRISTMAS TREE;Navidad
HOLLY TOP CHRISTMAS STOCKING;Navidad
FLOWER PURPLE CLOCK W/SUCKER;Decoracion
SKULLS DESIGN FLANNEL;Halloween
ORIGAMI ROSE INCENSE/CANDLE SET;Decoracion
ORIGAMI JASMINE INCENSE/CANDLE SET;Decoracion
ORIGAMI OPIUM INCENSE/CANDLE SET;Decoracion
ORIGAMI SANDLEWOOD INCENSE/CAND SET;Decoracion
TALL ROCOCO CANDLE HOLDER;Decoracion
MINI CAKE STAND HANGING STRAWBERY;Cocina
FRUIT TREE AND BIRDS WALL PLAQUE;Decoracion
SPRIG LAVENDER ARTIFICIAL FLOWER;Decoracion
SET OF 3 PINK FLYING DUCKS;Decoracion
PAINTED PINK RABBIT;Ninios, juegos y juguetes
FRYING PAN BLUE POLKADOT;Cocina
PINK POLKADOT GARDEN PARASOL;Otros
ENCHANTED BIRD PLANT CAGE;Decoracion
PAPERWEIGHT VINTAGE COLLAGE;Libreria y elementos escolares
PAPERWEIGHT HOME SWEET HOME;Libreria y elementos escolares
STRAWBRY SCENTED VOTIVE CANDLE;Decoracion
LOVE SEAT ANTIQUE WHITE METAL;Decoracion
DOG BOWL VINTAGE CREAM;Cocina
MIRROR MOSAIC GOBLET CANDLE HOLDER;Decoracion
MIRROR MOSAIC T-LIGHT HOLDER;Decoracion
RATTLE SNAKE EGGS;Ninios, juegos y juguetes
MINI HIGHLIGHTER PENS;Libreria y elementos escolares
SILVER PHOTO FRAME;Decoracion
GOLD PHOTO FRAME;Decoracion
LIPSTICK PEN BABY PINK;Maquillaje
KITTENS DESIGN FLANNEL;Otros
FRENCH BLUE METAL DOOR SIGN 2;Decoracion
SET OF 4 POLKADOT PLACEMATS;Cocina
CRYSTAL HOOP EARRING FLORAL LEAF;Joyeria y accesorios
SILVER/AMETHYST DROP EARRINGS LEAF;Joyeria y accesorios
CRYSTAL PAIR HEART HAIR SLIDES;San Valentin
MIDNIGHT BLUE PAIR HEART HAIR SLIDE;Joyeria y accesorios
PINK VINTAGE VICTORIAN EARRINGS;Joyeria y accesorios
ROSE COLOUR PAIR HEART HAIR SLIDES;Joyeria y accesorios
RETROSPOT CANDLE MEDIUM;Decoracion
SMALL TALL CAMPHOR WOOD TOADSTOOL;Decoracion
BLOSSOM IMAGES GIFT WRAP SET;Otros
ASSORTED EASTER GIFT TAGS;Pascuas
ENVELOPE 50 BLOSSOM IMAGES;Libreria y elementos escolares
EASTER TIN KEEPSAKE;Pascuas
EASTER TIN CHICKS IN GARDEN;Pascuas
JIGSAW TREE WITH WATERING CAN;Ninios, juegos y juguetes
JIGSAW TOADSTOOLS 3 PIECE;Ninios, juegos y juguetes
EASTER TIN BUCKET;Pascuas
BLUE TILED TRAY;Cocina
ASSORTED LAQUERED INCENSE HOLDERS;Decoracion
CARTOON PENCIL SHARPENERS;Libreria y elementos escolares
TROPICAL HOLIDAY PURSE;Joyeria y accesorios
CAROUSEL PONIES BABY BIB;Ninios, juegos y juguetes
VIP HOLIDAY PURSE;Joyeria y accesorios
CAKES AND RABBITS DESIGN FLANNEL;Otros
PARTY TIME DESIGN FLANNEL;Otros
ECONOMY HOLIDAY PURSE;Joyeria y accesorios
OLD DOC RUSSEL METAL SIGN;Decoracion
NINJA RABBIT PINK;Ninios, juegos y juguetes
BLUE SHARK HELICOPTER;Ninios, juegos y juguetes
GREEN WIRE STANDING CANDLE HOLDER;Decoracion
ROMANTIC IMAGES SCRAP BOOK SET;Libreria y elementos escolares
MINI JIGSAW PURDEY;Ninios, juegos y juguetes
LETTER SHAPE PENCIL SHARPENER;Libreria y elementos escolares
BLACK STITCHED WALL CLOCK;Decoracion
DOOR HANGER MUM + DADS ROOM;Otros
QUEEN OF THE SKIES HOLIDAY PURSE;Joyeria y accesorios
GOLD SCROLL GLASS T-LIGHT HOLDER;Decoracion
GLASS JAR MARMALADE;Cocina
PINK BUTTERFLY WASHBAG;Otros
S/4 PINK FLOWER CANDLES IN BOWL;Decoracion
FLOWER GLASS GARLD NECKL36"AMETHYST;Joyeria y accesorios
PURPLE BOUDICCA LARGE BRACELET;Joyeria y accesorios
RED BOUDICCA LARGE BRACELET;Joyeria y accesorios
ANT COPPER TURQ BOUDICCA BRACELET;Joyeria y accesorios
TURQ+RED BOUDICCA LARGE BRACELET;Joyeria y accesorios
PINK BOUDICCA LARGE BRACELET;Joyeria y accesorios
BATHROOM SCALES, TROPICAL BEACH;Banio
LARGE PINK GLASS SUNDAE DISH;Cocina
CHARLIE & LOLA WASTEPAPER BIN BLUE;Ninios, juegos y juguetes
BLACK CHRISTMAS FLOCK DROPLET;Navidad
WHITE CHRISTMAS FLOCK DROPLET;Navidad
FLOWERS TILE HOOK;Decoracion
DANISH ROSE BEDSIDE CABINET;Decoracion
CAKE STAND VICTORIAN FILIGREE LARGE;Cocina
PINK GLASS TASSLE BAG CHARM;Joyeria y accesorios
WHITE MURANO TWIST BRACELET;Joyeria y accesorios
DOORSTOP RACING CAR DESIGN;Decoracion
BLACK SILOUETTE CANDLE PLATE;Decoracion
4 VANILLA BOTANICAL CANDLES;Decoracion
HEN PARTY CORDON BARRIER TAPE;Otros
VINTAGE UNION JACK SHOPPING BAG;Otros
FRENCH KITCHEN SIGN BLUE METAL;Decoracion
EMPIRE GIFT WRAP;Otros
CANDLE PLATE LACE WHITE;Decoracion
ANT SILVER FUSCHIA BOUDICCA RING;Joyeria y accesorios
PINK/WHITE GLASS DEMI CHOKER;Joyeria y accesorios
GOLD M PEARL ORBIT NECKLACE;Joyeria y accesorios
CHUNKY SILVER NECKLACE PASTEL FLOWE;Joyeria y accesorios
IVORY SHELL HEART NECKLACE;Joyeria y accesorios
MOROCCAN BEATEN METAL DISH LARGE;Cocina
ZINC HEART LATTICE T-LIGHT HOLDER;San Valentin
RIDGED GLASS T-LIGHT HOLDER;Decoracion
ZINC HEART LATTICE CHARGER LARGE;Decoracion
ZINC HEART LATTICE CHARGER SMALL;Decoracion
SILVER APERITIF GLASS;Cocina
ANTIQUE GLASS PLACE SETTING;Cocina
SET OF 6 HERB TINS SKETCHBOOK;Cocina
SET OF 6 SPICE TINS PANTRY DESIGN;Cocina
SET OF 3 CAKE TINS PANTRY DESIGN;Cocina
PINK DOG CANNISTER;Cocina
ORANGE TV TRAY TABLE;Cocina
BLUE TV TRAY TABLE;Cocina
PURPLE BERTIE GLASS BEAD BAG CHARM;Joyeria y accesorios
SWEETHEART CREAM STEEL TABLE RECT;Decoracion
GREY ACRYLIC FACETED BANGLE;Joyeria y accesorios
MR ROBOT SOFT TOY;Ninios, juegos y juguetes
LARGE CAKE TOWEL CHOCOLATE SPOTS;Otros
DANISH ROSE FOLDING CHAIR;Decoracion
PINK LOVE BIRD CANDLE;San Valentin
DIAMANTE RING ASSORTED IN BOX.;Joyeria y accesorios
RED ACRYLIC FACETED BANGLE;Joyeria y accesorios
PURPLE ACRYLIC FACETED BANGLE;Joyeria y accesorios
VINTAGE BLUE KITCHEN CABINET;Cocina
SMALL PINK GLASS SUNDAE DISH;Cocina
HOME GARLAND PAINTED ZINC;Decoracion
SET 3 WICKER STORAGE BASKETS;Decoracion
SILVER ROCOCO CANDLE STICK;Decoracion
RED VICTORIAN FABRIC OVAL BOX;Decoracion
NUMBER TILE VINTAGE FONT 8;Decoracion
NUMBER TILE VINTAGE FONT 5;Decoracion
DANISH ROSE DECORATIVE PLATE;Decoracion
WAKE UP COCKEREL TILE HOOK;Decoracion
BAKING MOULD TOFFEE CUP CHOCOLATE;Cocina
BAKING MOULD CUPCAKE CHOCOLATE;Cocina
SET OF 3 CAKE TINS SKETCHBOOK;Cocina
VIPPASSPORT COVER;Joyeria y accesorios
VINTAGE BEAD PINK SCARF;Otros
WHITE HAND TOWEL WITH BUTTERFLY;Otros
WRAP CIRCUS PARADE;Ninios, juegos y juguetes
CHILDS GARDEN FORK BLUE;Ninios, juegos y juguetes
CHILDS GARDEN TROWEL BLUE;Ninios, juegos y juguetes
HAPPY EASTER HANGING DECORATION;Pascuas
HANGING HEART BASKET;San Valentin
3D HEARTS HONEYCOMB PAPER GARLAND;San Valentin
HANGING SPRING FLOWER EGG LARGE;Pascuas
WHITE STITCHED WALL CLOCK;Decoracion
SET OF 4 CAROUSEL PLACEMATS;Ninios, juegos y juguetes
ASSTD COL BUTTERFLY/CRYSTAL W/CHIME;Decoracion
BLUE DAISY MOBILE;Decoracion
ASS FLORAL PRINT MULTI SCREWDRIVER;Otros
NUMBER TILE VINTAGE FONT No;Decoracion
NUMBER TILE VINTAGE FONT 9;Decoracion
NUMBER TILE VINTAGE FONT 7;Decoracion
NUMBER TILE VINTAGE FONT 6;Decoracion
NUMBER TILE VINTAGE FONT 4;Decoracion
NUMBER TILE VINTAGE FONT 3;Decoracion
NUMBER TILE VINTAGE FONT 2;Decoracion
NUMBER TILE VINTAGE FONT 1;Decoracion
NUMBER TILE VINTAGE FONT 0;Decoracion
CERAMIC LOVE HEART MONEY BANK;San Valentin
PENS ASSORTED SPACEBALL;Libreria y elementos escolares
PENS ASSORTED FUNKY JEWELED;Libreria y elementos escolares
VINTAGE PINK DECORATIVE PARASOL;Otros
HIPPY CHIC DECORATIVE PARASOL;Otros
MRS ROBOT SOFT TOY;Ninios, juegos y juguetes
PINK BERTIE GLASS BEAD BAG CHARM;Joyeria y accesorios
PINK HEARTS LIGHT CHAIN;San Valentin
RED HEARTS LIGHT CHAIN;San Valentin
SET/6 FROG PRINCE T-LIGHT CANDLES;Ninios, juegos y juguetes
WHITE TEA,COFFEE,SUGAR JARS;Cocina
PINK STITCHED WALL CLOCK;Decoracion
JAM JAR WITH BLUE LID;Cocina
GLASS CHALICE GREEN SMALL;Cocina
BLUE POT PLANT CANDLE;Decoracion
FROSTED WHITE BASE;Decoracion
MULTICOLOUR HONEYCOMB PAPER GARLAND;Decoracion
MILK PAN BLUE POLKADOT;Cocina
CRYSTAL STUD EARRINGS ASSORTED COL;Joyeria y accesorios
RETRO BROWN BALL ASHTRAY;Otros
BEACH HUT DESIGN BLACKBOARD;Decoracion
FIRST CLASS PASSPORT COVER;Joyeria y accesorios
BEACH HUT KEY CABINET;Decoracion
TURQ ICE CREAM BUM BAG;Joyeria y accesorios
SILVER ROCCOCO CHANDELIER;Decoracion
PINK FLY SWAT;Otros
BLUE FLY SWAT;Otros
LARGE RED RETROSPOT WINDMILL;Ninios, juegos y juguetes
ORIGAMI ROSE INCENSE IN TUBE;Decoracion
METAL SIGN CUPCAKE SINGLE HOOK;Decoracion
IVORY HANGING DECORATION EGG;Pascuas
VINTAGE RED MUG;Cocina
CAKE PLATE LOVEBIRD PINK;Cocina
AMBER DIAMANTE EXPANDABLE RING;Joyeria y accesorios
FINE SILVER NECKLACE W PASTEL FLOWE;Joyeria y accesorios
ANT COPPER PINK BOUDICCA BRACELET;Joyeria y accesorios
ANT COPPER LIME BOUDICCA BRACELET;Joyeria y accesorios
GREEN GLASS TASSLE BAG CHARM;Joyeria y accesorios
TURQUOISE GLASS TASSLE BAG CHARM;Joyeria y accesorios
EGG CUP NATURAL CHICKEN;Pascuas
SET/4 RED MINI ROSE CANDLE IN BOWL;Decoracion
FELT FARM ANIMAL SHEEP;Ninios, juegos y juguetes
FELT FARM ANIMAL RABBIT;Ninios, juegos y juguetes
FELT FARM ANIMAL HEN;Ninios, juegos y juguetes
PINK CHRISTMAS FLOCK DROPLET;Navidad
ACRYLIC JEWEL SNOWFLAKE,PINK;Navidad
JARDIN ETCHED GLASS FRUITBOWL;Cocina
RIDGED GLASS POSY VASE;Decoracion
BLACK CHRISTMAS TREE 120CM;Navidad
FRESHWATER PEARL BRACELET GOLD;Joyeria y accesorios
PALE PINK/AMETHYST STONE NECKLACE;Joyeria y accesorios
FIRE POLISHED GLASS NECKL GOLD;Joyeria y accesorios
PEARL & SHELL 42"NECKL. GREEN;Joyeria y accesorios
TEAL/FUSCHIA COL BEAD NECKLACE;Joyeria y accesorios
AMBER FINE BEAD NECKLACE W TASSEL;Joyeria y accesorios
PINK FLOCK GLASS CANDLEHOLDER;Decoracion
JARDIN ETCHED GLASS SMALL BELL JAR;Decoracion
BOTANICAL ROSE GREETING CARD;Libreria y elementos escolares
BOTANICAL LILY GREETING CARD;Libreria y elementos escolares
BLACK MEDIUM GLASS CAKE STAND;Cocina
STRIPES DESIGN MONKEY DOLL;Ninios, juegos y juguetes
S/4 GROOVY CAT MAGNETS;Decoracion
BLUE GINGHAM ROSE CUSHION COVER;Decoracion
PING! MICROWAVE PLATE;Cocina
MINI PAINTED GARDEN DECORATION;Decoracion
ASSTD FRUIT+FLOWERS FRIDGE MAGNETS;Decoracion
ORIGAMI LAVENDER INCENSE/CANDL SET;Decoracion
PINK HONEYCOMB PAPER FAN;Decoracion
CLASSIC FRENCH STYLE BASKET GREEN;Otros
FOLDING UMBRELLA BLACKBLUE POLKADOT;Otros
ORIGAMI VANILLA INCENSE CONES;Decoracion
ORIGAMI VANILLA INCENSE/CANDLE SET;Decoracion
NUMBER TILE COTTAGE GARDEN 0;Decoracion
NUMBER TILE COTTAGE GARDEN 9;Decoracion
NUMBER TILE COTTAGE GARDEN No;Decoracion
NUMBER TILE COTTAGE GARDEN 6;Decoracion
NUMBER TILE COTTAGE GARDEN 2;Decoracion
NUMBER TILE COTTAGE GARDEN 7;Decoracion
NUMBER TILE COTTAGE GARDEN 5;Decoracion
NUMBER TILE COTTAGE GARDEN 4;Decoracion
NUMBER TILE COTTAGE GARDEN 1;Decoracion
NUMBER TILE COTTAGE GARDEN 3;Decoracion
COFFEE MUG PEARS DESIGN;Cocina
SCOTTIES DESIGN WASHBAG;Otros
ROUND WHITE CONFETTI IN TUBE;Decoracion
PINK HEART CONFETTI IN TUBE;San Valentin
CAKE STAND LACE WHITE;Cocina
LONDON BUS COFFEE MUG;Cocina
PINK ENAMEL+GLASS HAIR COMB;Joyeria y accesorios
COFFEE MUG APPLES DESIGN;Cocina
CERAMIC BOWL WITH LOVE HEART DESIGN;San Valentin
BOTANICAL ROSE GIFT WRAP;Otros
PINK SPOTS CHOCOLATE NESTING BOXES;Cocina
QUEENS GUARD COFFEE MUG;Cocina
GREEN ROUND COMPACT MIRROR;Joyeria y accesorios
SET/4 WHITE RETRO STORAGE CUBES;Decoracion
PSYCHEDELIC TILE COASTER;Cocina
RED PUDDING SPOON;Cocina
MULTICOLOUR RABBIT EGG WARMER;Pascuas
CURIOUS IMAGES SCRAP BOOK SET;Libreria y elementos escolares
MAGIC SHEEP WOOL GROWING FROM PAPER;Ninios, juegos y juguetes
SET OF 4 DIAMOND NAPKIN RINGS;Cocina
PINK NEW BAROQUE FLOCK CANDLESTICK;Decoracion
SILVER HOOP EARRINGS WITH FLOWER;Joyeria y accesorios
SILVER LARIAT BLACK STONE EARRINGS;Joyeria y accesorios
APRON MODERN VINTAGE COTTON;Cocina
PAPERWEIGHT VINTAGE PAISLEY;Libreria y elementos escolares
POLKADOT COFFEE CUP & SAUCER PINK;Cocina
EAU DE NIL LOVE BIRD CANDLE;Decoracion
BLACK SMALL GLASS CAKE STAND;Cocina
SKULLS STORAGE BOX LARGE;Halloween
PAPERWEIGHT KINGS CHOICE;Libreria y elementos escolares
FELT EGG COSY LADYBIRD;Pascuas
HOUSE SHAPE PENCIL SHARPENER;Libreria y elementos escolares
VINTAGE KITCHEN PRINT FRUITS;Cocina
TEATIME ROUND PENCIL SHARPENER;Libreria y elementos escolares
MOBILE VINTAGE HEARTS;San Valentin
FRENCH LAVENDER SCENT HEART;Decoracion
4 PINK DINNER CANDLE SILVER FLOCK;Decoracion
ORIGAMI SANDLEWOOD INCENSE+FLOWER;Decoracion
ENAMEL PINK TEA CONTAINER;Cocina
ENAMEL PINK COFFEE CONTAINER;Cocina
TROPICAL PASSPORT COVER;Joyeria y accesorios
SUNFLOWER DECORATIVE PARASOL;Otros
PINK FLUFFY CHRISTMAS DECORATION;Navidad
MONEY BOX HOUSEKEEPING DESIGN;Decoracion
IVORY HANGING DECORATION BIRD;Decoracion
SILVER DISCO HANDBAG;Joyeria y accesorios
SILVER T-LIGHT SETTING;Decoracion
BLOSSOM IMAGES SCRAP BOOK SET;Libreria y elementos escolares
RETROSPOT CANDLE LARGE;Decoracion
DECORATION WHITE CHICK MAGIC GARDEN;Pascuas
MONEY BOX FIRST ADE DESIGN;Decoracion
PINK GINGHAM CAT WITH SCARF;Ninios, juegos y juguetes
FLORAL SOFT CAR TOY;Ninios, juegos y juguetes
PINK CHICK EGG WARMER + EGG CUP;Pascuas
BLUE TILE HOOK;Decoracion
PINK FELT EASTER RABBIT GARLAND;Pascuas
SCHOOL DESK AND CHAIR;Libreria y elementos escolares
WHITE BAROQUE WALL CLOCK;Decoracion
BLACK BAROQUE WALL CLOCK;Decoracion
SET/3 POLKADOT STACKING TINS;Decoracion
TEA COSY RED STRIPE;Cocina
WOODLAND STORAGE BOX LARGE;Decoracion
CAKE STAND LOVEBIRD 2 TIER PINK;Cocina
POLYESTER FILLER PAD 30CMx30CM;Otros
MOCK LOBSTER FRIDGE MAGNET;Decoracion
WOODEN BOX ADVENT CALENDAR;Navidad
DROP DIAMANTE EARRINGS PURPLE;Joyeria y accesorios
ANT COPPER RED BOUDICCA BRACELET;Joyeria y accesorios
DROP DIAMANTE EARRINGS BLACK DIAMON;Joyeria y accesorios
VINTAGE ROSE BEAD BRACELET RASPBERR;Joyeria y accesorios
LAZER CUT NECKLACE W PASTEL BEADS;Joyeria y accesorios
5 STRAND GLASS NECKLACE AMBER;Joyeria y accesorios
SILVER/MOP ORBIT NECKLACE;Joyeria y accesorios
DAISY HAIR BAND;Joyeria y accesorios
PURPLE CHUNKY GLASS+BEAD NECKLACE;Joyeria y accesorios
SUMMER DAISIES BAG CHARM;Joyeria y accesorios
CLASSIC FRENCH STYLE BASKET BROWN;Otros
EAU DE NILE JEWELLED PHOTOFRAME;Decoracion
PINK BOUDOIR T-LIGHT HOLDER;Decoracion
CREAM DELPHINIUM ARTIFICIAL FLOWER;Decoracion
LARGE WHITE/PINK ROSE ART FLOWER;Decoracion
MEDIUM WHITE/PINK ROSE ART FLOWER;Decoracion
WHITE ANEMONE ARTIFICIAL FLOWER;Decoracion
PINK CANDYSTUFT ARTIFICIAL FLOWER;Decoracion
PINK BABY BUNTING;Ninios, juegos y juguetes
DECORATION , WOBBLY RABBIT , METAL;Pascuas
FROG CANDLE;Decoracion
WRAP MONSTER FUN;Ninios, juegos y juguetes
TOYBOX WRAP;Ninios, juegos y juguetes
BLUE BLOSSOM HAIR CLIP;Joyeria y accesorios
PINK STRAWBERRY HANDBAG;Joyeria y accesorios
MIRRORED WALL ART TABLE LAMP;Decoracion
SMALL SKULL WINDMILL;Halloween
SET/3 RABBITS FLOWER SKIPPPING ROPE;Ninios, juegos y juguetes
BEADED CRYSTAL HEART GREEN LARGE;Decoracion
GREETING CARD,SQUARE, DOUGHNUTS;Libreria y elementos escolares
DINOSAUR HEIGHT CHART STICKER SET;Ninios, juegos y juguetes
HOT WATER BOTTLE BABUSHKA LARGE;Otros
BIRTHDAY BANNER TAPE;Otros
MINI JIGSAW GO TO THE FAIR;Ninios, juegos y juguetes
WHITE HEART CONFETTI IN TUBE;San Valentin
GLASS BEAD HOOP EARRINGS BLACK;Joyeria y accesorios
GLASS BEAD HOOP EARRINGS AMETHYST;Joyeria y accesorios
SILVER M.O.P ORBIT BRACELET;Joyeria y accesorios
MURANO STYLE GLASS BRACELET RED;Joyeria y accesorios
GREEN MURANO TWIST BRACELET;Joyeria y accesorios
MURANO STYLE GLASS BRACELET BLACK;Joyeria y accesorios
CANNABIS LEAF BEAD CURTAIN;Decoracion
OPIUM SCENTED VOTIVE CANDLE;Decoracion
LETTER "D" BLING KEY RING;Joyeria y accesorios
LOVE HEART TRINKET POT;San Valentin
PINK POT PLANT CANDLE;Decoracion
GLOW IN DARK DOLPHINS;Ninios, juegos y juguetes
LAVENDER SCENT CAKE CANDLE;Decoracion
FRENCH BLUE METAL DOOR SIGN 7;Decoracion
YELLOW DRAGONFLY HELICOPTER;Ninios, juegos y juguetes
CHEST NATURAL WOOD 20 DRAWERS;Decoracion
WHEELBARROW FOR CHILDREN;Ninios, juegos y juguetes
CHILDS GARDEN RAKE PINK;Ninios, juegos y juguetes
BAKING SET 9 PIECE RETROSPOT;Cocina
PINK PAPER PARASOL;Otros
12 EGG HOUSE PAINTED WOOD;Pascuas
PINK METAL CHICKEN HEART;Pascuas
GREEN CAT FLORAL CUSHION COVER;Decoracion
EDWARDIAN DROP EARRINGS JET BLACK;Joyeria y accesorios
PURPLE FRANGIPANI HAIRCLIP;Joyeria y accesorios
BLACK FLOWER CANDLE PLATE;Decoracion
BLUE EGG SPOON;Cocina
VINTAGE RED TEATIME MUG;Cocina
POPART WOODEN PENCILS ASST;Libreria y elementos escolares
RED POLKADOT BEAKER;Cocina
SET OF 36 DINOSAUR PAPER DOILIES;Ninios, juegos y juguetes
TEA PARTY WRAPPING PAPER;Otros
WHITE ROSEBUD PEARL EARRINGS;Joyeria y accesorios
RED PURSE WITH PINK HEART;San Valentin
BLUE CHENILLE SHAGGY CUSHION COVER;Decoracion
PINK CAT FLORAL CUSHION COVER;Decoracion
VINTAGE GLASS TEA CADDY;Cocina
RELAX LARGE WOOD LETTERS;Decoracion
FLOWERS TILE COASTER;Cocina
JARDIN ETCHED GLASS CHEESE DISH;Cocina
HANGING CHICK GREEN DECORATION;Pascuas
HANGING HEN ON NEST DECORATION;Pascuas
EASTER CRAFT 4 CHICKS;Pascuas
SILVER FISHING GNOME;Decoracion
BOX/12 CHICK & EGG IN BASKET;Pascuas
HANGING SPRING FLOWER EGG SMALL;Pascuas
MINI LADLE LOVE HEART RED;San Valentin
CARD WEDDING DAY;Libreria y elementos escolares
PINK/FLOWER RABBIT EGG WARMER;Pascuas
75 GREEN FAIRY CAKE CASES;Cocina
SET OF 16 VINTAGE BLACK CUTLERY;Cocina
ENGLISH ROSE METAL WASTE BIN;Otros
WRAP DAISY CARPET;Otros
SET/3 POT PLANT CANDLES;Decoracion
WRAP WEDDING DAY;Otros
HANGING METAL RABBIT DECORATION;Pascuas
FUSCHIA RETRO BAR STOOL;Decoracion
CONDIMENT TRAY 4 BOWLS AND 4 SPOONS;Cocina
CANDY SPOT BUNNY;Ninios, juegos y juguetes
PINK SCOTTIE DOG W FLOWER PATTERN;Ninios, juegos y juguetes
BLUE SCOTTIE DOG W FLOWER PATTERN;Ninios, juegos y juguetes
RABBIT EASTER DECORATION;Pascuas
MULTICOLOUR EASTER RABBIT;Pascuas
HILDA CANDY SPOT RABBIT;Ninios, juegos y juguetes
ANTIQUE CREAM CUTLERY SHELF;Cocina
VINTAGE WOODEN BAR STOOL;Decoracion
YELLOW POT PLANT CANDLE;Decoracion
DAISY FOLKART HEART DECORATION;Decoracion
PAINTED YELLOW WOODEN DAISY;Decoracion
DAISIES HONEYCOMB GARLAND;Decoracion
ZINC TOP 2 DOOR WOODEN SHELF;Decoracion
CONGRATULATIONS BUNTING;Decoracion
PSYCHEDELIC TILE HOOK;Decoracion
VINTAGE KITCHEN PRINT PUDDINGS;Cocina
ICON PLACEMAT POP ART ELVIS;Cocina
CAKE STAND VICTORIAN FILIGREE SMALL;Cocina
WRAP, CAROUSEL;Ninios, juegos y juguetes
GLASS CHALICE BLUE SMALL;Cocina
EAU DE NILE HEART SHAPE PHOTO FRAME;San Valentin
BLUE VOILE LAMPSHADE;Decoracion
ROSE DU SUD DRAWSTRING BAG;Otros
SET/6 COLLAGE PAPER CUPS;Cocina
SET/6 FRUIT SALAD PAPER CUPS;Cocina
SET/6 FRUIT SALAD PAPER PLATES;Cocina
CANDY SPOT EGG WARMER HARE;Pascuas
CANDY SPOT EGG WARMER RABBIT;Pascuas
GREETING CARD, STICKY GORDON;Libreria y elementos escolares
GREETING CARD, OVERCROWDED POOL.;Libreria y elementos escolares
DECORATION BUTTERFLY MAGIC GARDEN;Decoracion
DECORATION PINK CHICK MAGIC GARDEN;Pascuas
BUNNY DECORATION MAGIC GARDEN;Pascuas
GREETING CARD, TWO SISTERS.;Libreria y elementos escolares
SET OF 4 POLKADOT COASTERS;Cocina
CITRUS GARLAND FELT FLOWERS;Decoracion
SET/4 BADGES DOGS;Ninios, juegos y juguetes
SET/4 BADGES BEETLES;Ninios, juegos y juguetes
EASTER DECORATION HANGING BUNNY;Pascuas
EASTER DECORATION SITTING BUNNY;Pascuas
EASTER DECORATION EGG BUNNY;Pascuas
ROSE DU SUD CUSHION COVER;Decoracion
LIGHTHOUSE PRINTED METAL SIGN;Decoracion
TURQUOISE HEART OF GLASS BRACELET;Joyeria y accesorios
GREEN HEART OF GLASS BRACELET;Joyeria y accesorios
PINK CRYSTAL+GLASS BRACELET;Joyeria y accesorios
BLACK CHUNKY BEAD BRACELET W STRAP;Joyeria y accesorios
TURQUOISE CRYSTAL+GLASS BRACELET;Joyeria y accesorios
RESIN BRACELET W PASTEL BEADS;Joyeria y accesorios
RESIN NECKLACE W PASTEL BEADS;Joyeria y accesorios
LARGE CIRCULAR MIRROR MOBILE;Decoracion
NEW BAROQUE JEWELLERY BOX;Joyeria y accesorios
NEW BAROQUE BLACK BOXES;Decoracion
MOROCCAN BEATEN METAL MIRROR;Decoracion
BLUE CRUSOE CHECK LAMPSHADE;Decoracion
VINTAGE KITCHEN PRINT VEGETABLES;Cocina
HANGING WOOD AND FELT BUTTERFLY;Decoracion
HANGING WOOD AND FELT FLOWER;Decoracion
SET OF 12 MINI BUNNIES IN A BUCKET;Ninios, juegos y juguetes
NINJA RABBIT BLACK;Ninios, juegos y juguetes
DECORATIVE FLORE BATHROOM BOTTLE;Banio
BLOSSOM IMAGES NOTEBOOK SET;Libreria y elementos escolares
PINK HEART RED HANDBAG;Joyeria y accesorios
LITTLE PINK MONSTER SOFT TOY;Ninios, juegos y juguetes
TEA TIME TEA TOWELS;Cocina
PASTEL COLOUR HONEYCOMB FAN;Decoracion
PINK CHERRY LIGHTS;Decoracion
HANGING RIDGE GLASS T-LIGHT HOLDER;Decoracion
COLOURFUL FLOWER FRUIT BOWL;Cocina
EASTER TREE YELLOW BIRDS;Pascuas
FIRST CLASS HOLIDAY PURSE;Joyeria y accesorios
GLASS CAKE COVER AND PLATE;Cocina
BIRD DECORATION GREEN POLKADOT;Decoracion
PINK POLKADOT KIDS BAG;Ninios, juegos y juguetes
MIRROR MOSAIC T-LIGHT HOLDER ROUND;Decoracion
WRAP DOILEY DESIGN;Otros
PINK RETRO BIG FLOWER BAG;Joyeria y accesorios
MINI LADLE LOVE HEART PINK;San Valentin
WHITE/PINK CHICK DECORATION;Pascuas
WRAP ALPHABET DESIGN;Libreria y elementos escolares
PINK FELT EASTER EGG BASKET;Pascuas
FOLK FELT HANGING MULTICOL GARLAND;Decoracion
HANGING BUTTERFLY EGG;Pascuas
PINK HANGING GINGHAM EASTER HEN;Pascuas
BLUE HANGING GINGHAM EASTER HEN;Pascuas
DECORATION , WOBBLY CHICKEN, METAL;Pascuas
BUNNY EGG GARLAND;Pascuas
BLOND DOLL DOORSTOP;Decoracion
BLACK/WHITE GLASS/SILVER BRACELET;Joyeria y accesorios
YELLOW EASTER EGG HUNT START POST;Pascuas
GREEN EASTER EGG HUNT START POST;Pascuas
EASTER BUNNY GARLAND OF FLOWERS;Pascuas
CANDY SPOT CUSHION COVER;Decoracion
AQUA BERTIE GLASS BEAD BAG CHARM;Joyeria y accesorios
SET 3 SONG BIRD PAPER EGGS ASSORTED;Pascuas
SET 3 PAPER VINTAGE CHICK PAPER EGG;Pascuas
PEG BAG APPLE DESIGN;Otros
FRYING PAN RED POLKADOT;Cocina
SET/5 RED SPOTTY LID GLASS BOWLS;Cocina
LUNCH BAG RED SPOTTY;Cocina
MIRRORED WALL ART LADIES;Decoracion
BEADED CRYSTAL HEART PINK ON STICK;San Valentin
BEADED CRYSTAL HEART BLUE ON STICK;San Valentin
BEADED CRYSTAL HEART GREEN ON STICK;San Valentin
ASSTD RASTA KEY-CHAINS;Joyeria y accesorios
WRAP POPPIES DESIGN;Otros
EASTER BUNNY HANGING GARLAND;Pascuas
BUNNY EGG BOX;Pascuas
EASTER BUNNY WITH BASKET ON BACK;Pascuas
BLUE EASTER EGG HUNT START POST;Pascuas
3 PINK HEN+CHICKS IN BASKET;Pascuas
12 PINK HEN+CHICKS IN BASKET;Pascuas
EASTER BUNNY WREATH;Pascuas
FROG KING WATERING CAN;Decoracion
PIN CUSHION BABUSHKA BLUE;Otros
50CM METAL STRING WITH 7 CLIPS;Decoracion
ASSORTED SHAPES PHOTO CLIP SILVER;Decoracion
WRAP VINTAGE PETALS DESIGN;Otros
PINK BUTTERFLY CUSHION COVER;Decoracion
WHITE CANDYSTUFT ARTIFICIAL FLOWER;Decoracion
2 PICTURE BOOK EGGS EASTER BUNNY;Pascuas
PINK METAL SWINGING BUNNY;Pascuas
ASSORTED FARMYARD ANIMALS IN BUCKET;Ninios, juegos y juguetes
RED PAPER PARASOL;Otros
MINI ZINC GARDEN DECORATIONS;Decoracion
ZINC HEART LATTICE 2 WALL PLANTER;San Valentin
FLAG OF ST GEORGE;Otros
BLUE VICTORIAN FABRIC OVAL BOX;Decoracion
BLUE SAVANNAH PICNIC HAMPER FOR 2;Cocina
HEN HOUSE W FAMILY IN BARN & NEST;Pascuas
RED/CREAM STRIPE CUSHION COVER;Decoracion
PINK CHERRY BLOSSOM CUP & SAUCER;Cocina
DIAMANTE HEART SHAPED WALL MIRROR,;San Valentin
LETTER "R" BLING KEY RING;Joyeria y accesorios
FOUR RABBIT EASTER DECORATIONS;Pascuas
SET OF 4 GREEN CAROUSEL COASTERS;Ninios, juegos y juguetes
SMALL ROUND CUT GLASS CANDLESTICK;Decoracion
PINK HYDRANGEA ART FLOWER;Decoracion
CROCHET ROSE PURSE WITH SUEDE BACK;Joyeria y accesorios
LA PALMIERA TILE HOOK;Decoracion
SMALL WHITE/PINK ROSE ART FLOWER;Decoracion
OYSTER TRINKET BOX;Decoracion
BEADED CRYSTAL HEART BLUE LARGE;San Valentin
GREEN FERN POCKET BOOK;Libreria y elementos escolares
MIRRORED WALL ART POPPIES;Decoracion
SET/6 POSIES PAPER PLATES;Cocina
FIVE CATS HANGING DECORATION;Decoracion
RED DAISY PAPER LAMPSHADE;Decoracion
PIG MUG IN TWO COLOUR DESIGNS;Cocina
FLAMES SUNGLASSES PINK LENSES;Otros
PINK PILLAR CANDLE SILVER FLOCK;Decoracion
STANDING FAIRY POLE SUPPORT;Decoracion
2 PICTURE BOOK EGGS EASTER DUCKS;Pascuas
RUBY DROP CHANDELIER EARRINGS;Joyeria y accesorios
VINTAGE ENAMEL & CRYSTAL EARRINGS;Joyeria y accesorios
COLUMBIAN CUBE CANDLE;Decoracion
2 PICTURE BOOK EGGS EASTER CHICKS;Pascuas
GLASS SPHERE CANDLE STAND MEDIUM;Decoracion
VINTAGE BEAD PINK SHADE;Decoracion
LETTER "G" BLING KEY RING;Joyeria y accesorios
SUNSET COLOUR CHUNKY KNITTED THROW;Otros
LARGE BLUE PROVENCAL CERAMIC BALL;Decoracion
RECTANGULAR SHAPED MIRROR;Decoracion
DECORATIVE HANGING SHELVING UNIT;Decoracion
BLACK GLASS BRACELET W HEART CHARMS;Joyeria y accesorios
TURQUOISE BERTIE GLASS BEAD CHARM;Joyeria y accesorios
WHITE/PINK CHICK EASTER DECORATION;Pascuas
HANGING WOOD AND FELT HEART;San Valentin
EASTER CRAFT IVY WREATH WITH CHICK;Pascuas
WHITE BEADED GARLAND STRING 20LIGHT;Decoracion
STEEL SWEETHEART ROUND TABLE CREAM;Decoracion
TEATIME PUSH DOWN RUBBER;Libreria y elementos escolares
3 WICK CHRISTMAS BRIAR CANDLE;Navidad
S/2 ZINC HEART DESIGN PLANTERS;San Valentin
CUPID SCENTED CANDLE IN GLASS;San Valentin
MAGIC GARDEN FELT GARLAND;Decoracion
WHITE HEART OF GLASS BRACELET;Joyeria y accesorios
PINK HEART OF GLASS BRACELET;Joyeria y accesorios
AMBER GLASS/SILVER BRACELET;Joyeria y accesorios
LONG SILVER NECKLACE PASTEL FLOWER;Joyeria y accesorios
GOLD/M.O.P PENDANT ORBIT NECKLACE;Joyeria y accesorios
SILVER/M.O.P PENDANT ORBIT NECKLACE;Joyeria y accesorios
FLORAL BATHROOM SET;Banio
GREEN METAL SWINGING BUNNY;Pascuas
VINTAGE NOTEBOOK TRAVELOGUE;Libreria y elementos escolares
SMALL CHUNKY GLASS ROMAN BOWL;Cocina
GLASS CHALICE GREEN LARGE;Cocina
GOLD TEDDY BEAR;Ninios, juegos y juguetes
BLACK BIRD GARDEN DESIGN MUG;Cocina
15 PINK FLUFFY CHICKS IN BOX;Ninios, juegos y juguetes
ZINC HEART LATTICE TRAY OVAL;San Valentin
SET OF 6 ICE CREAM SKITTLES;Ninios, juegos y juguetes
BLUE CUSHION COVER WITH FLOWER;Decoracion
PINK YELLOW PATCH CUSHION COVER;Decoracion
A4 WALL TIDY RED FLOWERS;Decoracion
PEACH KNITTED HEN;Pascuas
INCENSE BAZAAR PEACH;Decoracion
TRANQUILITY MASALA INCENSE;Decoracion
OCEAN STRIPE HAMMOCK;Otros
VINTAGE SHELLS PRINT;Decoracion
ELEPHANT CLIP W SUCTION CUP;Decoracion
CHERRY BLOSSOM DECORATIVE FLASK;Otros
WHITE HYDRANGEA ART FLOWER;Decoracion
CREAM CLIMBING HYDRANGA ART FLOWER;Decoracion
BLUE STONES ON WIRE FOR CANDLE;Decoracion
CANDY HEART HANGING DECORATION;San Valentin
GLITTER HEART DECORATION;San Valentin
PINK JEWELLED PHOTO FRAME;Decoracion
PINK JEWELLED PHOTO FRAME;Decoracion
GINGHAM HEART DECORATION;San Valentin
PINK GAUZE BUTTERFLY LAMPSHADE;Decoracion
CHERRY BLOSSOM CANVAS ART PICTURE;Decoracion
BOTANICAL LAVENDER GIFT WRAP;Otros
PINK/PURPLE RETRO RADIO;Otros
MEDIUM PINK BUDDHA HEAD;Decoracion
PET MUG, GOLDFISH;Cocina
TINY CRYSTAL BRACELET GREEN;Joyeria y accesorios
NECKLACE+BRACELET PINK BUTTERFLY;Joyeria y accesorios
ICE CREAM DESIGN GARDEN PARASOL;Otros
SET 2 PANTRY DESIGN TEA TOWELS;Cocina
MINI JIGSAW LEAP FROG;Ninios, juegos y juguetes
METAL RABBIT LADDER EASTER;Pascuas
LUNCH BOX WITH CUTLERY FAIRY CAKES;Cocina
COTTON APRON PANTRY DESIGN;Cocina
GIRLS ALPHABET IRON ON PATCHES;Ninios, juegos y juguetes
BOYS ALPHABET IRON ON PATCHES;Ninios, juegos y juguetes
WHITE TRAVEL ALARM CLOCK;Otros
FLORAL PINK MONSTER;Ninios, juegos y juguetes
CANDY SPOT TEA COSY;Cocina
ICON MUG REVOLUTIONARY;Cocina
ACRYLIC JEWEL SNOWFLAKE, PINK;Navidad
POCKET MIRROR "GLAMOROUS";Joyeria y accesorios
WHITE ENAMEL FLOWER HAIR TIE;Joyeria y accesorios
GREEN ENAMEL FLOWER HAIR TIE;Joyeria y accesorios
BUTTERFLY HAIR BAND;Joyeria y accesorios
FIRE POLISHED GLASS BRACELET BLACK;Joyeria y accesorios
BLUE MURANO TWIST BRACELET;Joyeria y accesorios
JADE CRYSTAL+GLASS BRACELET;Joyeria y accesorios
RUBY GLASS CLUSTER BRACELET;Joyeria y accesorios
MIDNIGHT BLUE GLASS/SILVER BRACELET;Joyeria y accesorios
PAINTED SEA SHELL METAL WINDCHIME;Decoracion
FOLDING SHOE TIDY;Otros
MADRAS NOTEBOOK MEDIUM;Libreria y elementos escolares
SQUARE METAL CANDLEHOLDER BASE;Decoracion
ASSORTED TUTTI FRUTTI KEYRING BALL;Joyeria y accesorios
M/COLOUR POM-POM CURTAIN;Decoracion
BLACK CHERRY LIGHTS;Decoracion
CRACKED GLAZE EARRINGS BROWN;Joyeria y accesorios
BLACK VINTAGE CRYSTAL EARRINGS;Joyeria y accesorios
BLACK CRYSTAL DROP EARRINGS;Joyeria y accesorios
WHITE VINTAGE CRYSTAL EARRINGS;Joyeria y accesorios
WHITE VINT ART DECO CRYSTAL NECKLAC;Joyeria y accesorios
BLACK VINT ART DEC CRYSTAL NECKLACE;Joyeria y accesorios
NEW BAROQUE SMALL NECKLACE BLACK;Joyeria y accesorios
SWEETHEART CARRY-ALL BASKET;Otros
LILAC GAUZE BUTTERFLY LAMPSHADE;Decoracion
PINK/PURPLE CIRCLE CURTAIN;Decoracion
GIANT MEDINA STAMPED METAL BOWL;Cocina
PINK FLOWERS RABBIT EASTER;Pascuas
PURPLE AMETHYST NECKLACE W TASSEL;Joyeria y accesorios
BLUE/NAT SHELL NECKLACE W PENDANT;Joyeria y accesorios
SILVER/NAT SHELL NECKLACE W PENDANT;Joyeria y accesorios
SILVER M.O.P ORBIT DROP EARRINGS;Joyeria y accesorios
FILIGREE DIAMANTE EARRINGS;Joyeria y accesorios
JADE DROP EARRINGS W FILIGREE;Joyeria y accesorios
GRASS HOPPER WOODEN WALL CLOCK;Decoracion
IVORY STRING CURTAIN WITH POLE;Decoracion
PINK SQUARE TABLE CLOCK;Decoracion
PINK MONTE CARLO HANDBAG;Joyeria y accesorios
PINK DISCO HANDBAG;Joyeria y accesorios
MUSICAL ZINC HEART DECORATION;Navidad
RETROSPOT WOODEN HEART DECORATION;Decoracion
HANGING METAL CHICKEN DECORATION;Pascuas
PANTRY SCRUBBING BRUSH;Cocina
HANGING HEART WITH BELL;Decoracion
SET OF 4 PANTRY JELLY MOULDS;Cocina
TRAVEL CARD WALLET FLOWER MEADOW;Joyeria y accesorios
TRAVEL CARD WALLET PANTRY;Joyeria y accesorios
TRAVEL CARD WALLET SKULLS;Halloween
TRAVEL CARD WALLET VINTAGE ROSE;Joyeria y accesorios
TRAVEL CARD WALLET TRANSPORT;Joyeria y accesorios
TRAVEL CARD WALLET RETROSPOT;Joyeria y accesorios
TRAVEL CARD WALLET KEEP CALM;Joyeria y accesorios
GIRAFFE WOODEN RULER;Libreria y elementos escolares
REVOLVER WOODEN RULER;Libreria y elementos escolares
POTTING SHED ROSE CANDLE;Decoracion
RETRO PILL BOX , REVOLUTIONARY;Otros
TRAVEL CARD WALLET RETRO PETALS;Joyeria y accesorios
TRAVEL CARD WALLET SUKI;Joyeria y accesorios
TRAVEL CARD WALLET VINTAGE TICKET;Joyeria y accesorios
PANTRY ROLLING PIN;Cocina
TRAVEL CARD WALLET UNION JACK;Joyeria y accesorios
TRAVEL CARD WALLET I LOVE LONDON;Joyeria y accesorios
RETRO TIN ASHTRAY,REVOLUTIONARY;Otros
FRENCH FLORAL CUSHION COVER;Decoracion
FUSCHIA TABLE RUN FLOWER;Decoracion
DOTCOMGIFTSHOP TEA TOWEL;Cocina
CHILDRENS CUTLERY POLKADOT BLUE;Ninios, juegos y juguetes
CHILDRENS CUTLERY POLKADOT PINK;Ninios, juegos y juguetes
S/3 PINK SQUARE PLANTERS ROSES;Decoracion
PURPLE/COPPER HANGING LAMPSHADE;Decoracion
BLUE WHITE PLASTIC RINGS LAMPSHADE;Decoracion
GOLD M.O.P ORBIT DROP EARRINGS;Joyeria y accesorios
WHITE VINTAGE CRYSTAL BRACELET;Joyeria y accesorios
SILVER LARIAT 40CM;Joyeria y accesorios
NEW BAROQUE B'FLY NECKLACE CRYSTAL;Joyeria y accesorios
GLASS BEAD HOOP NECKLACE AMETHYST;Joyeria y accesorios
SILVER BRACELET W PASTEL FLOWER;Joyeria y accesorios
NEW BAROQUE B'FLY NECKLACE GREEN;Joyeria y accesorios
MIDNIGHT BLUE COPPER FLOWER NECKLAC;Joyeria y accesorios
COPPER/OLIVE GREEN FLOWER NECKLACE;Joyeria y accesorios
RASPBERRY ANT COPPER FLOWER NECKLAC;Joyeria y accesorios
GLASS BEAD HOOP NECKLACE GREEN;Joyeria y accesorios
GLASS BEAD HOOP NECKLACE MONTANA;Joyeria y accesorios
PINK AND BLACK STRING CURTAIN;Decoracion
PACK 20 DOLLY PEGS;Otros
SWISS ROLL TOWEL PINK SPOTS;Otros
LUNCH BAG SUKI DESIGN;Cocina
CHILDRENS CUTLERY RETROSPOT RED;Ninios, juegos y juguetes
CHILDRENS CUTLERY POLKADOT GREEN;Ninios, juegos y juguetes
GREEN ENAMEL+GLASS HAIR COMB;Joyeria y accesorios
GREEN HEART COMPACT MIRROR;San Valentin
WOVEN BERRIES CUSHION COVER;Decoracion
T-LIGHT HOLDER WHITE LACE;Decoracion
SCALLOP SHELL SOAP DISH;Banio
HEART BUTTONS JEWELLERY BOX;Joyeria y accesorios
PINK STRING CURTAIN WITH POLE;Decoracion
TOP SECRET PEN SET;Libreria y elementos escolares
LETTER "A" BLING KEY RING;Joyeria y accesorios
NECKLACE+BRACELET SET PINK DAISY;Joyeria y accesorios
NECKLACE+BRACELET SET BLUE BLOSSOM;Joyeria y accesorios
SET/6 POSIES PAPER CUPS;Cocina
JUMBO BAG SCANDINAVIAN BLUE PAISLEY;Otros
PINK CHRYSANTHEMUMS ART FLOWER;Decoracion
STARFISH SOAP DISH;Banio
PINK RIVIERA HANDBAG;Joyeria y accesorios
BEST DAD CANDLE LETTERS;Decoracion
GROOVY CACTUS INFLATABLE;Ninios, juegos y juguetes
HEAVENS SCENT FRAGRANCE OILS ASSTD;Decoracion
SMALL SINGLE FLAME CANDLE HOLDER;Decoracion
PINK FELT HANGING HEART W FLOWER;San Valentin
BEACH HUT SHELF W 3 DRAWERS;Decoracion
FUNKY MONKEY CUSHION COVER;Ninios, juegos y juguetes
PURPLE ANEMONE ARTIFICIAL FLOWER;Decoracion
WHITE ALLIUM ARTIFICIAL FLOWER;Decoracion
PINK FOXGLOVE ARTIIFCIAL FLOWER;Decoracion
MIRRORED DOVE WALL DECORATION;Decoracion
TOILET SIGN OCCUPIED OR VACANT;Decoracion
SMALL BLUE PROVENCAL CERAMIC BALL;Decoracion
PANTRY WASHING UP BRUSH;Cocina
TREASURE ISLAND BOOK BOX;Libreria y elementos escolares
BUFFALO BILL TREASURE BOOK BOX;Libreria y elementos escolares
GYMKHANNA TREASURE BOOK BOX;Libreria y elementos escolares
ABC TREASURE BOOK BOX;Libreria y elementos escolares
PANTRY PASTRY BRUSH;Cocina
DOLLCRAFT GIRL AMELIE KIT;Ninios, juegos y juguetes
DOLLCRAFT GIRL NICOLE;Ninios, juegos y juguetes
CLEAR STATIONERY BOX SET;Libreria y elementos escolares
FELTCRAFT GIRL NICOLE KIT;Ninios, juegos y juguetes
WOVEN FROST CUSHION COVER;Decoracion
FELTCRAFT BOY JEAN-PAUL KIT;Ninios, juegos y juguetes
FELTCRAFT GIRL AMELIE KIT;Ninios, juegos y juguetes
GYMKHANA TREASURE BOOK BOX;Libreria y elementos escolares
MOTHER'S KITCHEN SPOON REST;Cocina
CLOCK MAGNET MUM'S KITCHEN;Decoracion
JAM CLOCK MAGNET;Decoracion
PANTRY APPLE CORER;Cocina
PINK & WHITE ROSEBUD RING;Joyeria y accesorios
WHITE WITH BLACK CATS PLATE;Cocina
MUM'S KITCHEN CLOCK;Decoracion
ASSORTED MINI MADRAS NOTEBOOK;Libreria y elementos escolares
TURQ PENDANT TRIPLE SHELL NECKLACE;Joyeria y accesorios
GREEN PENDANT TRIPLE SHELL NECKLACE;Joyeria y accesorios
BLACK DROP EARRINGS W LONG BEADS;Joyeria y accesorios
BLUE MURANO TWIST NECKLACE;Joyeria y accesorios
RECYCLED ACAPULCO MAT RED;Otros
RECYCLED ACAPULCO MAT PINK;Otros
RECYCLED ACAPULCO MAT LAVENDER;Otros
RECYCLED ACAPULCO MAT GREEN;Otros
RECYCLED ACAPULCO MAT TURQUOISE;Otros
RECYCLED ACAPULCO MAT BLUE;Otros
S/4 ICON COASTER,ELVIS LIVES;Cocina
DOLLCRAFT BOY JEAN-PAUL;Ninios, juegos y juguetes
FRENCH STYLE STORAGE JAR JAM;Cocina
BULL DOG BOTTLE OPENER;Cocina
PINK CRYSTAL GUITAR PHONE CHARM;Joyeria y accesorios
BLACK FEATHER CHRISTMAS DECORATION;Navidad
PURPLE FOXGLOVE ARTIIFCIAL FLOWER;Decoracion
MURANO STYLE GLASS BRACELET GOLD;Joyeria y accesorios
TUSCAN VILLA BIRD FEEDER;Decoracion
GLASS AND PAINTED BEADS BRACELET OL;Joyeria y accesorios
GLASS AND BEADS BRACELET IVORY;Joyeria y accesorios
LETTER "P" BLING KEY RING;Joyeria y accesorios
MIRRORED WALL ART SPLODGES;Decoracion
YELLOW FELT HANGING HEART W FLOWER;San Valentin
PURPLE/TURQ FLOWERS HANDBAG;Joyeria y accesorios
CROCHET ROSE DES CLOTHES HANGER;Otros
BLUE HOLE PUNCH;Libreria y elementos escolares
BABY MOUSE RED GINGHAM DRESS;Ninios, juegos y juguetes
BULL DOG BOTTLE TOP WALL CLOCK;Decoracion
FRENCH STYLE STORAGE JAR BONBONS;Cocina
DOLLCRAFT GIRL AMELIE;Ninios, juegos y juguetes
FRENCH STYLE STORAGE JAR CAFE;Cocina
RUSTIC WOODEN CABINET, GLASS DOORS;Decoracion
YELLOW/BLUE RETRO RADIO;Otros
RETRO PILL BOX KEY CHAIN,THE KING;Otros
I LOVE LONDON BABY GIFT SET;Ninios, juegos y juguetes
SPACEBOY BABY GIFT SET;Ninios, juegos y juguetes
DOLLY GIRL BABY GIFT SET;Ninios, juegos y juguetes
CANDY SPOT HAND BAG;Joyeria y accesorios
CIRCUS PARADE BABY GIFT SET;Ninios, juegos y juguetes
CHERRY BLOSSOM LUGGAGE TAG;Joyeria y accesorios
ENGLISH ROSE NOTEBOOK A6 SIZE;Libreria y elementos escolares
PASTEL PINK PHOTO ALBUM;Decoracion
RED EGG SPOON;Cocina
HELLO SAILOR BATHROOM SET;Banio
BLUE GLASS GEMS IN BAG;Decoracion
HEN HOUSE W CHICK IN NEST;Pascuas
WRAP BAD HAIR DAY;Otros
BLACK ENAMEL FLOWER RING;Joyeria y accesorios
ACRYLIC GEOMETRIC LAMP;Decoracion
PIECE OF CAMO STATIONERY SET;Libreria y elementos escolares
WINE BOTTLE DRESSING LT.BLUE;Cocina
SET OF 16 VINTAGE IVORY CUTLERY;Cocina
LARGE SKULL WINDMILL;Halloween
WOVEN CANDY CUSHION COVER;Decoracion
JUNGLE POPSICLES ICE LOLLY MOULDS;Ninios, juegos y juguetes
FLAG OF ST GEORGE CHAIR;Decoracion
BLUE POLKADOT BEAKER;Cocina
ANTIQUE SILVER T-LIGHT GLASS;Decoracion
ORANGE FLOWER MUG;Cocina
YELLOW PINK FLOWER DESIGN BIG BOWL;Cocina
FRENCH CHATEAU OVAL PLATTER;Cocina
ASSORTED SANSKRIT MINI NOTEBOOK;Libreria y elementos escolares
BLUE FLOWER DES PURSE;Joyeria y accesorios
ELVIS WALLHANGING / CURTAIN;Decoracion
BIG POLKADOT MUG;Cocina
FLOWER GLASS GARLD NECKL36"TURQUOIS;Joyeria y accesorios
RED KUKUI COCONUT SEED NECKLACE;Joyeria y accesorios
PINK/AMETHYST/GOLD NECKLACE;Joyeria y accesorios
ASSORTED COLOUR SILK GLASSES CASE;Otros
DOUGHNUT LIP GLOSS;Maquillaje
ICE CREAM SUNDAE LIP GLOSS;Maquillaje
ICE CREAM PEN LIP GLOSS;Maquillaje
OPEN CLOSED METAL SIGN;Decoracion
WINE BOTTLE DRESSING DARK BLUE;Cocina
CROCHET BEAR RED/BLUE KEYRING;Joyeria y accesorios
PINK HAWAIIAN PICNIC HAMPER FOR 2;Cocina
FAN BLACK FRAME;Otros
POTTING SHED CANDLE CITRONELLA;Decoracion
WRAP BILLBOARD FONTS DESIGN;Otros
SET OF 5 PANCAKE DAY MAGNETS;Decoracion
SET OF 4 JAM JAR MAGNETS;Decoracion
SET OF 5 MINI GROCERY MAGNETS;Decoracion
KNICKERBOCKERGLORY MAGNET ASSORTED;Decoracion
PACK 4 FLOWER/BUTTERFLY PATCHES;Ninios, juegos y juguetes
SET OF 5 LUCKY CAT MAGNETS;Decoracion
JARDIN ETCHED GLASS LARGE BELL JAR;Decoracion
MUMMY MOUSE RED GINGHAM RIBBON;Ninios, juegos y juguetes
FRENCH CHATEAU SMALL FRUITBOWL;Cocina
FRENCH CHATEAU LARGE FRUIT BOWL;Cocina
ANTIQUE CREAM CUTLERY CUPBOARD;Cocina
ENVELOPE 50 ROMANTIC IMAGES;Libreria y elementos escolares
PINK ROSEBUD PEARL BRACELET;Joyeria y accesorios
PINK MURANO TWIST NECKLACE;Joyeria y accesorios
GREEN MURANO TWIST NECKLACE;Joyeria y accesorios
GREEN DIAMANTE PEN IN GIFT BOX;Libreria y elementos escolares
WRAP CAROUSEL;Ninios, juegos y juguetes
NECKLACE+BRACELET SET BLUE HIBISCUS;Joyeria y accesorios
ORANGE FELT VASE + FLOWERS;Decoracion
SET OF 6 NATIVITY MAGNETS;Navidad
SILVER/BLACK ORBIT NECKLACE;Joyeria y accesorios
VINTAGE BEAD COSMETIC BAG;Maquillaje
ENAMEL BLUE RIM TEA CONTAINER;Cocina
BEACH HUT MIRROR;Decoracion
MIRROR MOSAIC CANDLE PLATE;Decoracion
HEN HOUSE WITH CHICK STANDING;Pascuas
BLACK PHOTO ALBUM;Decoracion
TUMBLER BAROQUE;Cocina
GOLDIE LOOKING MIRROR;Decoracion
PINK ROUND COMPACT MIRROR;Joyeria y accesorios
BLUE SQUARE COMPACT MIRROR;Joyeria y accesorios
MIRROR MOSAIC HURRICANE LAMP;Decoracion
DECORATION WOBBLY CHICKEN;Pascuas
DECORATION WOBBLY RABBIT METAL;Pascuas
TEATIME FUNKY FLOWER BACKPACK FOR 2;Ninios, juegos y juguetes
CHILDRENS CUTLERY DOLLY GIRL;Ninios, juegos y juguetes
CHILDRENS CUTLERY SPACEBOY;Ninios, juegos y juguetes
NEW BAROQUE B'FLY NECKLACE PINK;Joyeria y accesorios
CHILDRENS CUTLERY CIRCUS PARADE;Ninios, juegos y juguetes
TUMBLER NEW ENGLAND;Cocina
BOTANICAL LILY GIFT WRAP;Otros
ANTIQUE OPAL WHITE FLOWER EARRINGS;Joyeria y accesorios
BAROQUE BUTTERFLY EARRINGS BLACK;Joyeria y accesorios
MOP PENDANT SHELL NECKLACE;Joyeria y accesorios
YELLOW/ORANGE FLOWER DESIGN PLATE;Cocina
CHARLOTTE BAG VINTAGE ALPHABET;Otros
JUMBO BAG ALPHABET;Otros
LUNCH BAG ALPHABET DESIGN;Libreria y elementos escolares
JUMBO BAG APPLES;Otros
LUNCH BAG APPLE DESIGN;Cocina
CHARLOTTE BAG APPLES DESIGN;Otros
CHARLOTTE BAG ALPHABET DESIGN;Otros
KIDS CUTLERY SPACEBOY;Ninios, juegos y juguetes
KIDS CUTLERY DOLLY GIRL;Ninios, juegos y juguetes
LUNCH BAG VINTAGE LEAF DESIGN;Cocina
HARDMAN MUG 3 ASSORTED;Cocina
S/2 BEACH HUT TREASURE CHESTS;Decoracion
BLUE PADDED SOFT MOBILE;Ninios, juegos y juguetes
PINK FEATHERS CURTAIN;Decoracion
WOVEN BUBBLE GUM CUSHION COVER;Decoracion
WOVEN ROSE GARDEN CUSHION COVER;Decoracion
WOVEN SUNSET CUSHION COVER;Decoracion
SQUARECUSHION COVER PINK UNION JACK;Decoracion
3 BIRDS CANVAS SCREEN;Decoracion
LARGE DECO JEWELLERY STAND;Joyeria y accesorios
PASTEL BLUE PHOTO ALBUM;Decoracion
HEART BEADED TRELLIS DECORATION;San Valentin
GEMSTONE CHANDELIER T-LIGHT HOLDER;Decoracion
BEADED CHANDELIER T-LIGHT HOLDER;Decoracion
SMALL DECO JEWELLERY STAND;Joyeria y accesorios
ALUMINIUM STAMPED HEART;Decoracion
DOUBLE CERAMIC PARLOUR HOOK;Decoracion
ZINC SWEETHEART WIRE LETTER RACK;San Valentin
PARLOUR CERAMIC WALL HOOK;Decoracion
GEORGIAN TRINKET BOX;Decoracion
CROCHET WHITE RABBIT KEYRING;Joyeria y accesorios
SET OF 12 ROSE BOTANICAL T-LIGHTS;Decoracion
BLUE CAT BISCUIT BARREL PINK HEART;Cocina
TRIPLE HOOK ANTIQUE IVORY ROSE;Decoracion
VINTAGE EMBOSSED HEART;Decoracion
GOLD WINE GOBLET;Cocina
GOLD APERITIF GLASS;Cocina
IVORY CHANDELIER T-LIGHT HOLDER;Decoracion
FLOWERS CHANDELIER T-LIGHT HOLDER;Decoracion
TRIPLE WIRE HOOK IVORY HEART;San Valentin
TRIPLE WIRE HOOK PINK HEART;San Valentin
SMALL ZINC HEART WALL ORGANISER;San Valentin
SMALL IVORY HEART WALL ORGANISER;San Valentin
MARIE ANTOIENETT TRINKET BOX GOLD;Decoracion
IVORY SWEETHEART WIRE LETTER RACK;San Valentin
LARGE ZINC HEART WALL ORGANISER;San Valentin
LARGE IVORY HEART WALL ORGANISER;San Valentin
60 GOLD AND SILVER FAIRY CAKE CASES;Cocina
SINGLE ANTIQUE ROSE HOOK IVORY;Decoracion
MINIATURE ANTIQUE ROSE HOOK IVORY;Decoracion
ZINC T-LIGHT HOLDER STARS SMALL;Decoracion
IVORY WIRE KITCHEN ORGANISER;Cocina
IVORY WIRE SWEETHEART LETTER TRAY;San Valentin
SINGLE WIRE HOOK PINK HEART;San Valentin
SINGLE WIRE HOOK IVORY HEART;San Valentin
IVORY SWEETHEART SOAP DISH;Banio
ZINC T-LIGHT HOLDER STAR LARGE;Decoracion
16 PIECE CUTLERY SET PANTRY DESIGN;Cocina
PINK BUTTERFLY CUSHION COVER;Decoracion
ZINC WIRE SWEETHEART LETTER TRAY;San Valentin
PAINTED LIGHTBULB RAINBOW DESIGN;Decoracion
LILAC VOTIVE CANDLE;Decoracion
TEATIME GEL PENS ASST;Libreria y elementos escolares
ORANGE/WHT/FUSCHIA STONES NECKLACE;Joyeria y accesorios
WHITE/PINK MINI CRYSTALS NECKLACE;Joyeria y accesorios
COTE D'AZURE NECKLACE;Joyeria y accesorios
WHITE ROSEBUD PEARL BRACELET;Joyeria y accesorios
PINK ROSEBUD & PEARL NECKLACE;Joyeria y accesorios
WHITE ROSEBUD & PEARL NECKLACE;Joyeria y accesorios
ST TROPEZ NECKLACE;Joyeria y accesorios
RIVIERA NECKLACE;Joyeria y accesorios
CRACKED GLAZE NECKLACE RED;Joyeria y accesorios
EDWARDIAN PHOTO FRAME;Decoracion
MAXWELL 2 TONE BLUE 60 PAGE PHOTO A;Decoracion
MISTLETOE HEART WREATH CREAM;Navidad
HANGING ENGRAVED METAL HEART;Decoracion
BLUE TABLE RUN FLOWER;Decoracion
BLUE STRIPES SHOULDER BAG;Joyeria y accesorios
BLUE CHECK BAG W HANDLE 34X20CM;Otros
LASER CUT MULTI STRAND NECKLACE;Joyeria y accesorios
REGENCY SUGAR TONGS;Cocina
DOORMAT KEEP CALM AND COME IN;Decoracion
DOORMAT VINTAGE LEAVES DESIGN;Decoracion
GREEN ENAMEL FLOWER RING;Joyeria y accesorios
RED ENAMEL FLOWER RING;Joyeria y accesorios
PURPLE ENAMEL FLOWER RING;Joyeria y accesorios
CD WALL TIDY BLUE OFFICE;Libreria y elementos escolares
REGENCY TEA STRAINER;Cocina
SMALL ZINC/GLASS CANDLEHOLDER;Decoracion
GOLD FLOWER CUSHION COVER;Decoracion
SET OF 10 LANTERNS FAIRY LIGHT STAR;Decoracion
PAPER LANTERN 7 POINT SNOW STAR;Navidad
PAPER LANTERN 9 POINT SNOW STAR;Navidad
PAPER LANTERN 9 POINT SNOW STAR;Navidad
CINDERELLA CHANDELIER;Decoracion
BLING KEY RING STAND;Joyeria y accesorios
MISTLETOE HEART WREATH GREEN;Navidad
WHITE 3 FRAME BIRDS AND TREE;Decoracion
FRENCH LATTICE CUSHION COVER;Decoracion
WRAP SUMMER ROSE DESIGN;Otros
FRENCH PAISLEY CUSHION COVER;Decoracion
REGENCY TEA SPOON;Cocina
REGENCY CAKE FORK;Cocina
REGENCY CAKE SLICE;Cocina
ANTIQUE IVORY WIRE BOWL SMALL;Cocina
MINITURE ANTIQUE ROSE HOOK IVORY;Decoracion
PINK FLOCK PHOTO FRAME;Decoracion
ZINC WIRE KITCHEN ORGANISER;Cocina
FOOD COVER WITH BEADS SET 2;Cocina
SPOTTY BUNTING;Decoracion
EDWARDIAN HEART PHOTO FRAME;San Valentin
ZINC SWEETHEART SOAP DISH;Banio
CRYSTAL STUD EARRINGS CLEAR DISPLAY;Joyeria y accesorios
PAPER LANTERN 9 POINT HOLLY STAR 40;Navidad
PAPER LANTERN 5 POINT STAR MOON 30;Navidad
PAPER LANTERN 6 POINT SNOW STAR;Navidad
PINK AND WHITE CHRISTMAS TREE 120CM;Navidad
BUNTING , SPOTTY;Decoracion
POLYESTER FILLER PAD 60x40cm;Otros
BLUE DISCO HANDBAG;Joyeria y accesorios
LUNCH BAG DOILEY PATTERN;Cocina
JUMBO BAG PEARS;Otros
JUMBO BAG DOILEY PATTERNS;Otros
MONTANA DIAMOND CLUSTER EARRINGS;Joyeria y accesorios
MARIE ANTOINETTE TRINKET BOX GOLD;Decoracion
MARIE ANTOINETTE TRINKET BOX SILVER;Decoracion
JUMBO BAG VINTAGE LEAF;Otros
PAPER LANTERN 9 POINT HOLLY STAR L;Navidad
PAPER LANTERN 9 POINT DELUXE STAR;Navidad
PAPER LANTERN 5 POINT SEQUIN STAR;Navidad
PAPER LANTERN 9 POINT HOLLY STAR S;Navidad
PAPER LANTERN 9 POINT HOLLY STAR 23;Navidad
PAPER LANTERN 5 POINT STUDDED STAR;Navidad
FOOD COVER WITH BEADS , SET 2 SIZES;Cocina
RASTA IN BATH W SPLIFF ASHTRAY;Otros
FLOWER GARLAND NECKLACE RED;Joyeria y accesorios
IVORY SHELL HEART EARRINGS;Joyeria y accesorios
TURQ STONE/CRYSTAL EARRINGS;Joyeria y accesorios
FLOWER GLASS GARLAND NECKL.36"BLUE;Joyeria y accesorios
FOLDING BUTTERFLY MIRROR IVORY;Decoracion
FOLDING BUTTERFLY MIRROR HOT PINK;Decoracion
BUNDLE OF 3 SCHOOL EXERCISE BOOKS;Libreria y elementos escolares
BUNDLE OF 3 RETRO NOTE BOOKS;Libreria y elementos escolares
GREEN GOOSE FEATHER TREE 60CM;Navidad
PINK GOOSE FEATHER TREE 60CM;Navidad
WHITE GOOSE FEATHER TREE 60CM;Navidad
BUNDLE OF 3 RETRO EXERCISE BOOKS;Libreria y elementos escolares
REGENCY MILK JUG PINK;Cocina
REGENCY SUGAR BOWL GREEN;Cocina
REGENCY TEAPOT ROSES;Cocina
REGENCY TEA PLATE PINK;Cocina
REGENCY TEA PLATE GREEN;Cocina
REGENCY TEA PLATE ROSES;Cocina
GREEN METAL BOX ARMY SUPPLIES;Otros
RABBIT NIGHT LIGHT;Ninios, juegos y juguetes
FOLDING BUTTERFLY MIRROR RED;Decoracion
PARISIENNE JEWELLERY DRAWER;Joyeria y accesorios
PETIT TRAY CHIC;Cocina
ZINC HERB GARDEN CONTAINER;Cocina
LE GRAND TRAY CHIC SET;Cocina
SET OF 10 LED DOLLY LIGHTS;Ninios, juegos y juguetes
RED METAL BOX TOP SECRET;Otros
GREEN METAL BOX TOP SECRET;Otros
PARISIENNE KEY CABINET;Decoracion
BUNDLE OF 3 ALPHABET EXERCISE BOOKS;Libreria y elementos escolares
SILVER BELLS TABLE DECORATION;Navidad
SILVER HEARTS TABLE DECORATION;San Valentin
VINTAGE ENGRAVED HEART;San Valentin
SET 6 PAPER TABLE LANTERN HEARTS;San Valentin
FLOWERS HANDBAG blue and orange;Joyeria y accesorios
SMALL PARISIENNE HEART PHOTO FRAME;San Valentin
FOLDING MIRROR HOT PINK;Decoracion
LED TEA LIGHTS;Decoracion
BELL HEART DECORATION;San Valentin
ALUMINIUM HEART;San Valentin
CRYSTAL CHANDELIER T-LIGHT HOLDER;Decoracion
PARISIENNE CURIO CABINET;Decoracion
PARISIENNE SEWING BOX;Otros
TOADSTOOL BEDSIDE LIGHT;Decoracion
SMALL CERAMIC TOP STORAGE JAR;Cocina
IVORY PANTRY HANGING LAMP;Decoracion
CLASSIC SUGAR DISPENSER;Cocina
LARGE ZINC GLASS CANDLEHOLDER;Decoracion
MISELTOE HEART WREATH WHITE;Navidad
MISELTOE HEART WREATH;Navidad
CLASSIC GLASS SWEET JAR;Cocina
LARGE CERAMIC TOP STORAGE JAR;Cocina
MEDIUM CERAMIC TOP STORAGE JAR;Cocina
LARGE JEWELLERY STAND;Joyeria y accesorios
SMALL JEWELLERY STAND;Joyeria y accesorios
SILVER STARS TABLE DECORATION;Decoracion
GLASS BON BON JAR;Cocina
WHITE WIRE PLANT POT HOLDER;Decoracion
CLASSIC GLASS COOKIE JAR;Cocina
FIRE POLISHED GLASS BRACELET GREEN;Joyeria y accesorios
FIRE POLISHED GLASS BRACELET MONTAN;Joyeria y accesorios
FIRE POLISHED GLASS BRACELET RED;Joyeria y accesorios
CLASSIC CAFE SUGAR DISPENSER;Cocina
JINGLE BELL HEART DECORATION;Navidad
ZINC HEARTS PLANT POT HOLDER;San Valentin
WHITE HEARTS WIRE PLANT POT HOLDER;San Valentin
ZINC HEART T-LIGHT HOLDER;San Valentin
ZINC HEART FLOWER T-LIGHT HOLDER;San Valentin
METAL HERB GERDEN CONTAINER;Cocina
ZINC PLANT POT HOLDER;Decoracion
FOLDING MIRROR IVORY;Decoracion
FOLDING MIRROR RED;Decoracion
PEARL & SHELL 42"NECKL. IVORY;Joyeria y accesorios
GARDENERS KNEELING PAD KEEP CALM;Otros
GARDENERS KNEELING PAD CUP OF TEA;Otros
KNEELING MAT HOUSEWORK DESIGN;Otros
ENGLISH ROSE SCENTED HANGING HEART;Decoracion
VINTAGE GLASS T-LIGHT HOLDER;Decoracion
SET 6 PAPER TABLE LANTERN STARS;Decoracion
LARGE ANTIQUE WHITE PHOTO FRAME;Decoracion
ANTIQUE SILVER BAUBLE LAMP;Decoracion
FRENCH CARRIAGE LANTERN;Decoracion
ZINC STAR T-LIGHT HOLDER;Decoracion
WHITE SQUARE TABLE CLOCK;Decoracion
LETTER "Y" BLING KEY RING;Joyeria y accesorios
FUNKY FLOWER PICNIC BAG FOR 4;Cocina
DARK BIRD HOUSE TREE DECORATION;Decoracion
MULTICOLOUR POLKADOT PLATE;Cocina
SET 10 NIGHT OWL LIGHTS;Decoracion
HEART SHAPED HOLLY WREATH;Navidad
BLUE DELPHINIUM ARTIFICIAL FLOWER;Decoracion
IVORY CAFE HANGING LAMP;Decoracion
PINK ENAMEL FLOWER HAIR TIE;Joyeria y accesorios
RED PEONY CUSHION COVER;Decoracion
GREEN PEONY CUSHION COVER;Decoracion
CLEAR CRYSTAL STAR PHONE CHARM;Joyeria y accesorios
CRYSTAL STILETTO PHONE CHARM;Joyeria y accesorios
SILVER FLOWR PINK SHELL NECKLACE;Joyeria y accesorios
SILVER DROP EARRINGS WITH FLOWER;Joyeria y accesorios
GREEN VINTAGE EARRINGS;Joyeria y accesorios
CRACKED GLAZE NECKLACE IVORY;Joyeria y accesorios
IVORY PENDANT TRIPLE SHELL NECKLACE;Joyeria y accesorios
ZINC T-LIGHT HOLDER STARS LARGE;Decoracion
16 PC CUTLERY SET PANTRY DESIGN;Cocina
CAPIZ CHANDELIER;Decoracion
PEARL AND CHERRY QUARTZ BRACLET;Joyeria y accesorios
FILIGREE HEART BIRD WHITE;Decoracion
FILIGREE HEART BUTTERFLY WHITE;Decoracion
ZINC STAR T-LIGHT HOLDER;Decoracion
AMBER BERTIE GLASS BEAD BAG CHARM;Joyeria y accesorios
Next Day Carriage;Otros
DECORATION SITTING BUNNY;Pascuas
CHERRY BLOSSOM PURSE;Joyeria y accesorios
FILIGREE HEART DAISY WHITE;Decoracion
PINK OVAL SHAPE TRINKET BOX;Decoracion
CHAMPAGNE TRAY BLANK CARD;Libreria y elementos escolares
JINGLE BELL HEART ANTIQUE GOLD;Navidad
JINGLE BELL HEART ANTIQUE SILVER;Navidad
DIAMANTE HAIR GRIP PACK/2 LT ROSE;Joyeria y accesorios
PAIR OF PINK FLOWER CLUSTER SLIDE;Joyeria y accesorios
WHITE ROCKING HORSE HAND PAINTED;Ninios, juegos y juguetes
STAR WREATH DECORATION WITH BELL;Navidad
HEART WREATH DECORATION WITH BELL;Navidad
LAUREL STAR ANTIQUE SILVER;Decoracion
CHERUB HEART DECORATION GOLD;Decoracion
REINDEER HEART DECORATION SILVER;Navidad
RED ROCKING HORSE HAND PAINTED;Ninios, juegos y juguetes
LAUREL HEART ANTIQUE GOLD;Decoracion
LAUREL HEART ANTIQUE SILVER;Decoracion
CHERUB HEART DECORATION SILVER;Decoracion
SET 2 TEA TOWELS I LOVE LONDON;Cocina
SET OF 3 HANGING OWLS OLLIE BEAK;Decoracion
SET OF 3 WOODEN HEART DECORATIONS;San Valentin
PAPER LANTERN 5 POINT STAR MOON;Navidad
SET OF 60 I LOVE LONDON CAKE CASES;Cocina
SET OF 6 HALLOWEEN GHOST T-LIGHTS;Halloween
SET OF 2 CERAMIC PAINTED HEARTS;San Valentin
CRYSTAL DIAMANTE STAR BROOCH;Joyeria y accesorios
GOLD DIAMANTE STAR BROOCH;Joyeria y accesorios
PINK/BLUE DISC/MIRROR STRING;Decoracion
SET OF 60 PANTRY DESIGN CAKE CASES;Cocina
SET OF 36 DOILIES PANTRY DESIGN;Cocina
SET OF 60 VINTAGE LEAF CAKE CASES;Cocina
HEART T-LIGHT HOLDER WILLIE WINKIE;San Valentin
STAR T-LIGHT HOLDER WILLIE WINKIE;Decoracion
SET 4 VALENTINE DECOUPAGE HEART BOX;San Valentin
ACRYLIC JEWEL ICICLE, PINK;Navidad
WRAP GINGHAM ROSE;Otros
MIRRORED WALL ART SNOWFLAKES;Navidad
POP ART PUSH DOWN RUBBER;Libreria y elementos escolares
LETTER "E" BLING KEY RING;Joyeria y accesorios
WHITE FRANGIPANI HAIR CLIP;Joyeria y accesorios
SET OF 4 KNICK KNACK TINS DOILEY;Otros
SET OF 4 KNICK KNACK TINS LONDON;Otros
SET OF TEA COFFEE SUGAR TINS PANTRY;Cocina
BLACK SQUARE TABLE CLOCK;Decoracion
PINK FLOCK SUEDE CUSHION COVER;Decoracion
SET OF 3 REGENCY CAKE TINS;Cocina
SET OF 4 KNICK KNACK TINS POPPIES;Otros
DOILEY STORAGE TIN;Otros
STORAGE TIN VINTAGE LEAF;Otros
TREASURE TIN GYMKHANA DESIGN;Libreria y elementos escolares
TREASURE TIN BUFFALO BILL;Libreria y elementos escolares
BISCUIT TIN 50'S CHRISTMAS;Navidad
ROUND STORAGE TIN VINTAGE LEAF;Otros
SET OF 4 KNICK KNACK TINS LEAVES;Otros
36 DOILIES VINTAGE CHRISTMAS;Navidad
FOLKART CHRISTMAS TREE T-LIGHT HOLD;Navidad
SMALL WHITE HEART OF WICKER;San Valentin
DOILEY BISCUIT TIN;Otros
BUBBLEGUM RING ASSORTED;Joyeria y accesorios
LETTER "L" BLING KEY RING;Joyeria y accesorios
LETTER "N" BLING KEY RING;Joyeria y accesorios
LETTER "H" BLING KEY RING;Joyeria y accesorios
REINDEER HEART DECORATION GOLD;Navidad
FRUIT SALAD BAG CHARM;Joyeria y accesorios
DANISH ROSE UMBRELLA STAND;Otros
THE KING GIFT BAG;Otros
PICNIC BASKET WICKER 60 PIECES;Cocina
ZINC FOLKART SLEIGH BELLS;Navidad
SET OF 3 WOODEN STOCKING DECORATION;Navidad
SET OF 3 WOODEN TREE DECORATIONS;Navidad
SET OF 3 WOODEN SLEIGH DECORATIONS;Navidad
SET OF 2 CERAMIC CHRISTMAS TREES;Navidad
SET OF 2 CERAMIC CHRISTMAS REINDEER;Navidad
VINTAGE RED ENAMEL TRIM JUG;Cocina
LARGE WHITE HEART OF WICKER;San Valentin
POPCORN HOLDER;Cocina
DOLPHIN WINDMILL;Ninios, juegos y juguetes
BLUE VINTAGE SPOT BEAKER;Cocina
EGG FRYING PAN RED;Cocina
PINK VINTAGE SPOT BEAKER;Cocina
GREEN VINTAGE SPOT BEAKER;Cocina
JUMBO BAG VINTAGE CHRISTMAS;Navidad
SMALL POP BOX FUNKY MONKEY;Ninios, juegos y juguetes
CHRISTMAS STAR WISH LIST CHALKBOARD;Navidad
GLASS BEAD HOOP NECKLACE BLACK;Joyeria y accesorios
FLOWER GLASS GARLAND NECKL.36"GREEN;Joyeria y accesorios
VINTAGE ENAMEL & CRYSTAL NECKLACE;Joyeria y accesorios
ANTIQUE RASPBERRY FLOWER EARRINGS;Joyeria y accesorios
ANTIQUE OLIVE GREEN FLOWER EARRINGS;Joyeria y accesorios
ANTIQUE MID BLUE FLOWER EARRINGS;Joyeria y accesorios
GOLD/AMBER DROP EARRINGS W LEAF;Joyeria y accesorios
SILVER/CRYSTAL DROP EARRINGS W LEAF;Joyeria y accesorios
GREEN DROP EARRINGS W BEAD CLUSTER;Joyeria y accesorios
CHRISTMAS TABLE CANDLE SILVER SPIKE;Navidad
EGG FRYING PAN IVORY;Cocina
EGG FRYING PAN BLUE;Cocina
EGG FRYING PAN PINK;Cocina
EGG FRYING PAN MINT;Cocina
SPACE BOY CHILDRENS CUP;Ninios, juegos y juguetes
DOLLY GIRL CHILDRENS CUP;Ninios, juegos y juguetes
DOLLY GIRL CHILDRENS BOWL;Ninios, juegos y juguetes
SPACEBOY CHILDRENS BOWL;Ninios, juegos y juguetes
RED VINTAGE SPOT BEAKER;Cocina
ROSE DU SUD CUSHION COVER;Decoracion
VINTAGE 2 METER FOLDING RULER;Libreria y elementos escolares
BISCUIT TIN VINTAGE LEAF;Cocina
CANNISTER VINTAGE LEAF DESIGN;Cocina
VINTAGE RED ENAMEL TRIM MUG;Cocina
VINTAGE RED ENAMEL TRIM PLATE;Cocina
VINTAGE RED TRIM ENAMEL BOWL;Cocina
VINTAGE DONKEY TAIL GAME;Ninios, juegos y juguetes
BISCUIT TIN VINTAGE CHRISTMAS;Navidad
GLASS APOTHECARY BOTTLE PERFUME;Otros
GLASS APOTHECARY BOTTLE ELIXIR;Otros
DRAWER KNOB CERAMIC IVORY;Decoracion
CROCHET DOG KEYRING;Joyeria y accesorios
GLASS SONGBIRD STORAGE JAR;Decoracion
DRAWER KNOB CRACKLE GLAZE IVORY;Decoracion
DRAWER KNOB CRACKLE GLAZE BLUE;Decoracion
DRAWER KNOB CRACKLE GLAZE PINK;Decoracion
DRAWER KNOB CRACKLE GLAZE GREEN;Decoracion
DRAWER KNOB CERAMIC RED;Decoracion
DRAWER KNOB CERAMIC BLACK;Decoracion
GLASS APOTHECARY BOTTLE TONIC;Otros
DONKEY TAIL GAME;Ninios, juegos y juguetes
TRANSPARENT ACRYLIC TAPE DISPENSER;Libreria y elementos escolares
TOADSTOOL BEDSIDE LIGHT;Decoracion
JUMBO BAG 50'S CHRISTMAS;Navidad
GOLD FABRIC MIRROR;Decoracion
DOORKNOB CRACKED GLAZE IVORY;Decoracion
DOORKNOB CRACKED GLAZE BLUE;Decoracion
SMALL BONNE JAM JAR T-LIGHT HOLDER;Decoracion
GLASS TWIST BON BON JAR;Cocina
DRAWER KNOB VINTAGE GLASS STAR;Decoracion
PACK OF 6 LARGE FRUIT STRAWS;Cocina
SPACEBOY CHILDRENS CUP;Ninios, juegos y juguetes
COCKTAIL SWORDS 50 PIECES;Cocina
PARTY CHARMS 50 PIECES;Decoracion
PACK OF 6 SMALL FRUIT STRAWS;Cocina
PACK OF 6 COCKTAIL PARASOL STRAWS;Cocina
18PC WOODEN CUTLERY SET DISPOSABLE;Cocina
6PC WOOD PLATE SET DISPOSABLE;Cocina
T-LIGHT HOLDER SILVER HEART HANDLE;San Valentin
BLACK BAROQUE CARRIAGE CLOCK;Decoracion
PINK STOCKING CHRISTMAS DECORATION;Navidad
RIDGED BONNE JAM JAR T-LIGHT HOLDER;Decoracion
CLASSICAL ROSE TABLE LAMP;Decoracion
SMALL APOTHECARY MEASURING JAR;Cocina
PINK CLEAR GLASS CANDLE PLATE;Decoracion
TREE T-LIGHT HOLDER WILLIE WINKIE;Decoracion
T-LIGHT HOLDER SILVER PETIT FOUR;Decoracion
GLASS BONNE JAM JAR;Cocina
WRAP VINTAGE LEAF DESIGN;Otros
PANTRY MAGNETIC SHOPPING LIST;Cocina
DRAWER KNOB VINTAGE GLASS HEXAGON;Decoracion
CORDIAL GLASS JUG;Cocina
LARGE BONNE JAM JAR T-LIGHT HOLDER;Decoracion
CHRISTMAS TREE HANGING SILVER;Navidad
CHRISTMAS TREE HANGING GOLD;Navidad
SKETCHBOOK MAGNETIC SHOPPING LIST;Libreria y elementos escolares
RETRO LEAVES MAGNETIC NOTEPAD;Libreria y elementos escolares
DOORMAT CHRISTMAS VILLAGE;Navidad
SET OF 4 SANTA PLACE SETTINGS;Navidad
WHITE WICKER STAR;Decoracion
IVORY REFECTORY CLOCK;Decoracion
RED REFECTORY CLOCK;Decoracion
MINT DINER WALL CLOCK;Decoracion
PINK DINER WALL CLOCK;Decoracion
RETO LEAVES MAGNETIC SHOPPING LIST;Libreria y elementos escolares
CANDLE HOLDER SILVER MADELINE;Decoracion
VEGETABLE MAGNETIC SHOPPING LIST;Cocina
CHRISTMAS TABLE SILVER CANDLE SPIKE;Navidad
DIAMANTE NECKLACE PURPLE;Joyeria y accesorios
BLUE REFECTORY CLOCK;Decoracion
APOTHECARY MEASURING JAR;Cocina
LARGE APOTHECARY MEASURING JAR;Cocina
DOORKNOB CRACKED GLAZE PINK;Decoracion
DOORKNOB CRACKED GLAZE GREEN;Decoracion
DRAWER KNOB VINTAGE GLASS BALL;Decoracion
GLASS SONGBIRD STORAGE JAR;Decoracion
SET OF 2 TEA TOWELS PING MICROWAVE;Cocina
SILVER BOOK MARK WITH BEADS;Libreria y elementos escolares
BELL HEART ANTIQUE GOLD;Navidad
TRAVEL CARD WALLET VINTAGE LEAF;Joyeria y accesorios
PINK EASTER HENS+FLOWER;Pascuas
LEAVES MAGNETIC SHOPPING LIST;Cocina
VIP PASSPORT COVER;Joyeria y accesorios
GARAGE KEY FOB;Joyeria y accesorios
ROUND BLUE CLOCK WITH SUCKER;Decoracion
ROUND PURPLE CLOCK WITH SUCKER;Decoracion
FLOWER PURPLE CLOCK WITH SUCKER;Decoracion
FLOWER BLUE CLOCK WITH SUCKER;Decoracion
SET OF 4 KNICK KNACK TINS LEAF;Otros
GIANT 50'S CHRISTMAS CRACKER;Navidad
MOROCCAN BEATEN METAL DISH;Cocina
PACKING CHARGE;Otros
VINTAGE LEAF MAGNETIC NOTEPAD;Libreria y elementos escolares
BOX OF 6 MINI VINTAGE CRACKERS;Navidad
BOX OF 6 MINI 50'S CRACKERS;Navidad
COPPER AND BRASS BAG CHARM;Joyeria y accesorios
IVORY GOLD METAL BAG CHARM;Joyeria y accesorios
WHITE WITH METAL BAG CHARM;Joyeria y accesorios
GREEN WITH METAL BAG CHARM;Joyeria y accesorios
LARGE CRYSTAL DIAMANTE HAIRSLIDE;Joyeria y accesorios
LARGE MINT DIAMANTE HAIRSLIDE;Joyeria y accesorios
DOORMAT VINTAGE LEAF;Decoracion
RED PEONY TABLE CLOCK;Decoracion
KNITTED RABBIT DOLL;Ninios, juegos y juguetes
LILAC FEATHERS CURTAIN;Decoracion
VINTAGE BEAD PINK JEWEL BOX;Joyeria y accesorios
T-LIGHT HOLDER SILVER SAUCER;Decoracion
VINTAGE CHRISTMAS BUNTING;Navidad
SET OF 6 TEA TIME BAKING CASES;Cocina
SET OF 6 SNACK LOAF BAKING CASES;Cocina
SET OF 12 FAIRY CAKE BAKING CASES;Cocina
SET OF 12 MINI LOAF BAKING CASES;Cocina
SET 40 HEART SHAPE PETIT FOUR CASES;San Valentin
PSYCHEDELIC METAL SIGN CALENDAR;Decoracion
ROUND ARTICULATED PINK CLOCK W/SUCK;Decoracion
LETTER "I" BLING KEY RING;Joyeria y accesorios
ENAMEL JUG PANTRY;Cocina
ENAMEL BOWL PANTRY;Cocina
ENAMEL MUG PANTRY;Cocina
VINTAGE CHRISTMAS STOCKING;Navidad
VINTAGE CHRISTMAS TABLECLOTH;Navidad
PACK OF SIX LED TEA LIGHTS;Decoracion
VINTAGE CHRISTMAS GIFT SACK;Navidad
WRAP CHRISTMAS VILLAGE;Navidad
BROWN KUKUI COCONUT SEED NECKLACE;Joyeria y accesorios
BILI NUT AND WOOD NECKLACE;Joyeria y accesorios
SPOTTED WHITE NATURAL SEED NECKLACE;Joyeria y accesorios
WHITE FRANGIPANI NECKLACE;Joyeria y accesorios
PURPLE FRANGIPANI NECKLACE;Joyeria y accesorios
ROSE PENDANT TRIPLE SHELL NECKLACE;Joyeria y accesorios
ORANGE PENDANT TRIPLE SHELL NECKLAC;Joyeria y accesorios
WRAP ALPHABET POSTER;Libreria y elementos escolares
LAUREL STAR ANTIQUE GOLD;Decoracion
PURPLE/BLUE CERAMIC CANDLE HOLDER;Decoracion
BLUE/YELLOW CERAMIC CANDLE HOLDER;Decoracion
GREEN/BLUE CERAMIC CANDLE HOLDER;Decoracion
PURPLE DRESS JEWELLERY STAND;Joyeria y accesorios
WRAP BIRD GARDEN;Otros
WRAP PAISLEY PARK;Otros
THE KING GIFT BAG 25x24x12cm;Otros
CUTE RABBIT CEATURE SCREEN;Ninios, juegos y juguetes
CUTE BIRD CEATURE SCREEN;Ninios, juegos y juguetes
WRAP RED DOILEY;Otros
WRAP FLOWER SHOP;Otros
WRAP MAGIC FOREST;Otros
BIRD ON BRANCH CANVAS SCREEN;Decoracion
WRAP 50'S CHRISTMAS;Navidad
BLUE MONTE CARLO HANDBAG;Joyeria y accesorios
PINK/BLUE STRING CURTAIN;Decoracion
I LOVE LONDON BEAKER;Cocina
DOLLY GIRL BEAKER;Ninios, juegos y juguetes
SPACEBOY BEAKER;Ninios, juegos y juguetes
DOORKNOB CERAMIC IVORY;Decoracion
ORIENTAL RED CUSHION COVER;Decoracion
PINK BITTY LIGHT CHAIN;Decoracion
LIGHT PINK FLOCK GLASS CANDLEHOLDER;Decoracion
MONEY BOX FIRST AID DESIGN;Decoracion
VINTAGE CHRISTMAS CAKE FRILL;Navidad
MISELTOE HEART WREATH CREAM;Navidad
VINTAGE BEAD PINK JEWEL STAND;Joyeria y accesorios
GOLD M.O.P ORBIT BRACELET;Joyeria y accesorios
SET 8 CANDLES VINTAGE DOILEY;Decoracion
SET OF 12 T-LIGHTS VINTAGE DOILEY;Decoracion
VINTAGE CHRISTMAS PAPER GIFT BAG;Navidad
GIFT BAG LARGE VINTAGE CHRISTMAS;Navidad
6 GIFT TAGS VINTAGE CHRISTMAS;Navidad
6 GIFT TAGS 50'S CHRISTMAS;Navidad
RED SPOT PAPER GIFT BAG;Otros
RED SPOT GIFT BAG LARGE;Otros
SET OF 12 FORK CANDLES;Decoracion
BLUE PAINTED KASHMIRI CHAIR;Decoracion
ROLL WRAP VINTAGE CHRISTMAS;Navidad
ROLL WRAP VINTAGE SPOT;Otros
GIFT BAG LARGE SPOT;Otros
ROLL WRAP 50'S RED CHRISTMAS;Navidad
ROLL WRAP 50'S CHRISTMAS;Navidad
JUMBO BAG VINTAGE DOILEY;Otros
ADULT APRON APPLE DELIGHT;Cocina
WRAP VINTAGE DOILEY;Otros
SET OF 4 KNICK KNACK TINS DOILY;Otros
RUSTIC STRAWBERRY JAMPOT LARGE;Cocina
PURPLE ENAMEL+GLASS HAIR COMB;Joyeria y accesorios
JUMBO BAG VINTAGE DOILY;Otros
LUNCH BAG VINTAGE DOILY;Cocina
SET 8 CANDLES VINTAGE DOILY;Decoracion
STORAGE TIN VINTAGE DOILY;Otros
IVORY WICKER HEART LARGE;San Valentin
DECORATIVE WICKER HEART LARGE;San Valentin
ASSORTED COLOURED CIRCLE MOBILE;Decoracion
MIDNIGHT BLUE VINTAGE EARRINGS;Joyeria y accesorios
DECORATIVE WICKER HEART MEDIUM;San Valentin
IVORY WICKER HEART SMALL;San Valentin
IVORY WICKER HEART MEDIUM;San Valentin
LUNCH BAG VINTAGE DOILEY;Cocina
WRAP VINTAGE DOILY;Otros
STORAGE TIN VINTAGE DOILEY;Otros
SET OF 4 KNICK KNACK TINS DOILEY;Otros
SET 6 SCHOOL MILK BOTTLES IN CRATE;Ninios, juegos y juguetes
DECORATIVE WICKER HEART SMALL;San Valentin
HANGING CLEAR MINI BOTTLE;Decoracion
SET OF 12 T-LIGHTS VINTAGE DOILY;Decoracion
HANGING MINI COLOURED BOTTLES;Decoracion
RUSTIC STRAWBERRY JAMPOT SMALL;Cocina
PINK ACRYLIC JEWEL SNOWFLAKE;Navidad
ACRYLIC JEWEL ANGEL,PINK;Navidad
WRAP RED VINTAGE DOILY;Otros
RUSTIC STRAWBERRY JAM POT SMALL;Cocina
PINK/WHITE CHRISTMAS TREE 30CM;Navidad
ACRYLIC JEWEL ICICLE, BLUE;Navidad
RUSTIC STRAWBERRY JAM POT LARGE;Cocina
VINTAGE CHRISTMAS GIFT BAG LARGE;Navidad
BLUE FELT HANGING HEART WITH FLOWER;San Valentin
HOT WATER BOTTLE SEX BOMB;Otros
HOT STUFF HOT WATER BOTTLE;Otros
50'S CHRISTMAS PAPER GIFT BAG;Navidad
LOVE HOT WATER BOTTLE;San Valentin
3 BLACK CATS W HEARTS BLANK CARD;Libreria y elementos escolares
HAPPY BIRTHDAY CARD STRIPEY TEDDY;Libreria y elementos escolares
HOT WATER BOTTLE KEEP CALM;Otros
DIAMANTE NECKLACE;Joyeria y accesorios
DIAMANTE NECKLACE GREEN;Joyeria y accesorios
50'S CHRISTMAS GIFT BAG LARGE;Navidad
GREEN PAIR HEART HAIR SLIDES;Joyeria y accesorios
CORDIAL JUG;Cocina
ICE CREAM BUBBLES;Ninios, juegos y juguetes
NOEL GARLAND PAINTED ZINC;Navidad
HAND WARMER RED LOVE HEART;San Valentin
SILVER BLACK ORBIT DROP EARRINGS;Joyeria y accesorios
NEW BAROQUE B'FLY NECKLACE RED;Joyeria y accesorios
DIAMOND LAS VEGAS NECKLACE 45CM;Joyeria y accesorios
NATURAL HANGING QUILTED HEARTS;San Valentin
HANGING QUILTED PATCHWORK APPLES;Decoracion
CHILDRENS TOY COOKING UTENSIL SET;Ninios, juegos y juguetes
HAPPY BIRTHDAY CARD TEDDY/CAKE;Libreria y elementos escolares
3 DRAWER ANTIQUE WHITE WOOD CABINET;Decoracion
FLOWER FAIRY 5 DRAWER LINERS;Otros
ELEPHANT BIRTHDAY CARD;Libreria y elementos escolares
ACRYLIC HANGING JEWEL,BLUE;Decoracion
PRETTY HANGING QUILTED HEARTS;San Valentin
HANGING JAM JAR T-LIGHT HOLDERS;Decoracion
SWEETHEART 3 TIER CAKE STAND;Cocina
PACK OF 12 VINTAGE CHRISTMAS TISSUE;Navidad
PACK OF 12 50'S CHRISTMAS TISSUES;Navidad
AMBER DROP EARRINGS W LONG BEADS;Joyeria y accesorios
PACK OF 12 PAISLEY PARK TISSUES;Otros
MINT DINER CLOCK;Decoracion
BUTTERFLY CUSHION COVER;Decoracion
BELLE JARDINIERE CUSHION COVER;Decoracion
POSTE FRANCE CUSHION COVER;Decoracion
SET OF 2 TRAYS HOME SWEET HOME;Decoracion
HOME SWEET HOME CUSHION COVER;Decoracion
STOOL HOME SWEET HOME;Decoracion
FOOT STOOL HOME SWEET HOME;Decoracion
PACK OF 12 DOLLY GIRL TISSUES;Ninios, juegos y juguetes
HOME SWEET HOME HANGING HEART;San Valentin
TRELLIS COAT RACK;Decoracion
HANGING HEART BONHEUR;San Valentin
LA JARDIN BOTANIQUE CUSHION COVER;Decoracion
HOME SWEET HOME BLACKBOARD;Libreria y elementos escolares
GINGHAM RECIPE BOOK BOX;Cocina
HOME SWEET HOME KEY HOLDER;Decoracion
ZINC BOX SIGN HOME;Decoracion
HOME SWEET HOME 2 DRAWER CABINET;Decoracion
PACK OF 12 RED APPLE TISSUES;Otros
PACK OF 12 VINTAGE LEAF TISSUES;Otros
PACK OF 12 VINTAGE DOILY TISSUES;Otros
HOME SWEEET HOME 3 PEG HANGER;Decoracion
LETTER HOLDER HOME SWEET HOME;Decoracion
GIFT BAG LARGE 50'S CHRISTMAS;Navidad
METAL SIGN DROP YOUR PANTS;Decoracion
STORAGE TIN HOME SWEET HOME;Decoracion
HEART MIRROR ANTIQUE WHITE;San Valentin
SPACEBOY ROCKET LOLLY MAKERS;Ninios, juegos y juguetes
SHELF WITH 4 HOOKS HOME SWEET HOME;Decoracion
ENAMEL DINNER PLATE PANTRY;Cocina
SILVER BLACK ORBIT BRACELET;Joyeria y accesorios
GLASS AND PAINTED BEADS BRACELET TO;Joyeria y accesorios
FAIRY TALE COTTAGE NIGHT LIGHT;Decoracion
HOME SWEET HOME HOOK;Decoracion
BATHROOM HOOK;Banio
HOME SWEET HOME 3 PEG HANGER;Decoracion
VINTAGE COFFEE GRINDER BOX;Cocina
PHOTO FRAME LINEN AND LACE LARGE;Decoracion
PHOTO FRAME LINEN AND LACE SMALL;Decoracion
RUSTIC MIRROR WITH LACE HEART;Decoracion
CURIO CABINET LINEN AND LACE;Decoracion
WOODLAND BUNNIES LOLLY MAKERS;Ninios, juegos y juguetes
PANTRY 3 HOOK ROLLING PIN HANGER;Cocina
PANTRY HOOK SPATULA;Cocina
PANTRY HOOK BALLOON WHISK;Cocina
METALIC LEAVES BAG CHARMS;Joyeria y accesorios
LAVENDER TOILETTE BOTTLE;Banio
HOME SWEET HOME BOTTLE;Decoracion
3 RAFFIA RIBBONS VINTAGE CHRISTMAS;Navidad
3 RAFFIA RIBBONS 50'S CHRISTMAS;Navidad
I LOVE LONDON MINI BACKPACK;Otros
DOLLY GIRL MINI BACKPACK;Ninios, juegos y juguetes
SPACEBOY MINI BACKPACK;Ninios, juegos y juguetes
EMBOSSED HEART TRINKET BOX;Decoracion
WOODLAND MINI BACKPACK;Ninios, juegos y juguetes
PAINTED HEART WREATH WITH BELL;San Valentin
CHAMBRE HOOK;Decoracion
CHRISTMAS HANGING SNOWFLAKE;Navidad
FLAG OF ST GEORGE CAR FLAG;Otros
PANTRY HOOK TEA STRAINER;Cocina
PANTRY CHOPPING BOARD;Cocina
ACRYLIC HANGING JEWEL,PINK;Decoracion
BLUE CLIMBING HYDRANGA ART FLOWER;Decoracion
LE JARDIN BOTANIQUE CUSHION COVER;Decoracion
FLOWER FAIRY 5 SUMMER DRAW LINERS;Otros
CRYSTAL SEA HORSE PHONE CHARM;Joyeria y accesorios
SET 10 CARDS HANGING BAUBLES 17080;Navidad
PLAYING CARDS KEEP CALM & CARRY ON;Libreria y elementos escolares
SET 12 COLOURING PENCILS DOILY;Libreria y elementos escolares
SET 12 COLOUR PENCILS SPACEBOY;Libreria y elementos escolares
PLAYING CARDS JUBILEE UNION JACK;Libreria y elementos escolares
SET 36 COLOUR PENCILS SPACEBOY;Libreria y elementos escolares
MINI PLAYING CARDS SPACEBOY;Ninios, juegos y juguetes
PLAYING CARDS VINTAGE DOILEY;Libreria y elementos escolares
SET 36 COLOUR PENCILS DOILEY;Libreria y elementos escolares
SET 12 COLOUR PENCILS DOILEY;Libreria y elementos escolares
PACK OF 12 DOILEY TISSUES;Otros
VINTAGE DOILY TRAVEL SEWING KIT;Otros
SET 12 COLOUR PENCILS LOVE LONDON;Libreria y elementos escolares
SET 36 COLOUR PENCILS LOVE LONDON;Libreria y elementos escolares
EMBROIDERED RIBBON REEL RUBY;Otros
EMBROIDERED RIBBON REEL EMILY;Otros
EMBROIDERED RIBBON REEL REBECCA;Otros
SET 36 COLOURING PENCILS DOILY;Libreria y elementos escolares
SET 12 COLOUR PENCILS DOLLY GIRL;Libreria y elementos escolares
PLAYING CARDS I LOVE LONDON;Libreria y elementos escolares
SET 36 COLOUR PENCILS DOLLY GIRL;Libreria y elementos escolares
EMBROIDERED RIBBON REEL ROSIE;Otros
EMBROIDERED RIBBON REEL DAISY;Otros
EMBROIDERED RIBBON REEL SALLY;Otros
EMBROIDERED RIBBON REEL RACHEL;Otros
MINI PLAYING CARDS GYMKHANA;Ninios, juegos y juguetes
MINI PLAYING CARDS DOLLY GIRL;Ninios, juegos y juguetes
MINI PLAYING CARDS FUN FAIR;Ninios, juegos y juguetes
MINI PLAYING CARDS BUFFALO BILL;Ninios, juegos y juguetes
EMBROIDERED RIBBON REEL SUSIE;Otros
FOLKART CLIP ON STARS;Decoracion
ROUND CACTUS CANDLE;Decoracion
DOLLY GIRL MINI RUCKSACK;Ninios, juegos y juguetes
SPACEBOY MINI RUCKSACK;Ninios, juegos y juguetes
PLAYING CARDS VINTAGE DOILY;Libreria y elementos escolares
DIAMANTE HAIR GRIP PACK/2 CRYSTAL;Joyeria y accesorios
LARGE BLACK DIAMANTE HAIRSLIDE;Joyeria y accesorios
DIAMANTE HAIR GRIP PACK/2 PERIDOT;Joyeria y accesorios
2 DAISIES HAIR COMB;Joyeria y accesorios
DAISY HAIR COMB;Joyeria y accesorios
PURPLE ENAMEL FLOWER HAIR TIE;Joyeria y accesorios
PINK DAISY BAG CHARM;Joyeria y accesorios
CLASSIC DIAMANTE EARRINGS JET;Joyeria y accesorios
DROP DIAMANTE EARRINGS GREEN;Joyeria y accesorios
BLACK 3 BEAD DROP EARRINGS;Joyeria y accesorios
EMBROIDERED RIBBON REEL SOPHIE;Otros
EMBROIDERED RIBBON REEL CLAIRE;Otros
VINTAGE DOILY DELUXE SEWING KIT;Otros
PACK OF 12 CHRISTMAS FUN CARDS;Navidad
SMOKEY GREY COLOUR GLASS;Cocina
NEW BAROQUE LARGE NECKLACE BLK/WHIT;Joyeria y accesorios
BLACK DIAMOND CLUSTER NECKLACE;Joyeria y accesorios
SWEETHEART BIRD HOUSE;Decoracion
TUSCAN VILLA DOVECOTE;Decoracion
CARD HOLDER LOVE BIRD SMALL;San Valentin
HEART TRELLISTRIPLE T-LIGHT HOLDER;Decoracion
VINTAGE LEAF CHOPPING BOARD;Cocina
POPPY FIELDS CHOPPING BOARD;Cocina
RED APPLES CHOPPING BOARD;Cocina
SIX DRAWER OFFICE TIDY;Libreria y elementos escolares
VEGETABLE GARDEN CHOPPING BOARD;Cocina
NINE DRAWER OFFICE TIDY;Libreria y elementos escolares
CARD HOLDER LOVE BIRD LARGE;San Valentin
HORSE & PONY WALL ART;Decoracion
BICYCLE SAFTEY WALL ART;Decoracion
STOP FOR TEA WALL ART;Decoracion
WALL ART CLASSIC PUDDINGS;Decoracion
PARTY CONES CANDY DECORATION;Navidad
WALL ART LOVES' SECRET;San Valentin
DOG AND BALL WALL ART;Decoracion
DOG LICENCE WALL ART;Decoracion
WALL ART GARDEN HAVEN;Decoracion
70'S ALPHABET WALL ART;Decoracion
SPACEBOY WALL ART;Ninios, juegos y juguetes
KEEP CALM WALL ART;Decoracion
WALL ART ONLY ONE PERSON;Decoracion
WALL ART VINTAGE HEART;San Valentin
CAT AND BIRD WALL ART;Decoracion
TREASURE AHOY WALL ART;Decoracion
WALL ART BIG LOVE;San Valentin
ANIMALS AND NATURE WALL ART;Decoracion
HANGING BUTTERFLY T-LIGHT HOLDER;Decoracion
DOLLY GIRL WALL ART;Ninios, juegos y juguetes
VILLAGE SHOW WALL ART;Decoracion
WALL ART MID CENTURY MODERN;Decoracion
WALL ART WORK REST AND PLAY;Decoracion
BUFFALO BILL WALL ART;Decoracion
WALL ART KEEP CALM;Decoracion
WALL ART BICYCLE SAFTEY;Decoracion
WALL ART BUFFALO BILL;Decoracion
WALL ART VILLAGE SHOW;Decoracion
WALL ART STOP FOR TEA;Decoracion
WALL ART DOG LICENCE;Decoracion
WALL ART I LOVE LONDON;Decoracion
I LOVE LONDON WALL ART;Decoracion
WALL ART, THE MAGIC FOREST;Decoracion
WALL ART 70'S ALPHABET;Decoracion
KEY RING BASEBALL BOOT ASSORTED;Joyeria y accesorios
WALL ART HORSE & PONY;Decoracion
WALL ART ANIMALS AND NATURE;Decoracion
PINK HORSE SOCK PUPPET KIT;Ninios, juegos y juguetes
TUSCAN VILLA FEEDING STATION;Decoracion
KEY RING BASEBALL BOOT UNION JACK;Joyeria y accesorios
AMBER GLASS TASSLE BAG CHARM;Joyeria y accesorios
PURPLE GLASS TASSLE BAG CHARM;Joyeria y accesorios
WALL ART BICYCLE SAFETY;Decoracion
WALL ART SPACEBOY;Ninios, juegos y juguetes
WALL ART DOLLY GIRL;Ninios, juegos y juguetes
I LOVE LONDON MINI RUCKSACK;Otros
SET 36 COLOURING PENCILS DOILEY;Libreria y elementos escolares
SET 12 COLOURING PENCILS DOILEY;Libreria y elementos escolares
WOODLAND MINI RUCKSACK;Ninios, juegos y juguetes
HEART TRELLIS TRIPLE T-LIGHT HOLDER;Decoracion
WALL ART DOG AND BALL;Decoracion
WALL ART CAT AND BIRD;Decoracion
WALL ART , LOVES' SECRET;San Valentin
WALL ART,ONLY ONE PERSON;Decoracion
WALL ART ,PUDDINGS;Decoracion
MIDNIGHT BLUE DROP CRYSTAL NECKLACE;Joyeria y accesorios
TUSCAN VILLA BIRD TABLE;Decoracion
VINTAGE 2 METRE FOLDING RULER;Libreria y elementos escolares
N0 SINGING METAL SIGN;Decoracion
UBO-LIGHT TRIOBASE PURPLE;Decoracion
SILVER 2 STRAND NECKLACE-LEAF CHARM;Joyeria y accesorios
CRACKED GLAZE EARRINGS RED;Joyeria y accesorios
DROP EARRINGS W FLOWER & LEAF;Joyeria y accesorios
SILVER M.O.P. ORBIT NECKLACE;Joyeria y accesorios
RUBY GLASS CLUSTER EARRINGS;Joyeria y accesorios
GOLD M.O.P. ORBIT NECKLACE;Joyeria y accesorios
TUSCAN VILLA DOVECOTE BIRD FEEDER;Decoracion
WALL ART THE MAGIC FOREST;Decoracion
CREAM BUNNY EASTER EGG BASKET;Pascuas
PINK BUNNY EASTER EGG BASKET;Pascuas
BLUE BUNNY EASTER EGG BASKET;Pascuas
BLACK DROP CRYSTAL NECKLACE;Joyeria y accesorios
WALL ART TREASURE AHOY;Decoracion
BOX OF 6 CHRISTMAS CAKE DECORATIONS;Navidad
HENRIETTA HEN MUG;Cocina
MILK MAIDS MUG;Cocina
EGG CUP MILKMAID INGRID;Pascuas
PINK HANGING HEART T-LIGHT HOLDER;Decoracion
EGG CUP HENRIETTA HEN PINK;Pascuas
SWEET HEART CAKE CARRIER;Cocina
T-LIGHT HOLDER HANGING LOVE BIRD;San Valentin
OVAL MINI PORTRAIT FRAME;Decoracion
HEART MINI PORTRAIT FRAME;San Valentin
SQUARE MINI PORTRAIT FRAME;Decoracion
PEARLISED IVORY HEART LARGE;Decoracion
DOLLY CABINET 2 DRAWERS;Decoracion
EGG CUP MILKMAID HELGA;Pascuas
MEDIUM PARLOUR PICTURE FRAME;Decoracion
VINTAGE ZINC WATERING CAN;Otros
VINTAGE ZINC WATERING CAN SMALL;Otros
LARGE PARLOUR PICTURE FRAME;Decoracion
SMALL PARLOUR PICTURE FRAME;Decoracion
EGG CUP HENRIETTA HEN CREAM;Pascuas
EGG CUP MILKMAID HEIDI;Pascuas
VINTAGE ZINC PLANTER;Decoracion
WIRE EGG BASKET;Pascuas
PEARLISED IVORY HEART SMALL;Decoracion
DOLLY CABINET 3 DRAWERS;Decoracion
SNACK TRAY I LOVE LONDON;Cocina
High Resolution Image;Otros
LANDMARK FRAME LONDON BRIDGE;Decoracion
LANDMARK FRAME COVENT GARDEN;Decoracion
LANDMARK FRAME OXFORD STREET;Decoracion
LANDMARK FRAME BAKER STREET;Decoracion
LANDMARK FRAME NOTTING HILL;Decoracion
LANDMARK FRAME CAMDEN TOWN;Decoracion
GARLAND, VINTAGE BELLS;Navidad
VINTAGE JINGLE BELLS HEART;Navidad
VINTAGE JINGLE BELLS WREATH;Navidad
WOODLAND LARGE BLUE FELT HEART;Decoracion
WOODLAND LARGE PINK FELT HEART;Decoracion
WOODLAND LARGE RED FELT HEART;Decoracion
ANTIQUE HEART SHELF UNIT;Decoracion
MINI LIGHTS WOODLAND MUSHROOMS;Decoracion
WOODLAND SMALL RED FELT HEART;Decoracion
SWEETHEART WALL TIDY;San Valentin
ROCOCO WALL MIRROR WHITE;Decoracion
SET 12 VINTAGE DOILY CHALK;Libreria y elementos escolares
BOTANICAL GARDENS WALL CLOCK;Decoracion
VINTAGE BELLS GARLAND;Navidad
BAROQUE BUTTERFLY EARRINGS CRYSTAL;Joyeria y accesorios
ROCOCO WALL MIROR;Decoracion
DECROTIVEVINTAGE COFFEE GRINDER BOX;Cocina
TRADITIONAL PICK UP STICKS GAME;Ninios, juegos y juguetes
SET OF 3 MINI HANGING PORTRAITS;Decoracion
TRADITIONAL NAUGHTS & CROSSES;Ninios, juegos y juguetes
TRADTIONAL ALPHABET STAMP SET;Libreria y elementos escolares
SET 4 PICNIC CUTLERY BLUEBERRY;Cocina
THREE MINI HANGING FRAMES;Decoracion
WOODLAND SMALL BLUE FELT HEART;Decoracion
VINTAGE DOILY JUMBO BAG RED;Otros
LUNCH BAG PAISLEY PARK;Cocina
JUMBO BAG PAISLEY PARK;Otros
UBO-LIGHT TRIOBASE BLUE;Decoracion
SET OF 36 VINTAGE CHRISTMAS DOILIES;Navidad
SET OF 36 SPACEBOY PAPER DOILIES;Ninios, juegos y juguetes
SET OF 36 DOLLY GIRL PAPER DOILIES;Ninios, juegos y juguetes
STRAWBERRY CERAMIC TRINKET POT;Decoracion
DECORATIVE VINTAGE COFFEE BOX;Cocina
SET OF 36 PANTRY PAPER DOILIES;Cocina
SET 4 PICNIC CUTLERY FONDANT;Cocina
WOODLAND SMALL PINK FELT HEART;Decoracion
SILVER RECORD COVER FRAME;Decoracion
CLASSIC CHROME BICYCLE BELL;Otros
SET 4 PICNIC CUTLERY CHERRY;Cocina
SET OF 3 PANTRY WOODEN SPOONS;Cocina
PANTRY KITCHEN THERMOMETER;Cocina
LIGHT DECORATION BATTERY OPERATED;Decoracion
KEEP CALM BIRTHDAY WRAP;Otros
AMBER GLASS/SHELL/PEARL NECKLACE;Joyeria y accesorios
5 STRAND GLASS NECKLACE AMETHYST;Joyeria y accesorios
RUBY GLASS CLUSTER NECKLACE;Joyeria y accesorios
CLASSIC DIAMANTE NECKLACE JET;Joyeria y accesorios
DIAMANTE NECKLACE BLACK;Joyeria y accesorios
WRAP KEEP CALM BIRTHDAY;Otros
LUNCH BAG RED VINTAGE DOILY;Cocina
BLACK SIL'T SQU CANDLE PLATE;Decoracion
ANT SILVER TURQUOISE BOUDICCA RING;Joyeria y accesorios
PINK POLKADOT PLATE;Cocina
ST GEORGE SET OF 10 PARTY LIGHTS;Decoracion
WRAP A PRETTY THANK YOU;Otros
CLASSIC CROME BICYCLE BELL;Otros
DOILY THANK YOU CARD;Libreria y elementos escolares
A PRETTY THANK YOU CARD;Libreria y elementos escolares
BLACK VINT ART DEC CRYSTAL BRACELET;Joyeria y accesorios
TUSCAN VILLA BIRD FEEDER;Decoracion
PAPER BUNTING VINTAGE PARTY;Decoracion
PAPER BUNTING PAISLEY PARK;Decoracion
LARGE PARLOUR FRAME;Decoracion
MEDIUM PARLOUR FRAME;Decoracion
SMALL PARLOUR FRAME;Decoracion
FLOWER SHOP DESIGN MUG;Cocina
ROSE FLOWER CANDLE+INCENSE 16X16CM;Decoracion
WHITE CHRISTMAS TREE 60CM;Navidad
PAISLEY PARK CARD;Libreria y elementos escolares
PACK 3 BOXES CHRISTMAS PANETTONE;Navidad
VINTAGE KEEPSAKE BOX PINK FLOWER;Decoracion
PACK 3 BOXES BIRD PANETTONE;Cocina
COLOURED GLASS STAR T-LIGHT HOLDER;Decoracion
CRYSTAL CZECH CROSS PHONE CHARM;Joyeria y accesorios
12 HANGING EGGS HAND PAINTED;Pascuas
SET OF 6 EASTER RAINBOW CHICKS;Pascuas
DUSTY PINK CHRISTMAS TREE 60CM;Navidad
IVORY RETRO KITCHEN WALL CLOCK;Decoracion
PACK OF 6 PANETTONE GIFT BOXES;Cocina
CAT WITH SUNGLASSES BLANK CARD;Libreria y elementos escolares
BLUE RETRO KITCHEN WALL CLOCK;Decoracion
RED RETRO KITCHEN WALL CLOCK;Decoracion
WHITE MOROCCAN METAL LANTERN;Decoracion
HAND PAINTED HANGING EASTER EGG;Pascuas
UNION JACK HOT WATER BOTTLE;Otros
WHITE STONE/CRYSTAL EARRINGS;Joyeria y accesorios
MIDNIGHT BLUE CRYSTAL DROP EARRINGS;Joyeria y accesorios
PAINT YOUR OWN EGGS IN CRATE;Libreria y elementos escolares
BICYCLE PUNCTURE REPAIR KIT;Otros
CLASSIC BICYCLE CLIPS;Otros
CROCHET LILAC/RED BEAR KEYRING;Joyeria y accesorios
SNACK TRAY RED GINGHAM;Cocina
SNACK TRAY HAPPY FOREST;Cocina
SNACK TRAY PAISLEY PARK;Cocina
SET OF 6 RIBBONS COUNTRY STYLE;Otros
SNACK TRAY RED VINTAGE DOILY;Cocina
SET OF 6 RIBBONS PERFECTLY PRETTY;Otros
GIN AND TONIC DIET METAL SIGN;Decoracion
SET OF 6 RIBBONS PARTY;Otros
SILVER AND BLACK ORBIT NECKLACE;Joyeria y accesorios
LETTER "F" BLING KEY RING;Joyeria y accesorios
LETTER "O" BLING KEY RING;Joyeria y accesorios
LETTER "T" BLING KEY RING;Joyeria y accesorios
LETTER "U" BLING KEY RING;Joyeria y accesorios
LETTER "W" BLING KEY RING;Joyeria y accesorios
LETTER "Z" BLING KEY RING;Joyeria y accesorios
PINK CRYSTAL SKULL PHONE CHARM;Joyeria y accesorios
CREAM HANGING HEART T-LIGHT HOLDER;Decoracion