CustomerID,Recency,Frequency,Monetary,Cluster
12346,1.696,-0.25,2.1701425484994856,2
12347,-0.368,1.25,2.1701425484994856,3
12348,0.192,0.5,0.5704698862333605,1
12349,-0.256,-0.25,0.5949344672093712,0
12350,1.696,-0.25,-0.2687077429541299,2
12352,-0.12,1.25,0.5320692181362999,1
12353,1.224,-0.25,-0.38545323040960094,2
12354,1.448,-0.25,0.3439730524243684,2
12355,1.304,-0.25,-0.15865068254391385,2
12356,-0.224,0.25,1.3991712166487402,1
12357,-0.144,-0.25,2.1701425484994856,3
12358,-0.368,0.0,0.19080285357974383,0
12359,0.056,0.5,2.1701425484994856,3
12360,0.008,0.25,1.2153177655285032,1
12361,1.696,-0.25,-0.37078641212864605,2
12362,-0.368,1.75,2.1701425484994856,3
12363,0.472,0.0,-0.08960404437327692,0
12364,-0.344,0.5,0.3996130107428664,1
12365,1.696,-0.25,-0.2620789674321325,2
12367,-0.368,-0.25,-0.38545323040960094,0
12370,0.0,0.5,2.0677976844024317,3
12371,0.072,-0.25,0.6381147136074445,0
12372,0.168,0.25,0.39062054361178783,0
12373,1.696,-0.25,-0.25916349923291876,2
12374,-0.208,-0.25,-0.03671551256503423,0
12375,-0.32,0.0,-0.2197189294788508,0
12377,1.696,0.0,0.653146897468352,2
12378,0.632,-0.25,2.1701425484994856,3
12379,0.248,0.0,0.09064794603028428,0
12380,-0.232,0.5,1.3213856303208693,1
12381,-0.368,0.25,0.6387485110420561,1
12383,1.072,0.75,0.7232076115343676,1
12384,-0.176,0.0,-0.17291485304288015,0
12386,1.696,0.0,-0.20152521488529207,2
12388,-0.28,1.0,1.605558030679524,3
12390,0.232,-0.25,-0.12476861733361423,0
12391,-0.232,-0.25,-0.17336969590771914,0
12393,0.168,0.5,0.7455172812326987,1
12394,0.104,0.0,0.3044539182662285,0
12395,-0.256,1.75,1.4990875181051695,3
12397,-0.12,0.0,1.1912632887748884,1
12398,-0.04,-0.25,0.5692917686490235,0
12399,0.544,0.5,0.26953540783932867,1
12401,1.696,-0.25,-0.38545323040960094,2
12402,1.696,-0.25,-0.3553515804857499,2
12403,-0.008,-0.25,-0.20913078410063218,0
12405,0.784,-0.25,0.5541029995395648,2
12406,-0.232,0.0,2.1701425484994856,3
12407,-0.008,0.75,0.6225754917988476,1
12408,-0.144,0.75,1.468754718528695,1
12409,0.224,0.25,2.1701425484994856,3
12410,1.696,0.0,-0.10352521861351222,2
12412,0.192,0.25,0.43128796959263593,1
12413,0.128,0.25,0.010386821487224284,0
12414,1.328,0.25,-0.1713191747957402,2
12415,-0.216,1.75,2.1701425484994856,3
12417,-0.368,1.75,1.9269156993488665,3
12418,0.496,-0.25,-0.0026768621061834634,0
12420,0.104,-0.25,-0.053522329242854466,0
12421,-0.28,0.5,-0.02470318706904113,0
12422,0.36,0.25,0.008492885623796475,0
12423,-0.368,1.5,0.7174139573379762,1
12424,0.896,0.0,0.8118497750951162,2
12425,0.216,-0.25,0.09061812026865552,0
12426,1.152,-0.25,-0.12037677393377567,2
12427,-0.232,0.25,0.02060214484508304,0
12428,-0.2,1.5,2.1701425484994856,3
12429,-0.336,0.5,2.0624737859516937,3
12430,-0.064,-0.25,-0.3398421844387818,0
12431,-0.12,1.75,2.1701425484994856,3
12432,-0.064,0.5,2.1701425484994856,3
12433,-0.368,1.25,2.1701425484994856,3
12434,0.272,0.0,0.09989393213520757,0
12435,0.232,0.0,2.1701425484994856,3
12436,0.392,-0.25,-0.18131080494138307,0
12437,-0.368,1.75,2.1701425484994856,3
12438,-0.296,0.0,1.3456488874058856,1
12441,1.696,-0.25,-0.3852146243165707,2
12442,-0.368,-0.25,-0.38545323040960094,0
12444,-0.24,0.75,2.1701425484994856,3
12445,-0.232,-0.25,-0.38545323040960094,0
12446,0.056,-0.25,0.25624803103370497,0
12447,1.536,-0.25,-0.17946160772039846,2
12448,-0.056,-0.25,-0.22870394016952225,0
12449,-0.232,0.5,2.1701425484994856,3
12450,0.84,0.0,-0.3422431582498989,2
12451,-0.32,0.75,2.1701425484994856,3
12452,-0.272,-0.25,-0.24129041157686945,0
12453,0.664,-0.25,0.04460442651584769,0
12454,0.04,-0.25,2.12968613978216,3
12455,0.176,0.75,1.3106259868132852,1
12456,-0.056,0.25,1.460619742044444,1
12457,0.12,1.0,1.0446920396906323,1
12458,0.16,0.0,0.08592056281212186,0
12461,0.832,-0.25,-0.033770218604191694,2
12462,-0.256,0.0,0.1979088412878018,0
12463,0.016,0.5,0.42017787338591367,1
12464,-0.328,1.5,0.21241907432020557,1
12465,-0.272,0.0,0.007471353288010505,0
12468,1.096,0.0,-0.010908772315728139,2
12471,-0.368,1.75,2.1701425484994856,3
12472,-0.152,1.25,2.1701425484994856,3
12473,0.024,0.25,1.4454757115774286,1
12474,-0.272,1.75,2.1701425484994856,3
12475,0.024,-0.25,0.010782012828805664,0
12476,-0.28,1.75,2.1701425484994856,3
12477,-0.224,1.0,2.1701425484994856,3
12478,-0.368,-0.25,-0.09408536505800184,0
12479,-0.32,-0.25,-0.14836079478198308,0
12480,-0.184,0.5,1.699158727111058,3
12481,-0.224,1.75,2.1701425484994856,3
12483,-0.272,1.5,0.941159364636713,1
12484,-0.128,0.5,2.1701425484994856,3
12488,-0.328,0.25,0.42687375687157586,1
12489,1.696,-0.25,-0.27830418175819144,2
12490,-0.368,1.75,2.1701425484994856,3
12491,-0.096,-0.25,-0.17729178356190434,0
12492,0.096,0.0,-0.3317817723586026,0
12493,0.92,0.0,-0.19344243348389134,2
12494,-0.28,1.25,0.3451064313662622,1
12497,0.248,-0.25,0.20947378035936312,0
12498,-0.24,0.25,-0.24044783381085624,0
12500,-0.224,1.75,2.1701425484994856,3
12501,1.696,-0.25,1.019101536213135,2
12502,0.36,0.75,1.7759004117819215,3
12504,-0.264,0.0,-0.182026623220474,0
12506,1.456,-0.25,-0.38545323040960094,2
12507,0.664,0.25,0.31804700912854716,0
12508,-0.2,0.0,-0.20452270392898492,0
12509,1.696,-0.25,-0.3830149743964478,2
12510,0.736,0.0,0.10617971139847394,2
12512,0.12,0.0,-0.38545323040960094,0
12513,0.496,-0.25,-0.07261081668527679,0
12514,1.696,-0.25,0.26993059918091,2
12515,1.696,-0.25,-0.29338856070194935,2
12516,0.216,0.0,0.383179016085406,0
12517,-0.184,0.5,1.229939845167015,1
12518,-0.368,0.75,0.9038995319219535,1
12519,0.104,-0.25,-0.2947754586176879,0
12520,0.224,0.75,1.2874364571469048,1
12521,0.736,-0.25,-0.09431651471062497,2
12522,-0.096,0.0,-0.3843422207889287,0
12523,-0.256,1.75,0.7755443667524778,1
12524,-0.336,1.5,2.1701425484994856,3
12526,-0.368,0.25,0.3906354564926022,1
12527,0.248,0.25,-0.25460761414412186,0
12528,-0.336,1.0,0.7483358157066189,1
12530,0.072,0.5,0.6174752865603254,1
12531,-0.288,-0.25,-0.38545323040960094,0
12532,-0.168,-0.25,-0.26719408555146906,0
12534,0.64,-0.25,0.26396544685515305,0
12535,0.328,0.0,0.03294255371899282,0
12536,0.064,-0.25,2.1701425484994856,3
12538,-0.176,-0.25,-0.21528234743656907,0
12539,-0.232,0.5,2.1701425484994856,3
12540,-0.248,1.75,2.1701425484994856,3
12541,-0.168,0.25,0.12602129932202308,0
12544,-0.12,-0.25,-0.26505408715460377,0
12545,0.192,0.0,0.11946708820409763,0
12546,-0.032,0.0,0.2604758327445852,0
12547,1.176,0.0,-0.38545323040960094,2
12548,0.92,-0.25,-0.38545323040960094,2
12550,0.224,-0.25,0.11383001925625734,0
12551,1.696,-0.25,-0.3759313560096114,2
12552,-0.088,-0.25,-0.2642189658289978,0
12553,-0.344,1.75,1.9544150515706062,3
12556,-0.008,0.0,-0.048176061470894815,0
12557,-0.28,0.75,2.1701425484994856,3
12558,-0.344,-0.25,-0.29990548961783886,0
12559,1.696,0.0,-0.09600912668305848,2
12560,-0.368,0.0,0.9438660525045252,1
12561,1.696,-0.25,-0.32310247572462625,2
12562,-0.344,1.25,2.0777147501440023,3
12564,1.68,-0.25,-0.18847644417269868,2
12565,1.696,-0.25,-0.38545323040960094,2
12566,0.28,-0.25,-0.27925860613031256,0
12567,-0.224,1.75,2.1701425484994856,3
12569,-0.368,1.75,1.8943235983290119,3
12571,-0.088,0.0,-0.11375545485218544,0
12572,-0.336,0.0,0.17914098078288887,0
12573,1.408,-0.25,-0.3814938605533798,2
12574,1.696,-0.25,-0.36515679962121284,2
12576,-0.12,0.75,0.522532430855496,1
12577,-0.128,0.25,-0.03692429289643571,0
12578,-0.24,0.0,1.2902177094187892,1
12579,0.216,-0.25,-0.21306778463563178,0
12580,1.568,-0.25,-0.21807851258926764,2
12581,-0.088,-0.25,-0.3671998642927846,0
12582,1.504,0.0,-0.20675963605114378,2
12583,-0.368,1.75,2.1701425484994856,3
12584,-0.368,1.75,1.1795939595376261,3
12585,1.464,0.0,0.8589297398261531,2
12586,-0.272,-0.25,-0.35435241747118557,0
12587,-0.344,-0.25,-0.38545323040960094,0
12588,-0.096,-0.25,-0.37078641212864605,0
12589,-0.176,0.0,-0.07269283752975596,0
12590,1.28,-0.25,2.1701425484994856,1
12591,1.696,-0.25,-0.21476039660806534,2
12592,0.328,0.0,-0.20174890809750792,0
12593,0.464,0.25,-0.21628896689154056,0
12594,-0.104,1.75,1.9956789927840297,3
12596,0.0,0.0,-0.16545841263568398,0
12597,-0.256,0.5,1.8812971969376397,3
12598,-0.328,1.25,1.5918829189727262,3
12599,-0.176,1.25,0.1613648268521332,1
12600,-0.176,1.75,1.2220136490141653,3
12601,1.112,0.75,-0.13802616837760912,2
12602,0.064,-0.25,-0.38545323040960094,0
12603,-0.232,-0.25,-0.04397062908123616,0
12604,0.224,0.0,-0.32509334531334766,0
12607,0.072,-0.25,0.6840091043137372,0
12609,0.216,0.25,0.21823509783781866,0
12610,-0.224,0.5,0.8018432320686588,1
12611,0.008,-0.25,0.4000007456440406,0
12612,0.184,-0.25,-0.003079509888172032,0
12613,0.048,0.5,1.8046151637900343,3
12614,1.696,-0.25,-0.26587429559939535,2
12615,-0.368,0.5,1.059575094743396,1
12616,0.352,0.0,-0.01556159112981858,0
12617,-0.176,-0.25,-0.2380021213572959,0
12618,-0.232,-0.25,-0.38545323040960094,0
12619,-0.28,1.5,1.7140044999617858,3
12620,-0.288,0.25,0.5128092325645122,1
12621,-0.368,1.75,2.1701425484994856,3
12622,1.448,-0.25,-0.36914599523906283,2
12623,1.696,-0.25,-0.3005467434928577,2
12624,0.44,0.0,-0.07683116195574982,0
12625,1.288,0.0,1.298650943519328,2
12626,-0.224,1.75,2.1701425484994856,3
12627,-0.32,1.0,2.1701425484994856,3
12628,-0.368,0.25,0.04495487921498593,0
12630,-0.328,0.0,0.2674699738465353,0
12631,0.048,-0.25,-0.14291759328472983,0
12633,0.064,0.5,0.9378785308575466,1
12635,0.312,0.0,0.6725038167654334,1
12637,0.128,1.5,2.1701425484994856,3
12638,-0.144,-0.25,-0.11966095565468485,0
12639,1.504,-0.25,-0.22821927154305446,2
12640,-0.216,0.25,0.24040309516841302,0
12641,0.512,-0.25,-0.38100173548650484,0
12642,-0.208,0.25,0.17380216945133642,0
12643,0.616,1.0,1.7667811851639204,3
12644,0.632,-0.25,-0.12628227473627507,0
12645,-0.136,0.5,0.7273832181623976,1
12646,-0.368,0.0,0.5233228135386588,0
12647,-0.232,1.75,1.9349537421078238,3
12648,0.832,-0.25,-0.27746906043258546,2
12649,0.448,0.25,-0.07654781722027636,0
12650,-0.368,-0.25,-0.3204256136184428,0
12651,1.696,-0.25,-0.38545323040960094,2
12652,1.696,-0.25,0.10402480012079433,2
12653,0.784,0.0,1.3031471770848673,1
12654,-0.32,0.75,-0.09267609782104176,1
12656,-0.272,0.75,2.1701425484994856,3
12657,-0.32,0.5,0.606588883565819,1
12658,-0.256,-0.25,-0.029915238913671288,0
12659,-0.168,-0.25,-0.38545323040960094,0
12660,-0.32,-0.25,-0.3318637932030818,0
12662,-0.368,1.75,2.1512799912014007,3
12664,-0.344,1.75,2.1701425484994856,3
12665,1.696,-0.25,-0.38545323040960094,2
12667,0.056,-0.25,-0.15050079317884837,0
12668,-0.312,0.5,1.9013773909542193,3
12669,0.8,0.0,0.5877613715376485,2
12670,-0.328,0.75,1.6140061776608774,3
12672,1.696,-0.25,-0.33275856605194537,2
12673,-0.368,0.0,-0.07281214057627107,0
12674,-0.096,0.5,0.8742154426609052,1
12676,-0.208,1.0,0.3125888947504796,1
12678,-0.072,1.75,2.1701425484994856,3
12679,0.064,0.5,0.21800394818519553,1
12680,-0.368,0.5,0.08846320899097575,0
12681,-0.288,1.75,2.1701425484994856,3
12682,-0.368,1.75,2.1701425484994856,3
12683,-0.368,1.75,2.1701425484994856,3
12684,-0.344,1.0,1.0449902973069203,1
12685,-0.184,1.0,1.4300781621365684,3
12686,1.696,-0.25,-0.38545323040960094,2
12688,0.504,-0.25,2.1701425484994856,3
12689,-0.2,0.0,0.36345673120837196,0
12690,1.24,-0.25,-0.25140134476902753,2
12691,-0.184,0.75,0.19806542653635287,1
12693,0.608,0.5,0.04104024800120792,0
12694,0.152,0.0,0.066735141644406,0
12695,-0.352,0.5,-0.052620099953583695,0
12697,-0.176,0.25,0.09366780439519871,0
12700,-0.344,0.5,2.1701425484994856,3
12701,0.232,0.0,0.039921781940128485,0
12702,-0.248,-0.25,-0.3513251026658639,0
12703,0.16,-0.25,-0.30319377983741236,0
12704,-0.352,1.5,0.7968474169958374,1
12705,-0.288,1.5,2.1701425484994856,3
12707,1.696,-0.25,-0.03806512827873671,2
12708,-0.168,1.75,1.3389082652777804,3
12709,-0.288,1.75,2.1701425484994856,3
12710,0.368,0.25,0.2690656520936752,0
12712,-0.176,1.75,2.1701425484994856,3
12713,-0.368,-0.25,0.09125191770326714,0
12714,-0.336,0.75,2.1701425484994856,3
12715,0.44,-0.25,-0.30482674028658835,0
12716,-0.368,0.0,0.24586866598688778,0
12717,0.8,0.0,0.11841573010668298,2
12718,0.16,-0.25,-0.3503930476149644,0
12719,-0.368,0.0,-0.07398280172020083,0
12720,-0.368,1.75,2.1701425484994856,3
12721,-0.152,1.0,1.3489893727083095,1
12722,0.272,0.5,0.22925571675965464,1
12723,-0.368,0.75,0.043471047573953876,1
12724,-0.368,0.5,0.211941862134145,1
12725,1.696,-0.25,-0.21356736614291394,2
12726,-0.184,1.25,1.2966227917285706,3
12727,-0.32,1.25,2.0817859666063314,3
12728,0.16,0.5,0.0418753693268139,0
12729,0.504,-0.25,-0.19025853343001858,0
12731,-0.216,1.75,2.1701425484994856,3
12732,1.032,-0.25,-0.328374179092514,2
12733,1.464,-0.25,-0.20763949601919296,2
12734,1.696,-0.25,-0.38545323040960094,2
12735,1.696,0.0,0.012974206308521306,2
12736,1.696,-0.25,-0.38545323040960094,2
12738,1.696,-0.25,-0.38545323040960094,2
12739,0.384,-0.25,0.22620603263311137,0
12740,0.104,-0.25,-0.18236216303879776,0
12743,0.664,0.0,-0.08268446767539886,0
12744,0.04,0.5,2.1701425484994856,3
12747,-0.368,1.75,2.1701425484994856,3
12748,-0.368,1.75,2.1701425484994856,3
12749,-0.368,0.75,2.1701425484994856,3
12750,0.624,-0.25,-0.24659194070638596,0
12752,0.24,-0.25,2.1701425484994856,3
12753,-0.224,1.0,2.1701425484994856,3
12754,1.48,0.25,1.743740784305684,1
12755,1.696,0.0,2.1701425484994856,2
12756,0.288,-0.25,-0.38545323040960094,0
12757,-0.28,1.75,2.1701425484994856,3
12758,0.528,0.0,1.6664547794850957,1
12759,0.008,0.25,0.5512322699827943,1
12762,-0.344,0.0,0.8080917291298894,1
12763,0.696,0.0,-0.13279174721175738,0
12764,1.696,-0.25,0.7618319728436441,2
12766,-0.368,1.25,2.1701425484994856,3
12769,1.504,-0.25,0.35151897011645084,2
12770,1.28,-0.25,0.5065010839800242,2
12772,0.072,-0.25,0.0691957669787808,0
12775,-0.272,0.75,0.4540002870729556,1
12778,-0.248,1.0,0.01570326349755518,1
12779,-0.104,1.5,2.1701425484994856,3
12781,0.104,0.0,0.08542843774524694,0
12782,-0.368,0.75,0.974295785806293,1
12783,-0.368,0.5,0.46505818819682754,1
12784,-0.288,-0.25,-0.14566156335457803,0
12785,1.696,-0.25,-0.298048835956447,2
12787,-0.328,0.25,-0.18902822076283118,0
12789,0.112,-0.25,-0.38545323040960094,0
12790,1.128,-0.25,-0.2812942143614771,2
12791,1.696,-0.25,-0.36877317321870307,2
12792,1.648,-0.25,-0.24429535706096955,2
12793,1.696,0.0,-0.09558410957984827,2
12794,0.016,0.0,0.15154469483585573,0
12795,-0.256,-0.25,-0.2525421801513285,0
12797,1.696,-0.25,-0.33266163232665186,2
12798,-0.328,0.25,2.1701425484994856,3
12802,1.088,-0.25,-0.20474639714120083,2
12808,-0.112,0.25,-0.16144684769661238,0
12809,1.016,-0.25,-0.19898256870643813,2
12811,1.688,0.0,-0.13669146554472097,2
12812,-0.048,-0.25,-0.329969857339654,0
12814,0.408,-0.25,-0.38545323040960094,0
12815,0.776,0.0,0.17238544577396916,2
12816,0.36,0.0,-0.16401931963709507,0
12817,1.696,-0.25,-0.38545323040960094,2
12818,1.688,-0.25,0.38021135280334206,2
12820,-0.368,0.5,0.20145065048122,1
12821,1.304,-0.25,-0.38545323040960094,2
12822,0.16,0.0,0.2137836029147225,0
12823,0.192,0.75,0.8107611347956656,1
12824,0.072,-0.25,-0.20508939339993185,0
12826,-0.368,1.25,0.6230228782232794,1
12827,-0.36,0.25,-0.18046077073496272,0
12828,-0.368,1.0,0.2583954858709775,1
12829,1.696,0.0,-0.2827258509196588,2
12830,-0.104,1.0,2.1701425484994856,3
12831,1.688,-0.25,-0.3408488038937532,2
12832,-0.152,0.0,-0.21559551793367132,0
12833,0.752,-0.25,-0.1899826451349523,2
12834,1.696,-0.25,-0.26827526941051255,2
12836,0.064,0.5,1.4451998232823624,1
12837,0.976,-0.25,-0.38545323040960094,2
12838,-0.136,0.0,0.017880544096456442,0
12839,-0.368,1.75,2.1701425484994856,3
12840,0.744,0.5,1.556606499406281,1
12841,-0.368,1.75,2.1701425484994856,3
12842,0.152,0.0,0.33316867027434105,0
12843,0.12,1.5,0.7699818622087095,1
12844,-0.176,0.0,-0.2519605777995672,0
12845,1.696,0.5,-0.23717445647209714,2
12847,-0.232,-0.25,0.12785558366219338,0
12849,-0.16,0.0,0.2389640021698241,0
12851,0.368,-0.25,-0.38545323040960094,0
12852,1.696,-0.25,-0.2688941539643098,2
12853,0.672,1.0,0.9581003972418628,1
12854,0.224,0.25,0.4802544137466935,1
12855,1.696,-0.25,-0.38545323040960094,2
12856,-0.344,1.0,1.123916719017092,1
12857,1.28,0.0,0.32378101180168106,2
12863,0.008,-0.25,-0.11256988082744122,0
12864,0.696,-0.25,-0.38545323040960094,2
12865,-0.2,0.0,0.6941647761483385,1
12866,1.696,-0.25,-0.1290337012465305,2
12867,-0.2,1.25,2.1701425484994856,3
12868,1.08,1.0,0.7194644784499553,1
12871,0.264,0.0,-0.2173776071909912,0
12872,1.696,0.0,-0.053835499739956674,2
12873,1.696,-0.25,-0.22232868362136948,2
12875,0.736,0.0,-0.24527215075431216,2
12876,0.056,0.0,1.040807234238483,1
12877,-0.368,1.75,0.6439381935654647,1
12878,1.48,0.0,0.14772699734737124,2
12879,-0.048,0.25,-0.07378147782920653,0
12881,1.696,-0.25,-0.27899763071606065,2
12882,-0.336,0.0,0.5897075024839267,0
12883,-0.208,0.5,0.023338658474524106,0
12884,0.296,-0.25,-0.27075826406610887,0
12885,0.096,0.25,0.3750962346840054,0
12886,0.136,0.0,0.526596190877418,0
12888,1.304,0.0,-0.23715208715087555,2
12890,-0.216,-0.25,-0.22030053183061213,0
12891,1.08,0.25,-0.2543913773723132,2
12893,-0.16,-0.25,-0.3695560994614587,0
12895,-0.072,0.0,-0.223223456470233,0
12897,1.232,0.0,-0.3397676200347098,2
12901,-0.336,1.75,2.1701425484994856,3
12902,1.696,-0.25,-0.38545323040960094,2
12904,-0.264,0.0,-0.13131537201113253,0
12906,-0.312,0.75,1.79225984203531,3
12908,1.0,0.0,0.05803347568920805,2
12909,-0.088,0.75,1.1347211011671192,1
12910,-0.224,1.5,1.7916856961239558,3
12912,-0.368,0.75,0.7382845340377183,1
12913,-0.368,0.75,1.3507043540019648,1
12915,0.784,0.0,-0.23004609944281756,2
12916,0.704,0.5,1.6946848628667401,1
12917,0.616,-0.25,-0.05828699466305284,0
12919,-0.344,1.0,0.49437691187792315,1
12920,-0.272,-0.25,-0.37982361790216784,0
12921,-0.336,1.75,2.1701425484994856,3
12922,0.88,-0.25,-0.19893037362358776,2
12923,0.104,-0.25,-0.37326940678424236,0
12924,0.296,0.5,0.18908041584568147,0
12925,-0.368,0.0,0.025635242119940484,0
12928,-0.128,0.75,1.0860529146293498,1
12929,1.696,-0.25,-0.38545323040960094,2
12930,0.216,0.0,-0.1911607627192893,0
12931,-0.232,1.75,2.1701425484994856,3
12933,-0.216,0.25,-0.04495487921498601,0
12935,-0.368,1.25,1.1099135239323774,1
12936,-0.272,0.5,0.2920911400710972,1
12937,-0.288,0.5,0.6573597862984178,1
12938,-0.2,-0.25,-0.38545323040960094,0
12939,0.104,1.5,2.1701425484994856,3
12940,0.032,0.0,0.16964893214452817,0
12942,0.64,0.25,0.02112409567358681,0
12944,-0.12,0.0,-0.0380725847191439,0
12945,1.696,-0.25,-0.1560036461993592,2
12947,0.744,1.0,0.7279126254313085,1
12948,-0.28,1.25,1.0508212337053475,1
12949,-0.16,1.5,2.1701425484994856,3
12950,-0.368,0.25,0.8730224121957539,1
12951,-0.336,1.0,0.2922178995580194,1
12952,-0.36,0.5,0.5335977884197751,1
12953,-0.328,-0.25,-0.2552488680191407,0
12955,-0.368,1.75,2.1701425484994856,3
12956,1.696,-0.25,-0.38545323040960094,2
12957,-0.328,1.5,2.1701425484994856,3
12962,-0.352,0.0,-0.28392633782521737,0
12963,-0.344,1.5,0.9072325607839702,1
12965,0.304,-0.25,0.07765137040054133,0
12966,-0.328,-0.25,-0.38176229240803883,0
12967,1.696,0.0,0.737240632380711,2
12968,0.488,-0.25,-0.38545323040960094,0
12970,-0.352,0.5,-0.198863265659923,0
12971,-0.368,1.75,2.1701425484994856,3
12974,1.176,-0.25,-0.38545323040960094,2
12976,1.288,-0.25,0.07413938696875189,2
12977,0.84,-0.25,-0.38545323040960094,2
12980,0.856,1.75,2.1701425484994856,3
12981,-0.168,0.0,-0.22365593001385042,0
12982,1.536,-0.25,-0.20999573118786694,2
12984,-0.256,-0.25,-0.38545323040960094,0
12985,-0.368,0.0,0.4305423255519163,0
12987,0.184,0.0,-0.08460822930045543,0
12988,1.696,-0.25,-0.12403788617370903,2
12989,-0.368,1.75,2.1701425484994856,3
12990,-0.16,0.25,-0.19585832017582291,0
12991,-0.224,0.0,-0.12557391289759146,0
12993,-0.224,0.5,-0.19193623252163772,0
12994,-0.368,0.25,0.22537091130750547,0
12995,0.272,-0.25,-0.34363005616563747,0
12997,-0.232,0.5,0.41362366226798825,1
12999,1.16,0.25,-0.1612753495672469,2
13000,0.448,0.25,-0.10239183967161841,0
13001,-0.368,1.75,2.1701425484994856,3
13002,1.696,-0.25,-0.38545323040960094,2
13003,0.44,0.25,-0.38545323040960094,0
13004,-0.312,1.75,2.1701425484994856,3
13005,0.984,0.0,-0.11816221113283837,2
13006,0.04,-0.25,-0.38545323040960094,0
13008,1.696,-0.25,-0.3300966168265763,2
13011,1.696,-0.25,-0.38545323040960094,2
13012,-0.336,1.5,0.7267568771681931,1
13013,-0.368,1.75,2.1701425484994856,3
13014,-0.32,1.75,2.0834114706151,3
13015,0.016,0.75,2.007624210316358,3
13016,0.176,0.25,0.0991855702965239,0
13017,-0.352,-0.25,-0.34908817054370506,0
13018,-0.28,1.75,2.1701425484994856,3
13021,-0.368,1.75,1.4496886004074945,3
13023,0.104,0.0,-0.04896644415405757,0
13026,-0.368,0.75,0.2260718167057819,1
13027,0.504,1.0,2.1701425484994856,3
13028,-0.224,0.0,0.004212888830065757,0
13029,-0.16,0.25,0.42899138594721953,1
13030,-0.32,0.0,0.07472844576092036,0
13032,0.008,0.0,0.2729504575458245,0
13033,1.696,-0.25,-0.35911708289138394,2
13034,0.032,0.0,-0.021921934797156928,0
13035,0.184,0.0,0.18619477340809654,0
13037,0.696,0.25,0.17433157672024738,0
13038,0.232,0.25,0.17618823038163925,0
13040,-0.336,0.0,0.014778664887062842,0
13043,1.696,-0.25,-0.11613405934208107,2
13044,1.696,-0.25,-0.0832884393483817,2
13045,0.384,-0.25,-0.2735693420996218,0
13046,-0.16,0.0,-0.02077364297444874,0
13047,0.048,1.75,1.9462949879671692,3
13048,-0.296,0.5,0.9046451759626731,1
13049,0.104,0.0,-0.011550026190746937,0
13050,-0.288,1.75,2.1701425484994856,3
13052,1.288,-0.25,-0.24160358207397165,2
13055,0.216,0.25,0.40431802463980737,0
13058,-0.208,0.25,-0.2988317621992026,0
13059,1.592,-0.25,-0.3644484377825293,2
13060,1.624,-0.25,-0.2718916430080027,2
13061,0.168,-0.25,-0.24010483755212522,0
13062,1.12,-0.25,-0.24247598560161363,2
13064,-0.304,0.5,0.3231770401286981,1
13065,1.696,-0.25,-0.3477012726279666,2
13066,-0.216,0.0,-0.13068903101692803,0
13067,0.248,-0.25,-0.38545323040960094,0
13068,-0.328,0.0,-0.24469800484295812,0
13069,-0.368,1.75,2.1701425484994856,3
13070,1.128,-0.25,-0.33059619833385845,2
13072,1.696,-0.25,-0.3691087130370269,2
13075,0.632,-0.25,0.184502161435663,0
13077,-0.368,0.5,0.055244766976916666,0
13078,-0.368,1.75,2.1701425484994856,3
13079,-0.368,0.75,-0.33708330148811916,0
13080,1.024,-0.25,-0.38545323040960094,2
13081,-0.312,1.75,2.1701425484994856,3
13082,0.6,1.75,2.1701425484994856,3
13083,-0.368,0.0,-0.27471017748192283,0
13085,0.856,0.0,-0.1909519823878878,2
13089,-0.368,1.75,2.1701425484994856,3
13090,-0.336,1.75,2.1701425484994856,3
13091,-0.184,-0.25,-0.2433409326888484,0
13092,0.16,0.75,-0.14490846287345122,0
13093,1.696,1.5,2.1701425484994856,3
13094,-0.24,1.75,0.9358951177092325,1
13095,0.16,-0.25,-0.38545323040960094,0
13097,-0.144,1.75,2.1701425484994856,3
13098,-0.368,1.75,2.1701425484994856,3
13099,0.384,-0.25,-0.3465828065668871,0
13101,1.464,-0.25,-0.38545323040960094,2
13102,-0.368,1.75,2.1701425484994856,3
13103,-0.088,-0.25,-0.3018590770045243,0
13104,-0.368,1.0,0.31787551099918165,1
13106,0.656,-0.25,-0.38545323040960094,0
13107,-0.056,0.5,0.6408437707964784,1
13108,1.696,-0.25,-0.2401794019561972,2
13109,0.072,0.0,0.10272737948994218,0
13110,-0.16,1.25,0.6088183592475707,1
13113,-0.368,1.75,2.1701425484994856,3
13115,-0.312,0.5,1.2591019835995594,1
13116,0.696,-0.25,-0.12752750028427687,2
13117,-0.232,1.5,0.23878504760005137,1
13118,-0.248,0.75,0.3944009588982364,1
13120,1.504,-0.25,-0.38545323040960094,2
13121,1.696,-0.25,-0.28963797117712964,2
13122,0.344,0.0,0.18657505186886353,0
13124,0.312,0.25,2.1701425484994856,3
13126,-0.368,1.5,1.0755691594168317,1
13127,0.216,-0.25,-0.30795098881720356,0
13130,0.344,-0.25,-0.38545323040960094,0
13131,-0.224,0.25,0.30655663446105774,0
13132,1.688,-0.25,-0.38545323040960094,2
13133,1.696,0.0,-0.38545323040960094,2
13134,0.28,0.5,0.848475810375264,1
13135,1.168,-0.25,1.807314395217439,1
13136,0.04,0.75,1.4986252187999234,1
13137,-0.32,1.5,2.1701425484994856,3
13138,-0.232,1.0,0.21640081349764836,1
13139,-0.28,1.25,2.1701425484994856,3
13140,0.456,0.25,-0.18618731696768942,0
13141,0.272,0.75,1.2922607740903609,1
13142,-0.256,-0.25,-0.27221972638591935,0
13144,1.696,-0.25,-0.38545323040960094,2
13145,-0.088,0.5,-0.04000380278460774,0
13146,-0.2,-0.25,-0.33051417748937933,0
13147,-0.328,0.5,0.0302955173744382,0
13148,-0.176,1.75,2.1701425484994856,3
13149,-0.296,0.5,0.7485445960380204,1
13151,1.696,-0.25,0.44212963394469934,2
13153,-0.36,-0.25,-0.1386525093718136,0
13155,-0.144,0.5,0.22338749815919123,1
13157,-0.016,0.5,0.8586463950906796,1
13158,0.352,0.5,0.4413541641423508,1
13159,-0.336,0.5,0.5645867547520825,1
13160,-0.232,-0.25,-0.38545323040960094,0
13161,1.696,-0.25,-0.38545323040960094,2
13162,0.568,0.5,0.81917945601539,1
13165,-0.04,0.0,0.2604609198637708,0
13166,1.696,-0.25,-0.19011686106228184,2
13167,-0.256,0.5,0.07990321540351457,0
13168,-0.12,0.5,0.4716347686359747,1
13169,0.104,0.0,0.030355168897695718,0
13170,-0.192,-0.25,-0.38545323040960094,0
13171,-0.232,0.25,-0.15193242973703003,0
13173,-0.368,0.0,-0.2375025398500138,0
13174,-0.28,0.25,1.5437814219059036,1
13176,-0.04,-0.25,-0.13241146875099039,0
13177,0.112,-0.25,-0.2905923955492508,0
13178,-0.2,1.75,2.1701425484994856,3
13182,-0.048,-0.25,-0.38545323040960094,0
13183,-0.344,1.75,2.1701425484994856,3
13184,-0.288,1.75,0.7424974228677843,1
13185,1.696,-0.25,-0.38545323040960094,2
13186,-0.088,0.25,0.673853432479136,1
13187,1.696,-0.25,-0.3252126483598628,2
13188,-0.32,-0.25,-0.38545323040960094,0
13189,-0.256,0.0,-0.30682506631571693,0
13192,0.352,0.0,0.20338932498709103,0
13193,0.08,-0.25,-0.38545323040960094,0
13194,0.68,-0.25,-0.38545323040960094,2
13196,-0.32,0.5,0.8393043886744126,1
13198,-0.328,1.0,2.08636422101635,3
13199,-0.368,1.75,2.1701425484994856,3
13200,-0.256,0.5,0.14757786853922739,1
13203,-0.328,0.5,0.14710811279357403,1
13207,-0.288,0.0,-0.3145946772200154,0
13208,0.064,0.75,0.3884805452149226,1
13209,-0.168,1.5,2.1701425484994856,3
13210,0.344,-0.25,-0.23762929933693608,0
13211,-0.328,0.25,0.31559384023457965,0
13212,-0.248,0.25,0.08549554570891173,0
13213,0.048,0.75,0.6326118605869336,1
13216,1.696,-0.25,-0.25234831270074143,2
13217,0.568,0.25,-0.10304054998704448,0
13218,0.608,-0.25,-0.38545323040960094,0
13220,0.216,0.5,0.10969915127067066,0
13221,1.512,0.0,0.12876526939187133,2
13223,1.192,0.0,-0.37951044740506557,2
13224,0.072,0.0,1.116437909288674,1
13225,-0.368,1.25,2.1701425484994856,3
13226,1.696,-0.25,-0.38545323040960094,2
13227,1.208,-0.25,-0.3090470855570614,2
13228,0.24,-0.25,-0.2342589882728834,0
13229,1.4,-0.25,-0.38118814649668475,2
13230,-0.368,1.75,1.5623181327581932,3
13232,-0.304,1.25,0.5000139808257634,1
13233,0.184,0.0,-0.04999543293025065,0
13235,1.288,-0.25,0.2972733661540986,2
13236,-0.208,0.0,0.06351395938849728,0
13238,-0.272,0.5,0.021295593802952338,0
13239,1.688,-0.25,-0.2554651047909494,2
13240,0.36,0.5,-0.01190793533029237,0
13242,0.488,0.25,-0.2995774062399222,0
13243,1.216,-0.25,-0.06490831374464306,2
13244,0.336,-0.25,-0.38545323040960094,0
13245,0.0,-0.25,-0.18019979532071087,0
13246,-0.264,1.0,0.9660191369543051,1
13247,-0.264,0.5,-0.12754241316509124,0
13248,0.592,0.0,-0.1539680379681946,0
13249,0.328,0.25,0.029259072157837854,0
13253,0.848,0.0,0.2671120647069899,2
13255,-0.336,0.0,-0.20330730414261194,0
13258,-0.312,0.25,0.0004921250668749262,0
13259,0.088,-0.25,-0.28162229773939373,0
13260,0.08,-0.25,-0.08541352486443264,0
13261,1.696,0.0,0.20276298399288653,2
13262,1.696,-0.25,-0.3518545099347749,2
13263,-0.368,1.75,2.1701425484994856,3
13265,0.016,0.75,1.0591799034018143,1
13266,-0.32,1.75,2.1701425484994856,3
13267,-0.368,1.75,2.1701425484994856,3
13268,-0.264,1.75,1.8869566352067018,3
13269,-0.368,1.75,2.1701425484994856,3
13270,1.696,-0.25,-0.06126957082593132,2
13271,-0.112,-0.25,-0.3435032966787151,0
13272,-0.16,0.0,-0.2949842389490894,0
13273,0.496,-0.25,-0.38545323040960094,0
13276,0.104,0.0,-0.030750360239277182,0
13277,-0.28,0.5,-0.3085251347285577,0
13278,-0.08,-0.25,-0.08421303795887404,0
13279,0.216,-0.25,-0.38545323040960094,0
13280,0.568,0.25,0.10647051257435466,0
13282,-0.264,0.25,0.3429738894098041,0
13283,0.072,0.0,-0.38545323040960094,0
13284,1.696,-0.25,-0.3511834302981272,2
13285,-0.224,0.5,1.5557490087594532,1
13291,0.84,-0.25,-0.2226567669992861,2
13292,-0.096,0.0,-0.06951639391629037,0
13294,1.112,0.0,0.15029946928785398,2
13295,1.696,-0.25,-0.35117597385772,2
13296,0.688,-0.25,-0.38545323040960094,2
13297,-0.344,0.5,1.099138967543979,1
13298,-0.368,-0.25,-0.23276770019144416,0
13299,1.696,-0.25,-0.38545323040960094,2
13300,0.944,-0.25,-0.22390199254728788,2
13301,0.424,0.5,-0.05367145805099834,0
13302,0.832,-0.25,-0.38545323040960094,2
13304,1.696,-0.25,-0.2771931721375192,2
13305,-0.368,1.75,0.9907297804637533,3
13307,0.552,-0.25,-0.38545323040960094,0
13308,-0.224,0.25,0.5318977200069345,1
13309,-0.352,0.75,0.634259733916924,1
13310,-0.184,0.25,0.35430022238833503,0
13311,-0.368,0.0,-0.05487940139696413,0
13313,-0.232,0.75,0.670818661233407,1
13314,-0.368,0.25,0.07737548210547507,0
13316,-0.112,0.5,2.1701425484994856,3
13317,0.12,1.0,1.2055647414758905,1
13318,-0.368,0.25,0.006405082309781484,0
13319,-0.368,1.75,2.1701425484994856,3
13320,0.216,0.5,0.6781856243557169,1
13321,0.168,0.0,-0.07815095190782353,0
13322,-0.272,-0.25,-0.34220587604786296,0
13323,-0.368,0.75,0.08625610263044572,1
13324,-0.12,1.75,2.1701425484994856,3
13325,0.248,-0.25,0.06422232122718087,0
13327,-0.096,1.5,2.1701425484994856,3
13328,1.696,-0.25,0.5657275901343836,2
13329,-0.152,0.0,0.08711359327727328,0
13330,0.336,0.25,0.3987406072152246,0
13332,-0.296,-0.25,-0.23955306096199275,0
13334,0.248,0.25,2.162628693501153,3
13336,0.208,-0.25,0.10099748531547263,0
13338,0.856,-0.25,-0.17533819617521898,2
13339,1.2,-0.25,0.14014379745325273,2
13340,-0.048,1.25,2.1701425484994856,3
13341,1.68,-0.25,0.07730837414181027,2
13343,1.016,-0.25,-0.2749487835749531,2
13344,0.136,0.25,1.3716271257845574,1
13345,1.696,-0.25,-0.2480534030261964,2
13347,0.152,-0.25,-0.28394870714643894,0
13348,0.104,-0.25,-0.32689780389188916,0
13349,-0.32,-0.25,-0.35406907273571214,0
13350,-0.28,0.0,0.15431103422692555,0
13351,0.12,-0.25,-0.2596556242997937,0
13352,0.072,-0.25,-0.24173034156089404,0
13354,0.16,-0.25,0.07065722929859121,0
13355,0.568,-0.25,0.001886479423020621,0
13356,0.232,-0.25,0.07163402299193396,0
13357,1.648,-0.25,-0.04680407643597069,2
13358,1.696,-0.25,-0.2111216536893536,2
13359,0.104,-0.25,-0.21072646234777218,0
13362,-0.336,0.5,1.803392307563254,3
13363,-0.264,0.0,0.16428775149175406,0
13364,0.16,-0.25,-0.38545323040960094,0
13365,-0.136,0.0,1.1878855212704282,1
13366,-0.008,-0.25,-0.38545323040960094,0
13368,1.648,0.0,-0.07364726190187705,2
13369,1.696,-0.25,-0.30861461201344403,2
13370,1.696,-0.25,0.06166476216751261,2
13372,0.312,-0.25,-0.2561510973084115,0
13373,0.08,0.25,1.9871264556369759,3
13375,0.304,-0.25,0.07939617745582518,0
13376,0.384,0.25,0.14733180600578988,0
13379,-0.2,0.25,-0.07427360289608155,0
13381,-0.152,1.0,2.1701425484994856,3
13382,1.696,-0.25,-0.33492839021043946,2
13384,-0.16,1.25,2.1701425484994856,3
13385,1.696,-0.25,-0.10260062000301988,2
13388,0.64,0.0,0.0036760251207476947,0
13389,-0.32,0.25,0.09379456388212111,0
13390,0.192,-0.25,-0.09550954517577628,0
13391,1.224,-0.25,-0.38545323040960094,2
13394,-0.368,1.5,1.3778383406437518,3
13395,1.072,-0.25,-0.27174997064026596,2
13396,-0.176,0.0,0.5136145281284894,0
13397,0.176,0.75,0.661580131568891,1
13398,1.128,-0.25,-0.16018670926779627,2
13402,0.608,0.0,-0.03798310743425754,0
13403,-0.264,-0.25,-0.38545323040960094,0
13404,-0.368,0.0,-0.31293189100921065,0
13405,1.224,0.0,-0.08554028435135495,2
13408,-0.368,1.75,2.1701425484994856,3
13410,-0.216,0.75,0.24672615663371533,1
13411,0.448,-0.25,-0.3419672699548327,0
13414,0.664,0.25,0.5356184837701253,1
13416,-0.056,0.0,0.030071824162222264,0
13417,-0.368,0.0,-0.005920413683313832,0
13418,-0.312,1.75,2.1701425484994856,3
13419,0.104,-0.25,-0.3363674832090283,0
13420,0.792,0.0,-0.38200835494147634,2
13421,-0.088,0.0,0.8582661166299126,1
13422,0.104,-0.25,1.5451161247387917,1
13425,0.456,0.25,0.7221860791985818,1
13426,-0.368,1.75,2.1701425484994856,3
13427,-0.256,0.25,-0.0667873367272565,0
13428,-0.328,-0.25,-0.3482828749797278,0
13429,-0.32,0.5,0.24951486534600673,1
13430,-0.256,0.0,0.005428288616438821,0
13431,0.128,0.0,0.46233658744820105,0
13434,0.184,0.0,-0.09792543186770787,0
13435,-0.368,1.25,2.1701425484994856,3
13436,-0.368,-0.25,-0.3543896996732216,0
13437,-0.296,1.25,2.0549129553787964,3
13439,1.632,-0.25,-0.2896528840579441,2
13441,0.328,-0.25,-0.28001170661143937,0
13447,-0.224,0.25,0.34073695728764525,0
13448,-0.272,1.0,2.13442097944073,3
13449,-0.216,-0.25,-0.2835609722452648,0
13450,-0.192,1.0,1.022688084048996,1
13451,-0.2,0.75,1.6950278591254713,3
13452,1.664,0.0,-0.06126957082593132,2
13453,0.92,0.0,-0.23501954519441745,2
13455,-0.208,0.0,0.29913001981549026,0
13456,-0.264,1.0,0.8161446847696613,1
13458,-0.352,1.75,2.1701425484994856,3
13460,-0.176,0.0,-0.3644186120209005,0
13461,-0.096,0.25,0.5762560839893447,1
13462,1.616,-0.25,-0.38545323040960094,2
13464,0.056,-0.25,0.019319637095045358,0
13466,1.064,-0.25,-0.2716157547129365,2
13467,-0.32,0.0,0.29806374883726133,0
13468,-0.368,1.75,2.1701425484994856,3
13470,0.384,0.0,-0.3781682881317703,0
13471,-0.368,0.5,1.3745351375433639,1
13473,0.08,0.0,-0.16369123625917847,0
13474,1.48,-0.25,-0.33082734798648156,2
13475,1.12,0.5,0.5663986697710313,2
13476,1.024,0.0,0.42225822025952137,2
13477,-0.104,1.0,0.6357435655579561,1
13479,1.2,0.0,-0.2767979807959378,2
13481,-0.04,0.75,0.8566629819423653,1
13482,1.448,-0.25,-0.36352383917203696,2
13483,0.12,-0.25,-0.38545323040960094,0
13484,1.52,-0.25,-0.26721645487269063,2
13485,1.456,-0.25,-0.16249820579402707,2
13486,0.216,0.25,0.3357187728936022,0
13487,0.056,0.25,-0.0721559738204378,0
13488,-0.272,1.75,2.1701425484994856,3
13489,0.432,0.5,-0.1660176456662237,0
13491,0.008,1.75,0.4102906334059715,1
13492,0.68,0.25,0.45795220048876956,0
13493,1.696,0.0,-0.1293990668264831,2
13494,1.696,-0.25,-0.2653821705325204,2
13495,-0.344,0.75,1.023545574695824,1
13496,-0.32,0.0,-0.014047933727157685,0
13497,1.696,0.0,-0.24167814647804364,2
13499,-0.264,0.75,0.36308390918801214,1
13500,-0.224,0.25,0.3687955425399245,0
13501,1.696,-0.25,0.49820206580681475,2
13502,-0.272,0.25,-0.2834714949603784,0
13503,0.16,-0.25,-0.33950664462045793,0
13504,0.104,-0.25,-0.2805411138803503,0
13505,0.176,0.5,2.1701425484994856,3
13506,1.696,0.0,-0.15930684929974712,2
13507,-0.368,0.5,1.347371325139948,1
13508,1.544,-0.25,-0.38545323040960094,2
13509,-0.336,1.0,0.23830037897358364,1
13510,-0.368,0.5,0.8346664827411365,1
13512,1.68,-0.25,-0.3138863153813317,2
13513,0.608,-0.25,-0.3482679620989135,0
13514,0.184,-0.25,-0.38545323040960094,0
13515,0.176,0.5,0.17556188938743472,0
13516,-0.24,0.25,0.5348057317657411,1
13517,0.072,0.25,1.0934497035132882,1
13518,0.28,-0.25,-0.03356143827279023,0
13519,0.216,-0.25,-0.38545323040960094,0
13520,0.064,1.0,1.746432559292682,3
13521,-0.368,0.25,0.29757908021079355,0
13522,-0.168,-0.25,-0.38545323040960094,0
13523,-0.144,0.75,2.1701425484994856,3
13524,-0.08,0.75,0.005972608766164158,1
13525,-0.288,0.0,-0.03235349492682443,0
13527,-0.136,1.25,1.170802816297542,1
13529,0.224,0.0,-0.27172014487863716,0
13531,1.232,0.0,-0.14045696795035506,2
13532,-0.136,-0.25,-0.3443831566467643,0
13533,1.056,0.25,-0.30055419993326493,2
13534,-0.368,1.75,2.1701425484994856,3
13536,-0.368,1.25,2.067089322563748,3
13538,-0.064,1.25,0.4538586147052188,1
13539,0.28,0.25,-0.03044464618258216,0
13544,-0.088,0.0,-0.2891682154314763,0
13546,-0.312,0.25,-0.038087497599958275,0
13548,0.36,0.0,0.0044664078039104525,0
13549,-0.2,1.25,0.18345080333824837,1
13551,1.696,-0.25,-0.38545323040960094,2
13552,0.12,1.75,2.1701425484994856,3
13555,0.184,0.5,2.1701425484994856,3
13557,-0.184,0.0,-0.05451403581701159,0
13558,-0.36,0.5,-0.057899259761878645,0
13560,-0.352,-0.25,-0.3727921945981818,0
13561,1.32,-0.25,-0.38545323040960094,2
13562,0.248,0.25,0.840460136937528,1
13563,0.264,0.0,0.07938126457501081,0
13564,1.696,0.0,0.374208918275549,2
13565,-0.256,0.0,-0.32208094338884036,0
13566,-0.08,0.0,0.14254477126436993,0
13568,0.976,-0.25,-0.3617268370339026,2
13569,-0.272,0.0,-0.24703187069041052,0
13570,1.536,-0.25,-0.3226252635385657,2
13571,-0.304,1.75,1.0564061075703375,3
13572,1.24,-0.25,0.5309582085156277,2
13573,-0.008,0.0,-0.28477637203163775,0
13575,-0.224,0.75,0.0446640780391052,1
13576,-0.328,1.75,2.1701425484994856,3
13577,-0.208,0.5,0.7571493282679249,1
13579,-0.288,0.0,-0.15295396207281592,0
13581,1.696,-0.25,-0.38545323040960094,2
13583,0.84,-0.25,0.09436870979347521,2
13584,1.696,-0.25,-0.38545323040960094,2
13587,0.104,-0.25,0.029997259758150284,0
13588,-0.28,1.75,1.3657812765053154,3
13589,-0.288,0.0,-0.21811579479130364,0
13590,-0.32,1.0,0.9940553528853627,1
13591,0.112,0.25,0.3440848990304764,0
13592,-0.12,0.5,-0.31630965851367054,0
13593,0.456,0.75,1.010056873999206,1
13594,0.016,-0.25,-0.20520124000603976,0
13596,-0.36,0.0,-0.0060098909682001905,0
13598,-0.032,-0.25,-0.3818666825737396,0
13599,-0.368,1.75,2.1701425484994856,3
13600,1.696,-0.25,-0.3375157750317366,2
13601,-0.048,0.0,0.0661013442097944,0
13602,0.112,-0.25,-0.18140028222626947,0
13603,-0.2,-0.25,-0.3786604131986452,0
13606,-0.176,0.25,-0.2929411742775176,0
13607,-0.088,-0.25,0.0024904510960034733,0
13610,-0.312,1.25,0.30862952489425827,1
13611,0.304,0.25,0.3595719257562229,0
13614,-0.216,0.5,0.7130892219018024,1
13615,1.696,-0.25,-0.18975149548232922,2
13617,-0.088,0.25,-0.0954349807717044,0
13618,0.984,-0.25,-0.36896704066929015,2
13621,0.528,-0.25,-0.33428713633542056,0
13623,-0.16,0.75,0.044231604495487874,1
13626,1.616,-0.25,-0.30939753825619964,2
13627,0.064,0.75,0.7431535896236174,1
13629,-0.224,1.75,2.1701425484994856,3
13630,-0.368,1.25,1.013785094202804,1
13631,0.392,1.75,1.7882408206558313,3
13632,-0.208,0.75,1.078767972351519,1
13634,-0.144,0.75,0.6569795078376509,1
13635,0.136,-0.25,0.297407582081428,0
13636,-0.112,0.75,0.20650611707729902,1
13637,0.008,0.25,0.09964041316136288,0
13638,-0.28,-0.25,-0.38545323040960094,0
13639,0.184,-0.25,0.26930425818670545,0
13642,1.32,-0.25,-0.2659264906822457,2
13643,-0.16,0.25,-0.11388221433910774,0
13644,-0.28,0.5,1.4604855261171146,1
13645,0.552,-0.25,-0.31322269218509124,0
13647,-0.328,0.5,0.7277113015403143,1
13649,1.648,0.0,-0.24275933033708708,2
13650,-0.272,1.0,0.8926626762283086,1
13651,-0.088,-0.25,-0.38545323040960094,0
13652,-0.04,0.25,0.31534032126073486,0
13654,-0.064,1.0,1.5175049259109439,3
13655,0.504,0.0,0.2067670924915509,0
13656,0.912,0.0,-0.21565516945692886,2
13657,-0.32,0.0,-0.19881107057707262,0
13658,-0.328,0.75,1.4666818280954947,1
13659,1.24,0.0,0.6642420807942601,2
13662,0.28,0.25,0.1559067124740655,0
13663,1.024,-0.25,-0.3599223784553611,2
13666,0.072,0.25,-0.38545323040960094,0
13667,0.784,-0.25,-0.2721004233394042,2
13668,-0.368,1.75,2.1701425484994856,3
13669,0.0,0.0,-0.3382390497512346,0
13670,0.192,-0.25,-0.24044783381085627,0
13672,1.696,0.0,-0.3622189621007776,2
13673,-0.256,0.0,-0.21230722771409777,0
13675,0.8,0.0,-0.1382051229473818,2
13678,0.808,-0.25,-0.3277627509791239,2
13680,-0.368,0.5,2.1701425484994856,3
13681,-0.264,0.5,0.1160669513784162,0
13682,1.088,-0.25,-0.38545323040960094,2
13684,1.696,-0.25,-0.38545323040960094,2
13685,-0.368,1.25,1.824792291531907,3
13686,1.056,-0.25,-0.38545323040960094,2
13689,0.096,-0.25,0.17733652220434742,0
13690,0.064,-0.25,-0.372762368836553,0
13692,-0.208,0.25,0.6085573838333187,1
13694,-0.368,1.75,2.1701425484994856,3
13695,-0.16,1.75,1.3659900568367171,3
13697,-0.096,-0.25,-0.38545323040960094,0
13699,0.832,-0.25,-0.27110871676524706,2
13700,-0.2,1.75,1.2040734533944513,3
13703,1.696,-0.25,-0.38545323040960094,2
13704,-0.368,1.75,1.23723970032566,3
13705,-0.344,0.25,0.029594611976161717,0
13706,1.696,-0.25,-0.25454796262086427,2
13707,1.696,0.0,0.10009525602620185,2
13708,1.696,-0.25,-0.2899362287934175,2
13709,-0.368,1.75,2.1701425484994856,3
13710,-0.152,-0.25,-0.36662571838143054,0
13711,1.344,0.0,-0.31325251794672004,2
13712,1.568,-0.25,-0.33056637257222965,2
13715,1.696,0.75,0.3144530048522786,2
13716,1.696,-0.25,-0.38545323040960094,2
13717,-0.152,1.0,0.5874482010405462,1
13718,1.56,0.0,-0.2726223741679079,2
13719,-0.288,0.75,0.2755229294863072,1
13720,0.528,0.5,0.10642577393191145,0
13721,-0.12,-0.25,-0.11037768734772557,0
13722,0.648,0.25,1.2700107559152873,1
13723,1.328,-0.25,-0.35218259331269147,2
13725,-0.008,1.5,1.002883778327483,1
13726,-0.096,0.0,0.316145616824712,0
13727,-0.176,0.0,-0.2525421801513285,0
13728,-0.112,1.0,0.256479180686328,1
13730,0.68,0.0,0.05997215019507909,0
13731,1.344,0.0,-0.03473209941671998,2
13732,-0.184,-0.25,-0.1344470769821549,0
13735,-0.208,0.5,1.7215951562963114,3
13736,-0.368,0.0,0.04852651417003288,0
13737,1.192,-0.25,-0.24797883862212447,2
13739,-0.264,-0.25,-0.33946936241842196,0
13740,1.52,-0.25,-0.23966490756810066,2
13741,0.168,0.25,-0.0027887087122913895,0
13742,-0.272,1.75,1.816165189980781,3
13743,-0.368,1.25,0.4991564901789358,1
13744,0.352,0.0,0.3044837440278572,0
13745,0.888,-0.25,-0.27255526620424314,2
13747,1.696,-0.25,-0.38545323040960094,2
13748,0.36,0.75,0.20585740676187295,1
13750,0.024,0.75,0.7270700476652953,1
13751,1.696,-0.25,-0.28030250778732,2
13752,0.584,1.0,0.3752155377305206,1
13753,1.696,-0.25,0.05151654677331856,2
13754,0.808,0.0,-0.27907219512013265,2
13755,-0.368,1.75,1.108608646861118,3
13756,-0.368,1.75,2.1701425484994856,3
13758,-0.312,1.25,1.9303829441382128,3
13759,-0.144,0.0,-0.009514417959582359,0
13760,0.024,0.0,-0.28735630041252763,0
13761,-0.008,0.0,0.2971242373459546,0
13762,1.344,-0.25,-0.27249561468098554,2
13763,0.096,-0.25,0.7775501492220137,0
13764,0.16,0.25,0.6578071727228497,1
13767,-0.368,1.75,2.1701425484994856,3
13769,-0.368,1.75,1.58400146146232,3
13771,0.104,0.5,1.4991769953900558,1
13772,-0.136,0.25,0.33588281458256053,0
13774,0.248,-0.25,-0.24395236080223848,0
13777,-0.368,1.75,2.1701425484994856,3
13778,0.416,-0.25,-0.3679529647739115,0
13780,-0.352,0.0,-0.232760243751037,0
13781,1.6,-0.25,-0.38545323040960094,2
13782,-0.304,1.0,0.19808033941716724,1
13784,-0.328,1.75,1.3351651321933677,3
13786,1.696,-0.25,-0.3294031678687071,2
13787,0.2,0.0,-0.27076572050651604,0
13790,-0.368,-0.25,-0.2411189134475039,0
13791,0.616,0.0,0.6291968108804378,0
13792,0.12,0.0,-0.35538886268778586,0
13798,-0.368,1.75,2.1701425484994856,3
13799,0.528,0.0,0.012444799039610432,0
13800,1.696,-0.25,-0.08489157403592888,2
13801,0.128,-0.25,-0.25409311975602533,0
13802,0.704,0.25,2.1701425484994856,3
13803,1.632,-0.25,-0.2946039604883224,2
13804,-0.16,1.25,1.4402263775307624,3
13805,0.008,0.0,0.18822292519885392,0
13806,0.104,-0.25,-0.3100313356908113,0
13807,1.696,-0.25,-0.38545323040960094,2
13808,-0.36,0.75,0.8578560124075169,1
13809,1.696,-0.25,-0.38545323040960094,2
13810,-0.176,0.0,0.11582834528538588,0
13811,1.064,0.0,-0.1136510646864847,2
13812,-0.072,0.25,-0.13956219510149154,0
13813,-0.088,0.5,0.37035393858502863,1
13814,0.328,0.0,0.6762618627306602,1
13815,-0.232,0.5,2.1701425484994856,3
13816,-0.216,0.0,-0.10796925709620118,0
13817,-0.176,0.0,-0.2558975783345668,0
13819,1.696,0.25,0.34909562698411206,2
13821,0.752,0.0,-0.2136493869873931,2
13822,-0.36,0.0,-0.029952521115707235,0
13823,-0.256,0.0,0.21287391718504456,0
13824,-0.144,0.75,0.8148174383771803,1
13826,1.0,-0.25,-0.35990000913413955,2
13827,0.056,0.25,-0.19399421007402387,0
13828,-0.232,-0.25,-0.3449945847601543,0
13831,-0.28,1.0,1.1380615864695431,1
13832,-0.256,-0.25,-0.38545323040960094,0
13833,0.864,-0.25,-0.2149840898202812,2
13835,-0.208,0.5,0.1333957188847402,0
13837,1.288,0.0,-0.302418310035064,2
13838,-0.36,0.5,0.0019759567079069788,0
13841,1.616,-0.25,-0.38545323040960094,2
13842,0.064,1.75,2.0590736491260118,3
13844,-0.32,-0.25,-0.2315597568454784,0
13845,0.112,-0.25,-0.26782788298608073,0
13846,-0.208,0.25,0.1438272790144077,0
13848,0.328,0.25,0.4345837162526167,1
13849,0.008,0.0,0.6455636975742335,1
13850,0.624,-0.25,0.7007637259087071,0
13851,0.36,0.25,1.4758457933559388,1
13853,0.048,-0.25,0.31165683969958,0
13854,-0.336,1.75,2.1701425484994856,3
13856,0.944,0.25,-0.21151684503093496,2
13858,0.048,-0.25,-0.3400136825681473,0
13859,1.696,-0.25,-0.35120579961934884,2
13860,-0.368,0.75,0.42779835548206824,1
13862,-0.264,1.5,1.1793478970041888,3
13863,1.576,-0.25,-0.27319652007926204,2
13865,0.056,0.5,-0.12721432978717462,0
13866,0.184,-0.25,-0.38545323040960094,0
13867,-0.16,0.25,0.2482398140363762,0
13868,-0.352,0.0,1.8792988709085114,1
13869,0.576,0.5,1.8030269419833014,3
13870,-0.368,1.5,1.564935343341119,3
13871,-0.224,1.75,2.1701425484994856,3
13873,0.552,0.25,-0.21069663658614338,0
13874,1.696,-0.25,-0.09821623304358851,2
13875,0.024,0.75,0.8680191406825253,1
13876,0.104,-0.25,-0.38545323040960094,0
13877,0.28,-0.25,-0.38545323040960094,0
13878,0.032,-0.25,0.4669595805006627,0
13880,-0.24,1.75,1.8996027581373067,3
13881,-0.368,1.75,2.1701425484994856,3
13882,-0.368,0.75,0.39456500058719457,1
13883,-0.32,0.75,1.5030916266038337,1
13884,-0.352,0.75,0.08606969162026583,1
13885,1.104,0.0,-0.11838590434505432,2
13886,0.16,-0.25,-0.31959049229283687,0
13887,1.224,-0.25,-0.2405596804169642,2
13888,0.552,0.0,-0.0570417691150511,0
13889,0.336,-0.25,-0.1903405542744977,0
13890,-0.368,1.75,0.9034521454975217,1
13892,-0.192,0.5,-0.02922924639620918,0
13893,1.696,-0.25,0.11104876698437313,2
13894,-0.216,0.25,-0.0801940165793953,0
13895,-0.184,0.5,1.4866800012675951,1
13897,-0.008,-0.25,-0.2691849551401905,0
13898,1.696,-0.25,-0.3737466189703029,2
13899,-0.28,0.0,-0.2115019321501206,0
13900,1.056,0.25,0.05128539712069552,2
13901,0.168,0.75,1.676274911501373,3
13904,-0.112,0.0,-0.253168521145533,0
13908,0.232,0.5,1.257006723845137,1
13911,0.048,1.75,1.4355437329550431,3
13914,-0.312,0.0,-0.024770295032705832,0
13917,-0.008,0.0,-0.29835455001314204,0
13918,-0.008,0.0,0.4031473634958776,0
13919,0.064,0.0,-0.24111145700709674,0
13922,1.696,-0.25,-0.372762368836553,2
13923,0.024,-0.25,-0.2393815628326272,0
13924,-0.368,1.0,0.8797704907642665,1
13925,0.336,0.5,0.01691120684352097,0
13926,-0.224,-0.25,-0.33428713633542056,0
13927,0.192,-0.25,-0.2409772410797672,0
13928,-0.32,0.5,-0.1547957028533934,0
13929,0.944,0.0,0.12711739606188094,2
13930,0.056,0.0,-0.2496639941541508,0
13931,0.36,0.0,0.43386044153311865,0
13932,1.696,-0.25,-0.27198857673329624,2
13933,0.464,0.0,-0.04725891930080958,0
13934,1.696,-0.25,0.18635881509705488,2
13936,1.032,-0.25,-0.22040492199631287,2
13937,0.944,-0.25,-0.3778327483134465,2
13938,-0.128,-0.25,-0.38545323040960094,0
13939,-0.224,0.25,-0.07726363549936723,0
13940,-0.272,0.5,0.1294214361477046,0
13941,-0.232,0.75,2.1701425484994856,3
13946,0.224,0.25,-0.08246823090359019,0
13947,0.112,-0.25,-0.38545323040960094,0
13948,1.696,-0.25,-0.38545323040960094,2
13949,-0.368,1.0,1.3456265180846643,1
13950,-0.32,0.5,0.07157437146867635,0
13951,1.0,0.25,0.0017000684128407157,2
13952,1.336,0.0,1.9748382418459165,1
13953,-0.352,1.25,2.12024628622665,3
13954,-0.368,0.0,-0.17317582845713203,0
13955,0.824,0.0,-0.26038635545969896,2
13956,-0.368,0.75,0.2588130465337804,1
13959,0.224,0.25,-0.04595404222955033,0
13960,-0.24,0.0,-0.3295373837960366,0
13962,-0.232,0.0,-0.374775607746496,0
13963,1.696,0.5,-0.0056892640306907905,2
13967,0.76,-0.25,-0.38545323040960094,2
13969,-0.352,1.75,2.1701425484994856,3
13971,-0.256,1.5,1.5926136501326313,3
13972,0.16,0.0,-0.3593407761035999,0
13973,1.696,-0.25,-0.3038275772720241,2
13974,-0.016,-0.25,-0.19280863604927964,0
13975,-0.16,1.0,1.3504881172301562,1
13976,1.248,-0.25,-0.23427390115369778,2
13978,-0.288,0.0,-0.35446426407729353,0
13979,0.176,-0.25,0.14741382685026905,0
13980,0.072,-0.25,-0.3519663565408828,0
13982,-0.096,0.5,0.8945044170088862,1
13983,-0.168,1.75,1.4400325100801752,3
13984,-0.192,0.75,0.18517324107231065,1
13985,-0.368,1.75,2.1701425484994856,3
13986,-0.272,-0.25,-0.262250465561498,0
13988,-0.248,1.0,2.1701425484994856,3
13989,0.12,0.0,0.44284545222379007,0
13990,1.296,-0.25,-0.26908056497448973,2
13991,-0.312,1.0,0.13399969055772304,1
13992,-0.168,-0.25,-0.38545323040960094,0
13993,-0.064,1.75,2.083471122138358,3
13994,-0.368,1.0,1.2038199344206064,1
13995,-0.288,0.75,0.6139036516052784,1
13999,-0.328,1.75,2.1701425484994856,3
14000,1.28,-0.25,-0.027223463926673443,2
14001,-0.04,0.25,1.022210871862936,1
14002,0.664,0.0,-0.10620953716010287,0
14004,-0.064,1.25,2.1701425484994856,3
14005,-0.328,0.75,1.6423182818870012,3
14006,0.52,0.25,0.2531610647051257,0
14009,1.176,0.0,0.03459042704898321,2
14012,1.696,-0.25,-0.2560317942618963,2
14013,0.472,0.25,-0.14849501070931262,0
14014,0.208,-0.25,-0.10590382310340785,0
14015,0.016,-0.25,0.18280954946322947,0
14016,0.888,0.5,2.1701425484994856,3
14019,-0.032,0.25,0.5735792218831611,1
14020,-0.272,0.0,-0.02189956547593536,0
14021,0.832,0.25,-0.03002708551977921,2
14022,1.392,-0.25,-0.1731161769338745,2
14023,-0.352,0.0,-0.06569123998739863,0
14024,0.568,0.0,-0.25685200270668795,0
14027,0.08,-0.25,-0.38545323040960094,0
14029,0.096,0.0,-0.15249166276756976,0
14030,-0.264,1.5,1.2669759846695585,3
14031,-0.352,1.75,2.1701425484994856,3
14032,-0.368,1.75,1.881871342848994,3
14034,-0.232,0.25,-0.017358593267952842,0
14035,-0.176,0.75,0.5640051524003213,1
14036,1.696,-0.25,-0.033941716733557226,2
14037,1.0,0.0,-0.38545323040960094,2
14038,0.216,0.25,0.7092789808537252,1
14039,-0.144,-0.25,-0.38545323040960094,0
14040,-0.08,1.75,2.153531836204374,3
14041,1.696,-0.25,-0.38545323040960094,2
14044,-0.192,0.5,-0.0050256408344503374,0
14045,0.464,0.5,0.7363831417338833,1
14046,1.696,-0.25,-0.35890830255998246,2
14047,-0.336,0.75,0.4745576932755957,1
14048,1.696,-0.25,-0.1892742832962687,2
14049,-0.272,0.5,2.1701425484994856,3
14050,-0.152,0.0,0.05531933138098864,0
14051,-0.368,1.75,2.1701425484994856,3
14052,-0.248,-0.25,-0.33316121383393393,0
14053,0.584,0.0,-0.3071456932532264,0
14054,0.112,-0.25,-0.38545323040960094,0
14055,0.44,-0.25,0.039869586857278164,0
14056,-0.368,1.75,2.1701425484994856,3
14057,-0.216,1.75,2.1701425484994856,3
14059,1.696,-0.25,-0.36429930897438534,2
14060,-0.368,1.75,2.1701425484994856,3
14062,-0.328,1.75,2.1701425484994856,3
14064,-0.176,0.75,0.49374311444331137,1
14066,1.696,-0.25,-0.38545323040960094,2
14067,0.104,0.0,-0.22180673279286575,0
14068,1.696,-0.25,-0.3029700866251965,2
14071,-0.368,1.5,0.5684044522405671,1
14073,-0.152,-0.25,-0.38545323040960094,0
14075,-0.368,0.25,0.2188390695108015,0
14076,0.624,-0.25,-0.38545323040960094,0
14077,-0.08,0.75,-0.12008597275789502,0
14078,0.408,1.0,0.3053263217938703,1
14079,0.592,-0.25,-0.22150847517657787,0
14080,-0.144,-0.25,-0.38545323040960094,0
14081,1.696,0.0,0.1898036905651795,2
14082,1.696,-0.25,-0.35870697866898815,2
14083,-0.368,1.75,0.26655283167645016,1
14085,-0.368,1.75,2.1701425484994856,3
14087,-0.368,-0.25,-0.35784203158175343,0
14088,-0.328,1.75,2.1701425484994856,3
14089,0.048,-0.25,-0.3828285633862679,0
14090,1.696,-0.25,-0.38545323040960094,2
14092,-0.344,1.75,2.1701425484994856,3
14093,-0.312,-0.25,-0.17769443134389296,0
14096,-0.368,1.75,2.1701425484994856,3
14098,-0.112,-0.25,-0.38545323040960094,0
14099,-0.28,1.75,1.8212355694576745,3
14100,0.696,-0.25,-0.3580731812343765,2
14101,0.184,1.0,2.1701425484994856,3
14102,-0.368,0.75,0.332713827409502,1
14104,0.832,0.0,-0.3399838568065185,2
14105,1.504,-0.25,0.45436565265290824,2
14107,0.008,1.25,1.5144477853439935,3
14108,-0.16,0.0,-0.05537152646383914,0
14109,0.176,-0.25,-0.38545323040960094,0
14110,-0.368,1.75,2.1701425484994856,3
14111,-0.296,0.5,0.05143452592883939,0
14112,-0.224,1.25,1.6970709237970432,3
14113,-0.368,0.5,0.8885467211235365,1
14114,1.696,0.0,-0.21298576379115264,2
14116,-0.248,0.75,0.5298322860141411,1
14117,0.744,-0.25,-0.38545323040960094,2
14121,-0.368,0.5,1.5792591653633432,1
14124,0.264,-0.25,-0.18834222824536911,0
14125,-0.32,0.25,1.5448700622053542,1
14126,-0.344,0.25,0.02532207162283836,0
14127,0.576,0.25,0.054610969542304974,0
14128,0.08,0.0,-0.025851478891749317,0
14129,-0.368,0.75,0.4110661032083199,1
14130,1.696,-0.25,-0.14261187922803475,2
14132,-0.368,1.75,2.1701425484994856,3
14133,0.632,0.25,-0.049607698029076455,0
14135,-0.368,1.75,2.1701425484994856,3
14138,-0.368,0.0,0.21900311119975993,0
14139,-0.04,-0.25,-0.19114584983847493,0
14140,-0.368,0.0,0.19601490542437391,0
14141,-0.368,0.5,0.18116167613323908,1
14142,1.696,-0.25,-0.2512522159608836,2
14143,0.664,-0.25,-0.38545323040960094,0
14145,-0.032,0.5,2.1701425484994856,3
14146,-0.336,0.75,2.1701425484994856,3
14147,0.216,0.0,-0.14075522556664294,0
14148,1.464,-0.25,-0.3839843116493833,2
14149,1.36,-0.25,-0.1681800133843106,2
14150,-0.12,0.0,-0.010088563870936538,0
14152,0.192,0.0,-0.037938368791814406,0
14154,1.504,0.0,0.5021539792226287,2
14155,1.696,-0.25,-0.38545323040960094,2
14156,-0.328,1.75,2.1701425484994856,3
14157,-0.248,0.0,-0.18438285838914792,0
14158,-0.088,-0.25,-0.12266590113878491,0
14159,-0.248,1.75,2.1701425484994856,3
14161,1.32,0.25,0.3172342571241628,2
14162,0.984,0.0,-0.2854399952278782,2
14163,0.288,0.5,1.3225786607860206,1
14164,0.16,0.0,0.7155200214745483,1
14165,1.696,-0.25,-0.38545323040960094,2
14167,-0.096,0.5,-0.08170767398205611,0
14171,0.376,-0.25,-0.22804031697328178,0
14173,-0.32,0.5,-0.16503339553247381,0
14174,-0.144,-0.25,-0.38545323040960094,0
14175,0.072,0.25,1.938189837244547,3
14176,1.696,0.5,-0.07103750775935828,2
14177,0.28,0.5,-0.08780704223514266,0
14178,-0.336,1.25,0.6771118969370806,1
14179,-0.08,0.0,0.0239724559091358,0
14180,-0.32,1.75,2.1701425484994856,3
14184,0.128,-0.25,-0.16350482524899856,0
14185,1.696,-0.25,-0.3538230102022747,2
14188,-0.16,1.0,1.0306217366422532,1
14189,-0.368,1.75,2.1701425484994856,3
14191,-0.368,1.75,2.1701425484994856,3
14193,0.136,0.0,0.13512561305920967,0
14194,-0.368,1.75,2.1701425484994856,3
14195,1.208,0.0,0.2533922143577488,2
14196,0.448,-0.25,-0.2510210663082605,0
14198,-0.264,0.5,0.021795175310234453,0
14199,1.336,-0.25,-0.36295714970109005,2
14201,0.072,1.25,0.056124626944965866,1
14204,-0.368,-0.25,-0.38545323040960094,0
14205,-0.272,0.0,-0.1532074810466606,0
14206,1.504,-0.25,-0.25650900644795693,2
14208,0.352,-0.25,-0.38545323040960094,0
14209,-0.32,1.0,1.0448411684987762,1
14210,0.44,1.0,0.9247999343833244,1
14211,0.016,1.75,1.169863304806235,3
14212,0.312,-0.25,0.29699747785903224,0
14214,-0.16,0.75,0.24771040676746528,1
14215,-0.312,1.0,0.8332944977062126,1
14216,-0.368,0.5,0.8795840797540866,1
14217,-0.368,1.75,1.0087147147259106,3
14218,-0.064,-0.25,-0.37482780282934636,0
14219,-0.368,-0.25,-0.38545323040960094,0
14220,1.568,0.0,-0.029654263499419402,2
14221,-0.072,1.75,2.0584473081318078,3
14222,1.008,-0.25,0.02311496526230817,2
14223,0.328,0.25,0.23783062322793028,0
14224,0.472,0.5,0.25296719725453853,1
14226,-0.176,0.75,1.1502454100949018,1
14227,-0.2,1.75,1.9974237998393138,3
14229,0.008,0.25,0.65246090495089,1
14231,1.064,0.25,0.1890505900840527,2
14232,-0.064,0.75,1.0357741369636255,1
14233,-0.016,0.5,0.5894688963908964,1
14234,-0.232,0.5,0.0611055291369729,0
14235,0.192,0.75,1.843746563047,3
14236,0.24,0.0,-0.13519272102287455,0
14237,1.696,-0.25,-0.3811508642946488,2
14238,1.696,-0.25,-0.38545323040960094,2
14239,-0.064,1.75,1.274067059496802,3
14240,-0.168,0.0,0.1626771603637997,0
14241,1.064,-0.25,-0.3418554233487247,2
14242,1.472,0.0,-0.29200911922661804,2
14243,-0.336,1.75,1.4476679050571444,3
14245,1.352,0.0,0.7615113459061346,2
14246,0.48,0.25,0.6276756970373698,1
14247,1.696,-0.25,-0.38545323040960094,2
14248,1.696,-0.25,-0.27558258100956484,2
14250,-0.352,0.25,0.9185439808816868,1
14251,-0.368,0.75,1.6460315892097852,3
14256,1.672,0.0,0.23145536667977756,2
14257,0.104,0.75,1.8100881910489164,3
14258,-0.336,1.75,2.1701425484994856,3
14259,0.728,-0.25,-0.38545323040960094,2
14261,0.0,0.0,0.37862313099660916,0
14262,-0.344,1.5,1.4659809226972182,3
14264,0.832,0.0,-0.25217681457137586,2
14265,0.464,0.0,-0.10587399734177909,0
14267,0.896,0.25,0.6293757654502106,2
14270,1.696,-0.25,-0.1338580181899864,2
14271,1.4,-0.25,-0.38545323040960094,2
14272,0.184,0.0,-0.17463729077694254,0
14273,0.0,0.5,-0.08366126136874152,0
14276,0.384,0.25,0.3522944399187994,0
14277,-0.288,0.25,2.1701425484994856,3
14280,1.168,-0.25,-0.38545323040960094,2
14282,-0.368,1.75,2.1701425484994856,3
14284,-0.16,0.0,-0.05735493961215331,0
14285,-0.24,0.5,0.9229880193643757,1
14286,-0.216,0.25,2.1701425484994856,3
14287,-0.344,0.25,-0.3694964479382011,0
14288,1.296,-0.25,-0.18310780707951738,2
14289,-0.336,1.0,0.17827603369565415,1
14290,-0.32,0.75,1.2358900846119576,1
14291,-0.368,1.75,2.1701425484994856,3
14292,-0.344,1.75,2.1701425484994856,3
14293,-0.368,0.5,0.2923595719257562,1
14295,-0.088,-0.25,-0.3772735152829067,0
14297,-0.264,0.5,0.4721119808220352,1
14298,-0.344,1.75,2.1701425484994856,3
14299,-0.344,1.75,2.1701425484994856,3
14300,-0.256,-0.25,-0.38545323040960094,0
14301,0.528,-0.25,-0.02388297862424953,0
14304,1.376,-0.25,-0.21528234743656907,2
14305,0.16,0.25,0.884922891085639,1
14306,0.0,0.0,1.0596720284686896,1
14307,0.304,1.0,1.753270115146081,3
14309,-0.344,1.75,1.2753197414852113,3
14311,1.536,-0.25,-0.2698560347768381,2
14312,-0.032,1.0,0.7004729247328263,1
14314,0.448,-0.25,-0.38545323040960094,0
14315,-0.048,1.0,1.3488402439001659,1
14317,0.112,-0.25,-0.12197990862132284,0
14320,1.248,0.0,-0.14493828863508,2
14321,-0.32,0.75,0.6401950604810522,1
14323,0.512,0.0,-0.05004017157269378,0
14326,1.528,-0.25,-0.36411289796420543,2
14327,0.896,-0.25,-0.2688195895602379,2
14329,-0.272,1.25,2.1701425484994856,3
14331,0.584,0.0,-0.1562198829711679,0
14332,-0.224,0.25,0.1252980246025251,0
14333,0.136,-0.25,-0.17296704812573058,0
14334,-0.272,1.5,1.4018406223145163,3
14335,-0.28,0.0,-0.1620359064887809,0
14336,-0.272,0.5,0.707869713616765,1
14338,0.88,0.0,-0.06259681721841222,2
14339,1.536,-0.25,-0.2704078113669707,2
14340,1.344,-0.25,-0.38545323040960094,2
14341,-0.048,1.5,1.1145961685080967,1
14342,-0.24,0.5,-0.0026917749869978425,0
14344,0.608,1.5,0.18049059649659144,1
14345,-0.096,-0.25,-0.38545323040960094,0
14346,0.56,0.0,0.2605354842678428,0
14348,1.672,-0.25,-0.19580612509297257,2
14349,-0.328,-0.25,-0.38545323040960094,0
14350,1.696,-0.25,-0.29023448640970534,2
14351,0.912,-0.25,-0.38545323040960094,2
14352,0.848,0.5,0.3033205393243346,2
14353,1.312,-0.25,-0.38545323040960094,2
14354,-0.36,0.0,-0.37919727690796334,0
14355,1.696,-0.25,-0.37115923414900587,2
14356,0.232,0.0,0.021668415823312148,0
14357,-0.064,-0.25,-0.33334016840370667,0
14359,-0.256,0.25,0.18828257672211143,0
14360,-0.152,0.5,1.0780968927148715,1
14362,-0.232,-0.25,-0.38545323040960094,0
14364,0.464,1.5,2.1701425484994856,3
14367,-0.344,1.75,2.1701425484994856,3
14368,1.696,-0.25,-0.38545323040960094,2
14371,1.696,-0.25,-0.38545323040960094,2
14373,1.696,-0.25,-0.38545323040960094,2
14375,1.072,-0.25,-0.3227594794658952,2
14377,1.12,0.0,-0.041099899524465605,2
14379,-0.056,0.0,-0.24164086427600764,0
14381,0.008,-0.25,-0.350072420677455,0
14382,-0.2,-0.25,-0.04226310422798817,0
14383,-0.104,0.25,0.4291330583149563,1
14385,-0.336,0.25,-0.3504974377806651,0
14386,1.696,-0.25,-0.38545323040960094,2
14387,-0.144,0.25,0.808002251845003,1
14388,-0.328,1.5,1.9436479516226148,3
14389,0.112,0.0,0.31375955589440935,0
14390,-0.328,1.75,2.1701425484994856,3
14393,1.336,-0.25,-0.38545323040960094,2
14395,-0.368,1.75,2.097675641114067,3
14396,0.112,0.0,-0.13733271941973987,0
14397,-0.368,1.75,1.4471384977882333,3
14400,0.784,-0.25,-0.07267792464894149,2
14401,-0.368,1.75,2.1701425484994856,3
14403,0.632,0.5,0.5992293768839162,1
14404,-0.136,1.0,0.6314188301217823,1
14406,0.544,-0.25,-0.38431985146770714,0
14407,0.448,0.75,1.096514300520646,1
14408,-0.32,1.25,1.4367516763010093,3
14409,0.16,1.0,1.04672019148139,1
14410,0.328,1.75,0.3218199679745884,1
14411,1.696,-0.25,0.29142006043444946,2
14412,-0.064,0.0,0.07296872582482204,0
14413,1.696,-0.25,-0.38545323040960094,2
14414,0.328,1.25,0.6150146612259506,1
14415,-0.368,1.75,2.1701425484994856,3
14416,-0.232,0.0,-0.13566993320893508,0
14418,-0.368,0.25,0.9796495100186597,1
14419,-0.32,1.0,0.2830613907379825,1
14420,0.384,-0.25,-0.21224757619084023,0
14421,0.048,0.0,0.10509107109902335,0
14422,-0.368,1.0,2.1701425484994856,3
14423,1.336,-0.25,-0.30345475525166427,2
14424,-0.264,-0.25,-0.2610425222155322,0
14426,-0.216,1.75,2.1701425484994856,3
14427,-0.008,0.0,-0.23027724909544062,0
14428,-0.352,0.75,0.4155474238930448,1
14431,1.696,-0.25,-0.15047842385762678,2
14432,-0.328,1.0,1.1823528424882888,1
14434,-0.232,1.0,0.5224205842493881,1
14436,0.384,-0.25,-0.38545323040960094,0
14437,1.696,-0.25,-0.38545323040960094,2
14438,1.696,-0.25,-0.38545323040960094,2
14439,1.696,-0.25,1.4831381920741764,2
14440,-0.344,0.75,1.2567904870733286,1
14441,-0.368,0.5,0.7760066660577241,1
14442,1.232,0.0,0.6842402539663602,2
14443,0.024,0.5,0.5626853624482476,1
14446,-0.368,0.5,0.28002661949225366,1
14447,-0.256,0.75,0.3907622159795246,1
14448,-0.336,0.0,-0.22132206416639796,0
14449,-0.256,0.5,0.17547241210254838,1
14450,1.04,0.25,-0.14086707217275088,2
14451,0.072,0.0,-0.006255953501637696,0
14452,-0.32,0.0,-0.3080404661020899,0
14453,1.112,-0.25,-0.38545323040960094,2
14456,-0.368,1.75,1.7690777688093369,3
14457,1.696,-0.25,-0.38545323040960094,2
14459,0.832,-0.25,0.8692345404688983,2
14460,0.472,0.25,-0.17733652220434756,0
14461,0.776,0.25,1.0967305372924545,1
14462,0.12,1.75,0.9748550188368326,1
14463,0.376,0.25,-0.10629155800458204,0
14465,1.568,0.25,0.2735171470167714,2
14466,-0.176,1.25,1.1932019632807593,1
14467,-0.264,0.5,-0.056601839131026496,0
14470,-0.312,0.0,-0.1573159797110257,0
14472,0.424,1.5,0.8802327900695127,1
14473,0.184,0.0,-0.32646533034827174,0
14474,-0.04,-0.25,-0.0928401395100001,0
14475,0.168,0.25,0.18915498024975344,0
14476,1.648,-0.25,-0.35729025499162087,2
14477,-0.248,0.5,0.47529588087590796,1
14479,1.624,0.0,-0.2653896269729276,2
14480,-0.32,-0.25,-0.2931275852876975,0
14481,0.912,0.0,-0.008023129878143201,2
14482,-0.264,1.0,1.007096667157549,1
14483,1.696,-0.25,-0.38545323040960094,2
14484,-0.008,-0.25,-0.26116182526204734,0
14485,-0.096,-0.25,-0.37980870502135344,0
14487,-0.192,1.0,0.38080786803591754,1
14488,0.136,-0.25,0.2923744848065706,0
14489,1.248,-0.25,-0.15568301926184974,2
14491,0.992,0.0,-0.23580247143717303,2
14493,-0.352,0.75,1.2758491487541221,1
14494,-0.2,-0.25,-0.38545323040960094,0
14495,0.0,0.0,-0.38545323040960094,0
14496,1.696,0.0,-0.09943908927036868,2
14497,1.696,-0.25,-0.13533439339061126,2
14498,-0.064,0.75,0.9658700081461611,1
14499,-0.2,0.25,0.10160891342886275,0
14500,0.296,0.25,-0.23511647891971096,0
14501,1.064,0.0,-0.3138863153813317,2
14502,-0.248,1.75,1.3145853566695063,3
14503,-0.368,1.0,2.1408111488696973,3
14504,-0.032,0.5,0.0008127520043843259,0
14505,-0.272,1.5,2.1701425484994856,3
14506,-0.272,0.75,0.9607474335864175,1
14507,-0.216,1.0,0.5187520155690476,1
14508,-0.232,0.0,-0.3013296697356133,0
14511,-0.32,0.75,0.4791806863280572,1
14512,1.096,0.0,-0.2959386633212105,2
14513,0.4,0.25,-0.16149158633905555,0
14514,0.08,0.25,0.23713717427006106,0
14515,-0.264,1.0,1.051223881487336,1
14517,-0.144,0.0,-0.254801481594709,0
14518,0.104,-0.25,-0.37118160347022744,0
14520,-0.368,0.0,-0.2994282774317783,0
14522,-0.216,0.5,0.22546038859239176,1
14523,0.456,-0.25,-0.3156162095558013,0
14524,-0.152,1.75,0.8891506927965194,1
14525,-0.248,1.75,2.1701425484994856,3
14527,-0.368,1.75,2.1701425484994856,3
14528,-0.112,-0.25,-0.2296210823396074,0
14529,0.072,0.25,-0.06518420203970933,0
14530,-0.2,1.0,1.6476794625397753,3
14532,1.48,0.5,0.19437448853479078,2
14533,-0.208,1.25,0.9525975442213519,1
14534,-0.368,1.75,2.1701425484994856,3
14535,0.072,0.25,1.6324161290262449,1
14536,1.672,-0.25,-0.3737317060894885,2
14537,0.056,-0.25,-0.23607835973223928,0
14538,0.112,0.0,-0.21170325604111487,0
14539,-0.28,0.0,-0.1004307958445258,0
14540,-0.328,0.25,0.20914569698144644,0
14541,0.064,1.5,0.5824822117293534,1
14542,1.08,-0.25,-0.38545323040960094,2
14543,-0.176,1.75,2.153352881634601,3
14544,-0.216,0.0,0.9932947959638287,1
14546,-0.368,0.75,1.4192663235461338,1
14547,-0.368,1.5,2.1701425484994856,3
14548,0.8,0.0,-0.01444312506873915,2
14549,1.696,-0.25,-0.28552947251276456,2
14550,-0.32,0.0,0.06352887226931167,0
14551,-0.264,0.0,-0.3623382651472927,0
14552,0.808,-0.25,-0.37622961362589924,2
14553,-0.256,0.75,0.13951000001864103,1
14554,-0.328,0.5,1.1984885795294615,1
14555,0.048,0.0,-0.26815596636399736,0
14557,0.272,-0.25,0.08665129397202712,0
14560,-0.352,1.75,1.1673803101506388,3
14561,0.2,0.25,0.3046626985976299,0
14562,-0.368,1.75,2.1701425484994856,3
14565,0.36,0.5,1.697794198516541,1
14566,0.48,-0.25,0.5665627114599896,0
14567,0.048,0.0,0.6399042593051717,1
14569,-0.368,-0.25,-0.3301935505518699,0
14570,1.696,0.0,-0.33923821276579885,2
14572,-0.368,1.25,1.6157509847161613,3
14573,1.032,1.75,0.7357642571800861,1
14576,1.696,-0.25,-0.38545323040960094,2
14577,-0.304,0.5,0.15478824641298608,1
14578,-0.368,-0.25,-0.3754616002639581,0
14581,-0.272,-0.25,-0.38545323040960094,0
14582,-0.08,-0.25,-0.38545323040960094,0
14583,-0.36,0.75,0.24646518121946354,1
14584,0.944,0.5,0.26909547785530397,2
14585,-0.008,-0.25,-0.3840961582554913,0
14586,1.696,-0.25,-0.3242134853452985,2
14587,-0.256,1.75,0.6796247173543059,1
14589,1.696,-0.25,-0.38545323040960094,2
14591,-0.288,0.5,0.48320716414794324,1
14592,-0.128,0.25,-0.08517491877140233,0
14593,-0.232,0.25,-0.03171969749221274,0
14594,-0.352,0.0,-0.2278240802014731,0
14595,-0.248,1.0,0.8194851700720851,1
14597,-0.32,0.0,0.1471304821147956,0
14598,-0.056,-0.25,-0.33568894713197345,0
14600,1.696,-0.25,-0.20791538431425918,2
14601,-0.32,-0.25,-0.3416615558981376,0
14603,1.696,-0.25,-0.009074487975557844,2
14606,-0.368,1.75,2.1701425484994856,3
14607,-0.28,1.75,2.1701425484994856,3
14608,-0.368,0.5,0.8298869044401239,1
14609,0.168,0.5,-0.05264992571521254,0
14616,1.536,0.25,-0.198408422795084,2
14618,-0.336,0.25,-0.08853031695464063,0
14619,1.56,-0.25,-0.20708771942906043,2
14620,1.24,0.0,-0.19341260772226254,2
14621,-0.368,0.75,0.8445835484827077,1
14622,1.072,-0.25,-0.2621609882766116,2
14623,-0.152,0.75,0.16411625336238853,1
14624,0.048,0.0,-0.33279584825398134,0
14625,1.16,0.0,0.1810125473250952,2
14626,-0.216,0.5,1.5973335769103865,1
14628,0.32,0.0,-0.00015658524855114757,0
14629,-0.368,0.0,0.21108437148731748,0
14631,0.0,0.25,0.2496490812733363,0
14632,1.696,-0.25,-0.38545323040960094,2
14633,1.696,-0.25,-0.24402692520631042,2
14636,-0.12,0.0,-0.04646853661764683,0
14638,0.0,-0.25,-0.17043185838728384,0
14639,0.008,1.0,1.724167628236794,3
14640,-0.216,1.0,1.0701557836812075,1
14641,-0.232,-0.25,-0.38545323040960094,0
14642,0.064,-0.25,-0.38545323040960094,0
14643,0.952,0.0,0.01613573704117259,2
14644,0.136,0.0,0.1296600422407349,0
14645,0.848,0.0,-0.05598295457722918,2
14646,-0.368,1.75,2.1701425484994856,3
14647,1.2,-0.25,-0.3251977354790484,2
14649,-0.368,0.5,0.5446333202224255,1
14651,0.128,0.0,-0.013734763230055475,0
14652,0.208,-0.25,-0.38545323040960094,0
14653,-0.368,1.25,0.92797637799679,1
14655,-0.344,0.5,0.9395562299491658,1
14656,0.944,0.0,-0.28417985679906205,2
14657,-0.264,0.5,0.14106093962333788,1
14658,-0.368,0.0,-0.3169136301866534,0
14659,-0.336,1.75,1.385227673087283,3
14660,0.288,0.0,-0.28254689634988606,0
14661,-0.192,-0.25,-0.38545323040960094,0
14662,-0.176,0.5,0.05726546232726687,0
14664,-0.248,0.0,-0.026790990383056032,0
14665,0.08,0.75,0.8675792106985007,1
14666,-0.216,-0.25,-0.36702090972301193,0
14667,-0.32,1.75,2.1701425484994856,3
14669,1.528,0.25,0.4377452469852679,2
14670,1.696,0.0,-0.20322528329813278,2
14672,1.472,0.0,0.06962824052239813,2
14673,-0.368,0.75,0.7935367574550424,1
14675,-0.28,-0.25,-0.05048755799712557,0
14676,-0.16,1.0,1.3988804154728596,3
14680,-0.208,1.75,2.1701425484994856,3
14681,0.16,0.25,-0.12916046073345283,0
14682,1.096,0.0,-0.38545323040960094,2
14684,-0.2,0.75,0.42400302731480527,1
14687,0.448,-0.25,-0.03265175254311226,0
14688,-0.344,1.75,2.1701425484994856,3
14689,1.264,-0.25,-0.38545323040960094,2
14690,-0.056,0.0,-0.23645863819300628,0
14691,-0.16,0.75,1.0753380097642087,1
14692,0.688,0.5,-0.05083055425585663,0
14693,1.696,-0.25,-0.37011533249199835,2
14696,-0.368,1.25,1.0489571236035484,1
14697,1.336,0.0,-0.36056363233038,2
14698,-0.368,0.75,0.41263195569383104,1
14699,1.304,-0.25,-0.38545323040960094,2
14700,-0.152,0.25,1.1355636789331325,1
14701,-0.32,1.75,1.3889633497312885,3
14702,-0.368,1.75,1.94701080624626,3
14703,-0.288,-0.25,-0.26395799041474594,0
14704,-0.248,1.25,0.5886486879461049,1
14705,1.184,-0.25,-0.3677292715616956,2
14708,-0.368,0.25,0.3386715232948518,0
14709,-0.288,1.75,2.1701425484994856,3
14710,-0.296,0.5,-0.0542008653199093,0
14711,-0.328,1.75,1.6546437778800966,3
14712,-0.176,0.25,0.1826082255722352,0
14713,-0.336,1.75,1.527660597745545,3
14714,-0.216,-0.25,-0.38175483596763166,0
14715,-0.208,0.5,0.1477568231090001,1
14716,-0.064,0.0,-0.27190655588881707,0
14719,-0.368,0.75,0.6782900145214176,1
14720,-0.36,0.25,0.019006466597943063,0
14722,0.768,-0.25,-0.36667045702387374,2
14723,-0.328,1.0,0.3363152881261779,1
14725,-0.208,-0.25,-0.008902989846192316,0
14727,1.696,-0.25,-0.3009344783940319,2
14729,1.696,-0.25,-0.26744760452531374,2
14730,-0.368,1.5,0.9206094148744801,1
14731,-0.032,0.25,-0.2104580304931131,0
14732,-0.344,1.5,1.5138960087538613,3
14733,-0.28,1.75,2.1701425484994856,3
14735,-0.368,1.75,2.1701425484994856,3
14737,-0.368,0.25,0.36714021276952696,1
14738,-0.064,1.25,0.4789122544733982,1
14739,-0.368,1.25,2.1701425484994856,3
14740,1.168,0.25,0.6010189225816434,2
14741,-0.312,1.0,0.5429556211308064,1
14744,-0.28,1.25,0.31899397706026106,1
14745,0.496,0.75,0.4086800422780171,1
14747,1.584,-0.25,-0.25647918068632813,2
14748,-0.176,0.75,0.5544459957982958,1
14752,-0.056,-0.25,-0.2106668108245146,0
14753,0.288,-0.25,-0.06898698664737941,0
14754,-0.048,0.0,-0.02544137466935356,0
14755,-0.328,1.75,2.1701425484994856,3
14756,-0.288,-0.25,0.04980156547966347,0
14757,0.192,-0.25,-0.1876562357279071,0
14758,0.752,0.5,0.6053809402198531,1
14759,-0.368,0.25,0.7111952860383746,1
14760,1.696,-0.25,-0.38545323040960094,2
14761,0.064,0.0,-0.29719134530961944,0
14762,1.696,-0.25,-0.2648154810615735,2
14764,-0.032,-0.25,-0.29368681831823723,0
14765,-0.176,0.25,-0.31172394766324485,0
14766,-0.344,1.0,1.3728052433688944,3
14768,-0.272,0.0,-0.35758851260790875,0
14769,-0.368,1.5,2.1701425484994856,3
14770,1.448,0.0,0.16549569483771986,2
14772,0.488,-0.25,-0.38545323040960094,0
14775,0.056,0.25,0.2533176499536768,0
14776,0.0,1.75,1.3914687137081065,3
14778,0.608,0.0,0.06657855639585494,0
14779,1.696,0.25,-0.2132691085266261,2
14780,0.032,0.0,-0.1673896307011478,0
14782,1.696,-0.25,-0.35199618230251156,2
14784,-0.2,0.0,-0.28497023948222483,0
14785,-0.328,0.0,-0.38545323040960094,0
14788,-0.352,0.0,0.005420832176031547,0
14789,-0.176,-0.25,-0.35383046664268186,0
14790,-0.272,0.5,0.09125937414367433,0
14792,0.104,-0.25,-0.38545323040960094,0
14793,-0.24,-0.25,-0.33045452596612174,0
14794,-0.368,1.25,0.49416813154652167,1
14795,0.92,-0.25,-0.38545323040960094,2
14796,-0.368,1.75,2.1701425484994856,3
14798,0.016,0.25,-0.37165135921588077,0
14799,0.0,-0.25,-0.38361148962902347,0
14800,-0.024,1.75,2.1701425484994856,3
14801,0.08,-0.25,-0.3600193121806547,0
14803,0.888,0.25,0.1292797637799678,2
14804,-0.336,-0.25,-0.2228730037710948,0
14805,-0.288,0.5,-0.09377965100130682,0
14806,0.192,-0.25,-0.3503259396512996,0
14808,-0.088,1.5,1.5392553625787353,3
14810,-0.08,1.75,1.0758599605927126,3
14813,1.696,0.0,-0.38545323040960094,2
14815,-0.112,0.0,0.09248223037045458,0
14816,1.168,-0.25,-0.29849622238087875,2
14817,1.192,0.0,0.25215444525015424,2
14818,0.184,0.25,-0.010714904865141043,0
14819,0.104,0.0,-0.29833218069192047,0
14820,-0.24,0.5,-0.12294178943385116,0
14821,1.696,-0.25,-0.38545323040960094,2
14823,1.032,0.25,-0.26111708661960414,2
14824,-0.328,0.5,0.33967068630941616,1
14825,-0.368,1.75,1.154883316028178,3
14828,1.168,0.25,1.0942997377197088,2
14829,-0.176,0.5,0.018924445753463894,0
14830,0.016,-0.25,-0.36099610587399744,0
14834,-0.264,1.0,0.7815318883994564,1
14836,-0.328,0.25,-0.38545323040960094,0
14837,0.312,0.5,0.7460392320612025,1
14840,1.696,-0.25,-0.38545323040960094,2
14841,0.016,1.0,2.0082058126681197,3
14842,-0.056,0.5,1.6410283176965565,1
14844,0.104,0.5,1.8772632626773467,3
14847,0.784,-0.25,-0.270497288651857,2
14849,-0.232,1.75,2.1701425484994856,3
14850,1.696,-0.25,-0.2583060085860912,2
14851,-0.224,0.0,-0.1199144746285295,0
14852,0.056,1.0,1.6621673262509578,3
14853,-0.216,0.0,-0.14642212027611204,0
14854,0.216,1.25,1.5418874860424758,3
14855,0.544,0.0,-0.019774479959884423,0
14856,-0.12,0.25,0.4610764490193848,1
14857,0.072,0.0,0.37353038219849405,0
14859,-0.304,0.5,0.5082086088332721,1
14860,-0.256,-0.25,-0.3742014618351419,0
14861,0.008,-0.25,-0.38545323040960094,0
14862,-0.2,0.0,0.12603621220283745,0
14863,-0.176,-0.25,-0.30229155054814166,0
14865,-0.352,0.0,-0.38545323040960094,0
14866,-0.32,1.75,2.1701425484994856,3
14867,1.08,0.25,0.028416494391824684,2
14868,-0.368,1.5,1.7134303540504316,3
14869,-0.336,0.0,0.03674533832666291,0
14870,1.688,-0.25,-0.25718754252501175,2
14871,-0.368,0.5,-0.12531293748333958,0
14873,1.272,-0.25,-0.11370325976933511,2
14875,0.456,0.0,0.5914075708967675,0
14878,-0.304,1.75,0.6524907307125187,1
14880,0.208,0.25,0.01373476323005539,0
14881,-0.248,-0.25,-0.31076206685071656,0
14882,-0.192,0.0,-0.06149326403814717,0
14883,-0.256,1.0,0.06667549012114848,1
14885,0.648,-0.25,0.06945674239303261,0
14886,1.616,-0.25,-0.22918860879598998,2
14887,0.224,-0.25,0.8871896489694268,0
14888,1.248,-0.25,-0.22590777501682366,2
14889,1.696,-0.25,-0.38545323040960094,2
14890,1.624,-0.25,-0.38545323040960094,2
14891,0.776,0.0,-0.07552628488449048,2
14893,-0.328,0.0,0.4587425831719325,0
14894,0.272,-0.25,-0.012243475148616232,0
14895,-0.344,1.75,2.1701425484994856,3
14896,1.232,0.0,-0.12761697756916318,2
14897,-0.344,0.5,0.5176335495079681,1
14898,-0.224,1.0,0.4569977761166485,1
14901,-0.32,1.75,0.581393571429903,1
14902,-0.2,-0.25,-0.2531536082647186,0
14903,-0.24,0.75,1.601837266916333,3
14904,-0.368,0.0,0.26341367026502055,0
14905,0.856,0.0,-0.04177097916111325,2
14907,-0.368,1.25,2.1453894032797156,3
14908,0.184,-0.25,-0.294059640338597,0
14910,-0.368,0.5,-0.17732906576394034,0
14911,-0.368,1.75,2.1701425484994856,3
14912,-0.272,0.0,0.14590762588801542,0
14913,-0.12,0.5,0.4140263100499768,1
14915,0.32,0.0,-0.27192892521003864,0
14916,0.16,0.5,0.44500781994187705,1
14918,0.52,0.0,0.7043204479829397,1
14920,1.296,0.0,0.22786881884391613,2
14921,-0.168,0.0,0.48012019781936394,0
14923,0.0,-0.25,0.05736239605256041,0
14924,1.56,-0.25,-0.2700126200253892,2
14929,-0.152,-0.25,-0.334264767014199,0
14930,0.464,0.25,1.3276863224649502,1
14931,-0.368,0.5,0.14354393427893425,1
14932,1.696,-0.25,-0.267417778763685,2
14934,0.248,0.0,0.9273351241217711,1
14935,1.696,-0.25,0.8295588210622072,2
14936,-0.136,1.5,2.1701425484994856,3
14937,0.048,0.25,0.7081456019118314,1
14944,-0.168,1.75,2.1701425484994856,3
14946,-0.296,-0.25,-0.37548396958517966,0
14947,0.168,0.0,-0.28435135492842756,0
14948,-0.224,1.0,0.33501786749532575,1
14950,-0.256,-0.25,-0.22441648693538443,0
14951,0.224,-0.25,-0.2687897637986091,0
14952,0.072,1.75,2.1701425484994856,3
14953,-0.208,-0.25,-0.2862900294342986,0
14954,-0.312,-0.25,-0.27989240356492423,0
14957,1.616,-0.25,-0.38545323040960094,2
14958,0.768,0.25,-0.1405091630332055,2
14959,0.104,0.5,0.017336223946731105,0
14960,-0.344,0.0,-0.3362108979604772,0
14961,-0.32,1.75,2.1701425484994856,3
14962,1.696,-0.25,-0.38545323040960094,2
14963,-0.328,0.75,0.6015632427313687,1
14964,1.568,-0.25,-0.34744029721371467,2
14965,0.36,0.0,-0.05549828595076144,0
14966,-0.288,-0.25,-0.3647317825180027,0
14967,-0.008,-0.25,-0.1553698487647475,0
14968,-0.168,-0.25,-0.38545323040960094,0
14970,0.136,0.5,0.6859104966175722,1
14971,-0.128,0.25,0.3219019888190677,0
14972,0.616,-0.25,-0.38545323040960094,0
14973,0.448,0.25,0.4789122544733982,1
14974,-0.112,-0.25,-0.38545323040960094,0
14975,0.048,-0.25,-0.29246396209145703,0
14976,0.048,1.0,0.07657018654149784,1
14978,0.168,0.75,0.9336209033850376,1
14981,1.56,-0.25,-0.38545323040960094,2
14984,-0.256,0.0,-0.34415200699414117,0
14985,1.176,0.0,-0.28189818603446,2
14987,-0.28,0.0,-0.2578213399596235,0
14988,1.288,-0.25,-0.25175179746816573,2
14995,-0.096,0.0,-0.32602540036424715,0
14997,-0.04,0.25,-0.09392877980945077,0
14998,0.952,0.0,-0.19185421167715855,2
15000,-0.024,-0.25,-0.13544623999671923,0
15002,0.52,0.5,0.7324759669605125,1
15004,0.768,-0.25,0.4182391988800426,2
15005,-0.28,1.75,2.1701425484994856,3
15006,0.0,-0.25,-0.1466980085711783,0
15007,0.864,-0.25,-0.38420054842119206,2
15009,-0.312,0.25,0.44720746986199994,1
15010,-0.12,-0.25,-0.27084028491058804,0
15012,0.024,0.0,-0.19676054946509366,0
15014,-0.064,0.0,-0.30906945487828297,0
15016,0.976,-0.25,-0.3744102421665434,2
15017,-0.136,-0.25,-0.38545323040960094,0
15018,-0.096,0.25,-0.12112241797449529,0
15019,1.696,-0.25,-0.3060943351558117,2
15021,-0.336,1.75,0.8981655292488195,1
15022,-0.312,0.5,0.1422465136480821,1
15023,-0.368,1.75,2.1701425484994856,3
15024,-0.328,1.75,0.7189947227043019,1
15025,-0.144,-0.25,-0.23130623787163374,0
15026,0.232,0.25,-0.15507159114845967,0
15027,-0.16,0.5,0.3060719658345899,1
15028,-0.344,0.5,0.05402936719054369,0
15030,0.168,0.0,-0.11474716142634256,0
15031,-0.368,0.5,-0.009305637628180884,0
15032,1.64,0.25,2.1701425484994856,3
15033,-0.368,1.75,1.4286614384592011,3
15034,-0.28,1.5,2.1701425484994856,3
15035,0.312,-0.25,-0.3127529364394379,0
15036,0.168,0.25,-0.175643910231914,0
15038,0.064,1.0,0.01011838963256521,1
15039,-0.328,1.75,2.1701425484994856,3
15041,0.952,-0.25,-0.36394139983483986,2
15042,1.184,-0.25,-0.38545323040960094,2
15043,-0.16,-0.25,-0.10078870498407123,0
15044,-0.256,1.75,2.1701425484994856,3
15045,0.808,0.0,0.04734094014528867,2
15046,-0.336,1.75,2.1701425484994856,3
15047,1.696,-0.25,-0.24498134957843157,2
15048,0.112,0.5,-0.21587886266914477,0
15049,1.696,-0.25,-0.38545323040960094,2
15050,-0.208,0.25,0.8191048916113182,1
15051,-0.224,0.25,0.5453565949419236,1
15052,1.696,-0.25,-0.34630691827182086,2
15053,-0.368,0.25,0.016240127206873328,0
15054,-0.312,0.0,-0.2748220240880308,0
15057,1.696,0.0,0.6358330428428425,2
15058,-0.208,1.75,1.0687465164442471,3
15059,-0.08,1.75,0.5044878450700812,1
15060,-0.344,0.5,-0.28179379586875924,0
15061,-0.368,1.75,2.1701425484994856,3
15062,0.16,0.5,0.23539236721477713,1
15063,1.296,-0.25,-0.22471474455167229,2
15065,-0.104,0.5,1.8824976838431984,3
15066,0.016,-0.25,0.16510050349613847,0
15067,0.216,0.25,0.7997703416354583,1
15068,-0.04,0.0,-0.08858996847789823,0
15069,1.024,-0.25,0.35586607487384636,2
15070,1.696,-0.25,-0.38545323040960094,2
15071,0.344,0.0,0.23107508821901057,0
15073,-0.328,0.25,0.27681289367675216,0
15074,0.432,-0.25,0.0596515232575696,0
15075,0.216,-0.25,0.0752056579469809,0
15076,0.976,-0.25,0.1556009984173705,2
15078,-0.352,1.75,2.1701425484994856,3
15079,1.296,0.5,0.20318054465568947,2
15081,-0.232,0.75,-0.12479844309524303,0
15083,1.648,-0.25,-0.38545323040960094,2
15087,1.696,-0.25,-0.27233157299202726,2
15088,-0.24,0.0,0.36379972746710304,0
15089,-0.328,1.0,1.3262546859067685,1
15090,1.696,-0.25,-0.21687056924330186,2
15091,0.136,-0.25,-0.12531293748333958,0
15092,1.312,0.0,-0.15983625656865802,2
15093,-0.264,1.0,2.1701425484994856,3
15095,0.424,0.5,0.5207801673598048,1
15096,-0.064,-0.25,-0.3376127087570301,0
15097,-0.368,-0.25,-0.31622018122878415,0
15098,1.048,0.25,2.1701425484994856,3
15099,0.264,-0.25,-0.18521052327434673,0
15100,1.696,0.25,0.15198462481988032,2
15101,-0.336,0.0,-0.23410240302433227,0
15103,-0.16,0.0,0.023256637630044937,0
15104,1.168,0.0,0.23962762536606455,2
15105,-0.264,1.25,1.237649804548056,3
15106,-0.264,0.75,0.5717971326258414,1
15107,1.696,1.0,-0.26296628384058884,2
15108,0.728,0.25,0.37250884986270827,0
15109,1.56,-0.25,-0.13467822663477802,2
15110,-0.216,0.5,0.24153647411030682,1
15111,-0.176,0.25,0.6675825660966839,1
15113,-0.328,0.25,2.1292760355597644,3
15114,-0.168,1.75,1.5571955581984493,3
15115,-0.264,-0.25,-0.24759856016135742,0
15116,-0.264,0.5,0.5074704212329597,1
15117,-0.288,0.75,0.6681790813292596,1
15118,0.664,-0.25,-0.3186658936823445,0
15119,1.56,-0.25,-0.30255998240280074,2
15120,0.664,-0.25,-0.23364756015949334,0
15121,-0.008,0.0,-0.1599033645323228,0
15122,0.504,0.25,0.7170187659963948,1
15123,-0.352,0.0,1.138702840344562,1
15124,-0.224,0.0,-0.36385937899036075,0
15125,-0.208,1.75,2.1701425484994856,3
15127,0.12,-0.25,-0.19807288297676023,0
15128,0.072,0.5,0.6296441973048695,1
15129,-0.008,1.75,2.078654261635309,3
15130,0.952,-0.25,-0.2550550005685536,2
15132,-0.264,0.75,0.22798812189043133,1
15133,0.616,0.25,0.24252072424405668,0
15134,-0.288,1.5,0.5337469172279191,1
15135,1.504,-0.25,-0.38545323040960094,2
15136,-0.368,0.5,0.47141853186416605,1
15139,1.512,0.0,-0.36775909732332435,2
15140,0.008,1.25,1.2770496356596805,3
15142,-0.04,-0.25,-0.12931704598200394,0
15143,1.4,-0.25,-0.3077422084858021,2
15144,-0.344,1.75,2.1701425484994856,3
15145,-0.368,0.5,0.38964374991844514,1
15146,0.912,0.0,0.48838939023094463,2
15147,1.512,-0.25,-0.036290495461824016,2
15148,-0.32,-0.25,-0.27654446182209313,0
15149,0.664,-0.25,-0.11286813844372905,0
15150,-0.272,1.75,2.1701425484994856,3
15152,-0.328,1.75,2.1701425484994856,3
15153,-0.16,-0.25,-0.2556962544435725,0
15154,0.192,-0.25,-0.3049236740118819,0
15156,-0.368,0.25,0.21572973386100072,0
15157,-0.368,0.25,0.942419503065529,1
15158,-0.048,-0.25,-0.20189803690565183,0
15159,-0.368,1.75,2.1701425484994856,3
15160,1.696,-0.25,-0.3832684933702925,2
15163,-0.264,0.0,-0.27417331377260473,0
15164,0.144,0.25,0.11364360824607743,0
15165,1.696,-0.25,-0.13751167398951258,2
15167,1.696,-0.25,-0.38279128118423195,2
15168,-0.2,-0.25,-0.38545323040960094,0
15171,1.696,-0.25,0.4603084356574436,2
15172,-0.336,0.75,0.7097636494801929,1
15174,1.696,-0.25,-0.38545323040960094,2
15175,0.168,-0.25,-0.3340708995636119,0
15178,1.672,-0.25,-0.38545323040960094,2
15179,-0.264,0.75,1.1443995608156599,1
15180,1.696,-0.25,-0.38545323040960094,2
15181,0.12,0.25,0.012907098344856515,0
15182,0.824,0.0,-0.03677516408829175,2
15184,-0.176,0.0,-0.20130152167307616,0
15185,0.152,-0.25,-0.26958760292217904,0
15186,-0.296,0.0,-0.19443414005804843,0
15187,-0.368,1.75,2.1701425484994856,3
15189,-0.368,1.75,2.1701425484994856,3
15192,0.552,0.25,0.27749142975380686,0
15193,0.08,-0.25,-0.12888457243838655,0
15194,-0.368,1.75,2.1701425484994856,3
15195,-0.368,-0.25,2.1701425484994856,3
15197,-0.32,0.25,0.3328853255388677,0
15198,0.328,0.0,-0.35681304280556037,0
15199,0.064,0.5,0.44479903961047557,1
15201,0.288,0.75,0.4939668076555274,1
15203,-0.2,1.0,0.8985980027924368,1
15204,1.696,-0.25,-0.2651435644394901,2
15205,0.272,0.0,-0.014115041690822474,0
15206,-0.328,0.5,-0.18780536453605104,0
15208,-0.368,0.75,0.14760023786044896,1
15210,1.392,-0.25,-0.25425716144498367,2
15211,0.072,0.0,0.18435303262751912,0
15212,1.52,-0.25,-0.38545323040960094,2
15213,1.696,0.0,-0.25636733408022017,2
15214,-0.368,1.5,0.742564530831449,1
15215,-0.032,0.25,0.0468040764359706,0
15216,0.296,-0.25,-0.38545323040960094,0
15218,-0.32,1.75,2.1701425484994856,3
15219,1.0,-0.25,-0.20670744096829338,2
15220,0.008,1.0,0.8498030567677448,1
15221,1.696,-0.25,-0.20051859543032055,2
15222,1.696,-0.25,0.043120594874815635,2
15223,1.4,0.0,0.06232092892334588,2
15224,1.696,0.0,-0.2610425222155322,2
15225,1.464,-0.25,-0.19593288457989486,2
15226,1.696,-0.25,-0.3746563046999809,2
15227,-0.112,0.75,0.4080387884029983,1
15228,0.12,0.5,2.02408057429504,3
15230,1.504,0.0,-0.1808708749573585,2
15232,0.496,0.0,-0.04482066328765652,0
15234,1.696,-0.25,-0.3543076788287424,2
15235,1.336,1.75,1.174642883107248,3
15236,1.696,-0.25,-0.2618105355774734,2
15237,-0.368,0.5,0.5518884367386274,1
15238,-0.176,0.25,0.2981234003605189,0
15239,-0.328,0.0,0.08084272689482129,0
15240,-0.048,0.75,0.7712941957203759,1
15241,0.128,1.5,0.8330857173748111,1
15243,0.184,-0.25,-0.26506900003541817,0
15244,0.112,0.0,-0.030273148053216632,0
15245,0.664,0.25,1.3993278018972914,1
15246,1.496,0.0,-0.10552354464264085,2
15247,0.568,-0.25,-0.23575027635432266,0
15249,-0.152,1.75,2.1701425484994856,3
15251,-0.336,1.75,2.1701425484994856,3
15252,-0.12,0.0,0.05607988830252265,0
15253,-0.28,0.75,0.18345080333824829,1
15254,0.608,-0.25,-0.27723791077996235,0
15255,0.128,-0.25,0.1630574388245667,0
15256,0.784,-0.25,-0.38545323040960094,2
15257,1.696,-0.25,-0.26471854733628,2
15258,0.944,0.0,-0.017977477821750076,2
15260,0.392,1.25,0.8489903047633605,1
15261,0.672,-0.25,-0.3111945403943339,0
15262,1.696,-0.25,-0.3677665537637315,2
15263,0.448,-0.25,-0.3844988060374799,0
15264,0.104,-0.25,-0.20760967025756416,0
15265,0.8,0.0,0.6367427285725205,2
15266,1.696,-0.25,-0.38545323040960094,2
15267,-0.232,0.75,0.7793396949197406,1
15269,-0.216,-0.25,-0.19638027100432665,0
15270,-0.28,1.25,1.2730529836014233,3
15271,-0.352,1.75,1.3592046960661686,3
15272,0.048,0.0,0.03711070390661553,0
15274,-0.368,0.0,0.03310659540795116,0
15275,-0.104,-0.25,-0.04252407964224005,0
15276,0.12,-0.25,-0.38545323040960094,0
15277,-0.032,-0.25,-0.31038924483035674,0
15279,1.696,-0.25,-0.28458250458105067,2
15280,0.968,-0.25,-0.38545323040960094,2
15281,0.064,1.75,1.2377541947137567,3
15286,-0.008,-0.25,-0.3218348808554029,0
15287,-0.232,0.0,-0.13830205667267537,0
15288,-0.064,0.75,1.25577641117795,1
15289,-0.176,0.25,0.19954180173697772,0
15290,-0.368,1.75,2.1701425484994856,3
15291,-0.2,1.75,2.1701425484994856,3
15292,1.2,-0.25,-0.3681841144265346,2
15296,0.0,1.0,2.1701425484994856,3
15297,-0.328,0.25,-0.022540819350954158,0
15298,-0.368,1.75,2.1701425484994856,3
15299,0.128,1.0,2.1701425484994856,3
15300,0.104,-0.25,-0.13103202727565907,0
15301,0.0,1.75,2.1701425484994856,3
15303,1.696,-0.25,-0.07318496259663088,2
15304,0.08,1.5,0.01657566702519719,1
15306,0.104,0.25,0.3744475243685792,0
15307,0.36,-0.25,-0.3362630930433275,0
15308,1.696,-0.25,-0.269699449528287,2
15311,-0.368,1.75,2.1701425484994856,3
15312,0.192,0.5,0.18840933620903383,1
15313,0.472,-0.25,-0.38545323040960094,0
15314,1.184,-0.25,-0.2566506788156936,2
15315,0.104,0.0,-0.0659671282824649,0
15316,1.696,-0.25,-0.3781682881317703,2
15318,-0.368,-0.25,-0.2680963148407398,0
15319,1.696,-0.25,-0.34871534852334524,2
15320,-0.056,-0.25,-0.3020156622530754,0
15321,0.16,0.25,1.548061418699634,1
15322,0.28,-0.25,0.023047857298643466,0
15325,0.424,-0.25,-0.3805990877045162,0
15326,1.696,-0.25,-0.2687748509177947,2
15327,0.016,-0.25,-0.3455463613502869,0
15329,-0.096,0.25,0.28150299469287854,0
15330,-0.152,0.0,0.03190610850239256,0
15332,1.696,0.5,0.737359935427226,2
15333,1.256,-0.25,0.26574007967206564,2
15334,0.848,0.25,-0.24181236240537318,2
15335,0.024,-0.25,-0.37427602623921385,0
15339,0.12,0.0,-0.07314768039459485,0
15341,0.24,-0.25,1.005389142304301,1
15342,0.632,-0.25,-0.19840096635467686,0
15343,0.288,-0.25,-0.22941230200820587,0
15344,-0.368,0.25,-0.0807010545270846,0
15345,-0.04,-0.25,-0.20775879906570807,0
15346,1.696,-0.25,-0.312984086092061,2
15347,1.696,-0.25,-0.35087771624143216,2
15348,0.168,-0.25,-0.38335797065517885,0
15349,0.856,0.0,-0.15528782792026838,2
15350,1.696,-0.25,-0.38545323040960094,2
15351,-0.312,1.25,0.9472214506877634,1
15353,1.632,0.0,0.07303583378848684,2
15355,-0.176,0.0,-0.2946188733691367,0
15356,-0.16,1.75,1.5538923550980617,3
15358,-0.368,1.75,2.1701425484994856,3
15360,-0.088,-0.25,-0.1821161005053603,0
15361,1.696,-0.25,-0.18883435331224407,2
15363,1.696,-0.25,-0.2581195975759113,2
15364,0.36,0.0,0.17971512669424305,0
15365,-0.2,1.25,1.3975979077228218,3
15366,0.192,0.0,-0.051941563876528866,0
15367,0.048,0.5,0.9513821444349788,1
15368,-0.24,-0.25,-0.16794140729128026,0
15370,-0.08,1.25,1.3327641583822507,3
15372,0.688,-0.25,0.9956062924900595,1
15373,-0.344,1.75,1.3149730915706805,3
15374,0.624,-0.25,-0.3759313560096114,0
15376,-0.088,0.25,0.4247710406767464,1
15379,0.944,1.25,2.1701425484994856,3
15380,-0.336,0.75,0.7591327414162391,1
15381,1.304,0.0,-0.0561619091470019,2
15382,-0.288,1.0,2.1701425484994856,3
15384,0.952,0.0,0.0068897509362492206,2
15385,-0.088,-0.25,-0.26491987122727423,0
15386,1.08,-0.25,-0.2073114126412763,2
15388,1.696,-0.25,-0.38545323040960094,2
15389,0.968,-0.25,-0.12837753449069722,2
15392,-0.368,0.5,0.6661285602172806,1
15393,-0.28,0.0,-0.3283145275692564,0
15394,-0.328,0.5,1.1269440338224137,1
15395,1.696,-0.25,-0.38545323040960094,2
15396,0.496,-0.25,-0.28631985519592734,0
15397,1.696,-0.25,-0.38545323040960094,2
15398,-0.28,0.0,0.5143899979308377,0
15399,-0.368,0.25,0.10707448424733752,0
15400,0.328,0.75,0.032830707112884897,1
15402,0.784,0.0,-0.03416540994577308,2
15405,1.104,-0.25,-0.24089522023528803,2
15406,-0.16,0.0,-0.1175209572578195,0
15407,-0.136,0.5,0.2825767221115148,1
15408,1.696,-0.25,-0.3019783800510394,2
15410,0.264,1.5,2.0718987266263897,3
15411,-0.2,0.5,0.5046220609974108,1
15412,0.96,-0.25,-0.3591319957721984,2
15414,-0.328,0.25,0.07660001230312669,0
15415,1.696,-0.25,-0.07367708766350581,2
15416,0.112,0.5,2.1701425484994856,3
15417,0.272,-0.25,-0.10951274026049083,0
15419,-0.208,-0.25,-0.38545323040960094,0
15421,0.064,0.5,0.20743071568779134,1
15422,1.696,0.0,-0.38545323040960094,2
15423,-0.104,-0.25,-0.38545323040960094,0
15424,1.624,0.0,-0.21536436828104824,2
15426,-0.256,0.75,0.5551319883157579,1
15427,-0.144,0.25,0.5678974142928778,1
15428,-0.288,-0.25,-0.38545323040960094,0
15429,-0.192,0.0,-0.2049178952705663,0
15432,-0.224,-0.25,-0.37355275151971584,0
15433,1.304,0.0,-0.09124446126286012,2
15434,-0.344,0.75,0.27537380067816325,1
15435,-0.232,-0.25,-0.38545323040960094,0
15436,-0.312,0.25,0.29578207807265916,0
15437,1.688,-0.25,-0.3519514436600684,2
15438,0.64,-0.25,-0.3825825008528305,0
15440,0.032,0.25,-0.21511084930720353,0
15442,1.584,-0.25,-0.05828699466305284,2
15443,-0.368,1.25,1.897157045683746,3
15444,-0.336,0.0,0.586299909217838,0
15445,1.696,-0.25,-0.38545323040960094,2
15447,1.696,-0.25,-0.38545323040960094,2
15448,1.696,-0.25,-0.12096583272594419,2
15449,-0.2,0.25,0.23663013632237168,0
15450,-0.168,-0.25,-0.18069192038758586,0
15452,-0.168,0.25,-0.10714159221100239,0
15453,-0.368,1.25,0.5232035104921436,1
15454,1.696,-0.25,-0.3676547071576236,2
15456,1.696,0.25,-0.1771501111941676,2
15457,1.688,-0.25,-0.3207387841155451,2
15458,-0.208,-0.25,-0.3806736521085882,0
15460,1.696,-0.25,-0.34143786268592174,2
15462,0.344,0.25,-0.32627146289768466,0
15463,-0.176,-0.25,-0.38545323040960094,0
15464,1.696,-0.25,0.2810183260664107,2
15465,-0.248,1.75,2.1701425484994856,3
15466,0.272,-0.25,-0.24774768896950133,0
15467,-0.336,0.25,-0.10982591075759304,0
15468,0.0,0.0,-0.15260350937367773,0
15469,-0.008,0.0,-0.09963295672095586,0
15471,-0.368,-0.25,-0.15631681669646144,0
15472,0.496,-0.25,-0.22414805508072536,0
15473,-0.296,1.25,0.8194851700720851,1
15475,0.208,-0.25,-0.16259513951932067,0
15478,-0.088,0.0,0.5426424506337042,0
15480,0.52,-0.25,0.18143756442830536,0
15482,-0.28,1.75,2.1701425484994856,3
15483,0.88,0.5,-0.331036128317883,2
15484,-0.368,0.5,2.1701425484994856,3
15485,-0.168,0.25,1.4110045875749606,1
15488,0.336,-0.25,-0.38545323040960094,0
15489,-0.224,0.25,0.35910962645097666,0
15491,0.352,1.0,1.8103640793439826,3
15492,-0.184,0.0,-0.009477135757546495,0
15493,-0.144,0.75,0.9763388504778646,1
15494,-0.24,0.0,0.45365729081422457,0
15497,-0.264,0.0,0.439952353345798,0
15498,-0.368,1.75,2.1701425484994856,3
15500,-0.344,0.5,0.38370096691390976,1
15502,-0.28,1.75,2.1701425484994856,3
15503,1.696,-0.25,-0.38545323040960094,2
15504,0.24,-0.25,-0.38545323040960094,0
15505,0.016,0.75,2.1701425484994856,3
15506,-0.224,0.25,0.23223829292253312,0
15507,0.968,-0.25,-0.14637738163366887,2
15508,1.104,1.0,0.25650155000754965,2
15510,1.696,-0.25,-0.31478854467060247,2
15511,-0.312,0.75,0.17027527313873259,1
15512,0.84,0.0,-0.38545323040960094,2
15513,-0.144,1.75,2.1701425484994856,3
15514,-0.312,1.75,2.1701425484994856,3
15516,-0.048,0.25,-0.38545323040960094,0
15517,1.456,-0.25,-0.2972435403924698,2
15518,0.104,1.5,1.010593737708524,1
15520,-0.368,-0.25,-0.2450708268633179,0
15521,-0.088,1.5,1.7882259077750169,3
15522,-0.144,0.0,-0.20198005775013103,0
15523,0.264,-0.25,-0.19398675363361664,0
15524,-0.208,-0.25,-0.1731161769338745,0
15525,-0.368,0.25,0.05584128220949233,0
15526,-0.144,0.0,-0.38545323040960094,0
15527,-0.256,1.5,1.3096193673583139,3
15528,1.624,-0.25,-0.330201006992277,2
15529,-0.224,1.75,2.1701425484994856,3
15530,-0.232,0.5,0.6394941550827757,1
15531,-0.344,0.0,0.9695012946244658,1
15532,-0.208,0.5,0.6593879380891753,1
15533,-0.256,0.25,0.10934869857153241,0
15535,0.976,0.5,-0.12621516677261033,2
15537,0.896,-0.25,-0.38545323040960094,2
15539,-0.352,-0.25,-0.09970006468462056,0
15540,-0.32,-0.25,-0.3421536809650126,0
15541,0.504,-0.25,-0.38545323040960094,0
15543,1.696,-0.25,-0.38545323040960094,2
15544,-0.336,1.75,2.1701425484994856,3
15545,0.024,0.0,-0.2828973490490243,0
15547,-0.352,1.75,2.1701425484994856,3
15549,0.208,0.25,0.768788831743558,1
15550,-0.368,0.5,-0.06460259968794804,0
15551,-0.112,-0.25,-0.1760540144543098,0
15552,1.328,-0.25,-0.38545323040960094,2
15553,0.072,-0.25,-0.18137045646464067,0
15554,1.696,-0.25,-0.3392456692062061,2
15555,-0.312,1.75,2.1701425484994856,3
15556,-0.216,-0.25,-0.27514265102554025,0
15557,-0.176,-0.25,-0.1515596077166702,0
15561,-0.312,0.5,0.09575560770921371,0
15562,1.696,-0.25,-0.38545323040960094,2
15563,-0.232,0.25,0.524202673506708,1
15565,-0.008,0.0,-0.3720838327594982,0
15567,-0.256,-0.25,-0.36250230683625106,0
15568,-0.368,0.25,0.12237509996290413,0
15569,0.424,0.75,0.5245904084078822,1
15570,-0.352,1.75,2.1701425484994856,3
15571,-0.312,0.5,-0.01621030144524457,0
15572,-0.368,1.25,1.3940188163273675,3
15573,-0.152,0.0,-0.06384949920682123,0
15574,1.016,0.5,0.0025873848212970207,2
15576,-0.104,-0.25,0.19443414005804838,0
15577,0.8,0.25,-0.30447628758745016,2
15578,0.888,-0.25,-0.38545323040960094,2
15579,0.144,0.0,-0.2569265671107599,0
15581,0.84,1.75,0.03374784928297005,1
15582,-0.208,0.25,0.008008216997328737,0
15584,-0.216,0.5,0.036305408342638304,0
15585,1.008,-0.25,-0.1382200358281962,2
15587,-0.008,0.5,0.18008049227419567,1
15589,1.64,0.25,-0.14438651204494746,2
15592,-0.032,-0.25,-0.21145719350767742,0
15593,0.16,-0.25,-0.35221987551472744,0
15594,-0.28,0.75,0.8199176436157025,1
15596,0.4,0.75,0.5476158963853041,1
15597,-0.128,-0.25,-0.25918586855414033,0
15598,0.016,-0.25,-0.32173794713010934,0
15599,-0.192,0.0,0.06678733672725641,0
15601,-0.32,1.75,2.1701425484994856,3
15602,-0.344,1.75,0.46654947627826693,1
15603,0.224,-0.25,-0.38545323040960094,0
15604,0.008,-0.25,-0.33984964087918895,0
15605,-0.12,0.75,0.3922535040609638,1
15606,0.08,1.75,1.6762003470973008,3
15607,1.696,-0.25,-0.38545323040960094,2
15608,-0.184,0.5,0.3265995462756012,1
15609,1.064,-0.25,-0.27863972157651523,2
15610,0.008,-0.25,-0.38545323040960094,0
15611,-0.328,1.75,0.6697971288976212,1
15612,-0.12,0.0,-0.35568712030407373,0
15615,-0.328,1.75,2.1701425484994856,3
15618,-0.144,0.5,0.0780540181825299,0
15619,-0.32,-0.25,-0.2503648995524272,0
15620,0.048,0.25,0.6743679268672325,1
15621,-0.368,0.5,0.46294055912118387,1
15622,-0.064,1.75,2.1701425484994856,3
15623,0.72,-0.25,-0.2767383292726803,2
15624,0.528,0.5,-0.0577426745133275,0
15625,0.424,0.5,0.6428122710639781,1
15626,0.192,0.0,0.013891348478606453,0
15628,-0.368,1.75,1.6389777965845778,3
15630,-0.048,0.0,0.4094927942824014,0
15632,-0.28,1.5,1.9979084684657815,3
15634,-0.272,-0.25,-0.31959794873324404,0
15636,0.312,0.0,0.03921342010144481,0
15637,0.016,-0.25,-0.3346525019153732,0
15639,0.664,-0.25,-0.18406223145163852,0
15640,-0.368,1.75,2.1701425484994856,3
15641,0.432,0.5,0.9059798787955612,1
15643,1.128,0.25,-0.0011706611439298424,2
15644,0.92,0.5,0.1149932239597799,2
15645,-0.256,-0.25,-0.04517111598679468,0
15646,0.856,0.25,-0.15422155694203926,2
15648,1.224,0.0,-0.024360190810310076,2
15649,1.696,0.0,0.10724598237670305,2
15651,-0.112,0.25,0.009790306254648537,0
15652,0.32,-0.25,-0.24936573653786293,0
15653,0.336,0.0,0.15305835223851652,0
15654,-0.336,0.0,0.18667944203456427,0
15655,1.536,-0.25,-0.08313931054023783,2
15656,-0.048,0.5,0.09621045057405268,0
15657,-0.224,-0.25,-0.38545323040960094,0
15658,1.112,0.75,0.2624145072504563,2
15659,-0.056,-0.25,-0.2726969385719799,0
15660,-0.208,1.75,0.7416846708633997,1
15661,1.696,0.0,-0.26527778036681965,2
15663,0.44,-0.25,-0.38545323040960094,0
15664,0.0,-0.25,-0.21306032819522458,0
15665,0.936,0.0,1.1774017660579104,1
15667,-0.088,-0.25,-0.27652209250087156,0
15668,1.336,-0.25,-0.38545323040960094,2
15669,-0.088,0.5,0.009074487975557759,0
15670,1.696,-0.25,-0.3721658536039773,2
15671,-0.256,1.25,1.4800735950668191,3
15673,0.296,0.5,1.5755905966830026,1
15674,0.176,0.5,1.1305604074199038,1
15675,0.24,0.25,-0.25984203530997363,0
15676,-0.256,0.25,2.1031337554921343,3
15677,-0.016,-0.25,0.0012377691075945473,0
15678,0.016,-0.25,-0.2382109016886974,0
15679,-0.216,0.5,0.14578086640109303,1
15680,-0.336,0.25,0.4932509893764365,1
15681,-0.208,0.75,0.5622081502621871,1
15683,0.528,-0.25,-0.3567310219610812,0
15687,-0.336,1.75,1.73058762342739,3
15689,0.552,0.0,-0.311731404103652,0
15690,-0.368,0.0,-0.32242393964757143,0
15691,1.608,-0.25,-0.38545323040960094,2
15692,-0.184,-0.25,-0.35875171731143135,0
15694,-0.368,1.75,2.1701425484994856,3
15695,1.696,0.0,-0.18230251151554022,2
15696,-0.144,1.5,1.5317318142078742,3
15699,-0.264,-0.25,-0.2703108776416771,0
15700,0.968,0.0,0.0333973965838318,2
15701,-0.368,0.5,0.6388901834097929,1
15703,1.696,-0.25,-0.3434958402383079,2
15704,0.712,0.5,1.2349729424418725,1
15705,1.2,-0.25,-0.38545323040960094,2
15706,0.104,0.5,0.28960068897509356,1
15707,-0.128,0.5,0.1825411176085704,1
15708,-0.08,1.25,1.9111453278876465,3
15709,1.696,-0.25,-0.38545323040960094,2
15712,-0.336,0.75,0.2983992886555852,1
15713,0.736,0.0,-0.23522832552581893,2
15714,-0.312,0.0,-0.25291500217168833,0
15716,0.76,0.5,0.3198365548262743,1
15717,1.464,-0.25,-0.38545323040960094,2
15719,-0.144,1.75,2.1701425484994856,3
15720,-0.216,-0.25,-0.0411744639285375,0
15721,-0.312,-0.25,-0.14970295405527836,0
15722,-0.12,0.75,1.1540631075833865,1
15723,1.696,-0.25,-0.35900523628527603,2
15724,1.2,0.0,-0.33846274296345047,2
15725,-0.288,-0.25,-0.1915708669416851,0
15727,-0.272,1.25,2.1701425484994856,3
15729,1.296,-0.25,-0.38545323040960094,2
15730,0.12,0.25,0.34792496584018234,0
15732,1.288,0.0,-0.26958760292217904,2
15733,1.696,-0.25,-0.38018152704171326,2
15734,0.512,0.0,0.49755335549138874,0
15737,-0.288,1.5,0.3979129423300257,1
15738,-0.256,1.75,2.1701425484994856,3
15739,0.12,-0.25,-0.16631590328251153,0
15740,-0.016,-0.25,-0.38545323040960094,0
15743,-0.28,0.5,0.07739039498628944,0
15744,0.216,-0.25,-0.38545323040960094,0
15745,-0.256,0.5,0.3149749556807822,1
15746,0.664,-0.25,-0.3505943715059587,0
15747,-0.304,0.25,0.21449942119381338,0
15748,-0.088,-0.25,-0.38545323040960094,0
15749,1.472,0.25,2.1701425484994856,3
15750,-0.368,1.5,1.3484077703565485,3
15752,-0.088,1.25,1.474533459844272,3
15753,1.696,-0.25,-0.38545323040960094,2
15754,0.0,0.25,-0.15926956709771112,0
15755,-0.328,1.0,1.2616893684208563,1
15756,0.08,0.5,-0.10051281668900497,0
15757,0.12,0.0,0.04604351951443652,0
15758,-0.208,-0.25,-0.34815611549280556,0
15759,1.336,0.25,-0.31252178678681486,2
15762,0.112,0.0,-0.06592984608042896,0
15763,-0.152,0.0,0.3373666462235926,0
15764,0.296,1.0,1.9701406843893827,3
15766,0.104,-0.25,-0.26627694338138397,0
15768,0.52,0.25,-0.037535721009825836,0
15769,-0.352,1.75,2.1701425484994856,3
15773,-0.36,-0.25,-0.02720855104585898,0
15774,0.144,-0.25,-0.29927914862363436,0
15775,1.552,-0.25,-0.38545323040960094,2
15776,0.656,-0.25,-0.3210370417318329,0
15777,1.52,0.5,0.2795717766274146,2
15780,1.064,0.25,-0.14188860450853674,2
15781,-0.208,0.25,-0.24360936454350748,0
15782,-0.328,0.25,1.4484657441807145,1
15783,-0.32,-0.25,-0.3175474276212651,0
15785,-0.144,0.75,1.2845955533517635,1
15786,-0.04,0.25,2.1701425484994856,3
15787,-0.2,0.25,0.20344152006994135,0
15789,1.696,-0.25,-0.23925480334570487,2
15790,-0.328,-0.25,-0.33808992094309065,0
15791,-0.056,0.0,0.701293133177618,1
15793,-0.288,0.25,0.21880178730876557,0
15795,0.792,-0.25,-0.04634923357113171,2
15796,-0.368,1.5,1.5177137062423456,3
15797,0.496,0.25,1.1335504400231895,1
15799,0.2,0.25,0.158054167311338,0
15800,0.448,0.0,0.025105834851029612,0
15801,-0.04,0.25,0.2921284222731331,0
15803,0.0,-0.25,-0.19114584983847488,0
15804,-0.368,1.75,2.1701425484994856,3
15805,-0.224,1.75,2.1701425484994856,3
15806,-0.04,0.25,0.08381784661729258,0
15807,-0.008,0.25,0.17278809355595773,0
15808,1.696,0.5,2.1701425484994856,3
15809,-0.12,0.75,-0.1166187279685488,0
15810,0.224,0.5,0.5613282902941379,1
15811,-0.232,1.0,1.1531012267708578,1
15812,0.448,0.75,0.8418097526512306,1
15813,1.256,0.0,0.4710531662842133,2
15814,-0.272,0.5,0.9493241668825927,1
15815,0.104,0.75,1.0651003170851283,1
15819,-0.016,0.5,0.9195878825386943,1
15820,1.696,-0.25,-0.3468661513023606,2
15821,-0.056,0.0,-0.07546663336123288,0
15822,-0.368,0.0,0.15904587388549515,0
15825,0.968,-0.25,-0.10381601978939285,2
15826,0.04,0.25,0.7323268381523685,1
15827,0.176,1.75,0.8771905623833767,1
15829,0.384,0.0,-0.026865554787128012,0
15830,-0.104,-0.25,-0.07170858739600601,0
15831,0.056,0.25,0.09131902566693192,0
15832,1.624,-0.25,0.12274792198326394,2
15834,0.152,0.5,1.1990552690004082,1
15835,-0.056,0.5,0.21021196795967556,1
15836,-0.008,-0.25,-0.38545323040960094,0
15837,0.112,-0.25,-0.20892200376923067,0
15838,-0.32,1.75,2.1701425484994856,3
15839,-0.144,0.25,0.2929038920754815,0
15840,0.064,0.0,-0.23607835973223928,0
15841,0.176,0.5,0.4267246280634319,1
15843,1.696,-0.25,-0.38545323040960094,2
15844,-0.04,-0.25,-0.38545323040960094,0
15845,-0.264,1.5,2.1701425484994856,3
15847,-0.104,0.0,-0.21094269911958088,0
15850,-0.256,0.0,-0.3248323698990958,0
15852,1.088,0.0,-0.3384925687250792,2
15853,0.008,-0.25,-0.38545323040960094,0
15854,-0.368,1.75,1.7161743241202798,3
15855,0.688,0.75,0.04173369695907713,1
15856,-0.368,1.75,2.1701425484994856,3
15857,-0.256,-0.25,-0.2797432747567803,0
15858,-0.28,0.75,0.5713124639993737,1
15860,-0.08,1.5,0.2215606702594282,1
15861,-0.312,1.5,1.8958819943741159,3
15862,-0.344,0.5,0.12024255800644609,0
15863,-0.2,0.0,-0.38545323040960094,0
15864,-0.232,1.0,0.942605914075709,1
15865,-0.08,0.25,0.16624879531884665,0
15866,0.4,-0.25,-0.3404088739097287,0
15867,-0.368,1.75,2.1701425484994856,3
15869,1.696,0.0,-0.38545323040960094,2
15870,-0.144,-0.25,-0.23915041318000413,0
15872,-0.288,0.0,-0.262668026224301,0
15874,0.104,1.25,2.1701425484994856,3
15877,-0.368,0.0,-0.13435759969726857,0
15880,1.696,-0.25,-0.2558602961325308,2
15881,1.696,0.75,-0.12174875896869976,2
15882,1.184,0.5,-0.11787886639736492,2
15883,-0.368,0.0,-0.20556660558599238,0
15885,0.336,-0.25,-0.24070880922510812,0
15886,0.072,-0.25,-0.36617087551659155,0
15888,0.24,-0.25,-0.3799280080678686,0
15889,0.848,0.0,-0.20236779265130522,2
15891,1.408,-0.25,-0.11564193427520605,2
15894,1.616,0.0,-0.30912164996113334,2
15895,0.792,-0.25,-0.3676025120747733,2
15897,1.144,0.0,-0.34566566439680196,2
15898,-0.368,0.75,0.9169259333133253,1
15899,1.696,-0.25,-0.38545323040960094,2
15900,-0.216,-0.25,-0.24970873279659397,0
15901,-0.272,0.25,-0.2339159920141524,0
15903,-0.328,1.25,2.1701425484994856,3
15904,-0.344,-0.25,-0.3758717044863539,0
15906,-0.248,1.25,0.7095697820296057,1
15907,-0.368,0.25,0.16847827100059834,0
15909,0.984,-0.25,-0.3580806376747837,2
15910,-0.368,1.5,0.42711236296460614,1
15912,1.016,0.0,-0.3038872287952816,2
15916,-0.28,1.5,0.619399048185382,1
15917,1.576,-0.25,-0.38545323040960094,2
15918,1.12,0.0,-0.2519829471207888,2
15919,-0.248,0.0,-0.10362960877921296,0
15920,0.824,0.25,-0.3792494719908137,2
15921,0.976,-0.25,-0.26033416037684853,2
15922,1.696,-0.25,-0.22568408180460778,2
15923,1.696,-0.25,-0.38545323040960094,2
15925,1.144,-0.25,-0.3467393918154383,2
15930,0.128,-0.25,-0.17078231108642208,0
15932,-0.368,1.5,1.3847057222587795,3
15933,-0.24,0.25,0.32457139448484384,0
15935,1.504,-0.25,-0.38545323040960094,2
15937,0.104,-0.25,-0.38545323040960094,0
15938,0.488,0.75,-0.1995268888561635,0
15939,0.312,1.75,2.1701425484994856,3
15940,1.696,-0.25,-0.38545323040960094,2
15942,0.664,-0.25,-0.24958942975007883,0
15944,1.696,-0.25,-0.25879067721255894,2
15945,1.696,-0.25,-0.3662379834802563,2
15947,0.256,-0.25,0.7725394212683778,0
15948,-0.344,0.0,0.21106945860650309,0
15949,-0.272,0.0,-0.22924826031924753,0
15950,-0.152,0.5,0.8302746393412981,1
15951,-0.336,0.0,0.026880467667942307,0
15952,-0.136,0.5,0.08182697702857114,0
15953,-0.288,1.5,0.7345414009533059,1
15955,-0.216,1.75,2.1701425484994856,3
15957,-0.152,-0.25,-0.18140028222626947,0
15958,0.184,-0.25,-0.38545323040960094,0
15963,-0.248,0.0,-0.15018016624133895,0
15965,-0.272,0.5,0.11799816944388004,0
15967,-0.224,0.0,-0.20064535491724292,0
15969,-0.368,0.25,0.003079509888171947,0
15970,1.696,-0.25,-0.25468963498860103,2
15971,-0.264,1.75,2.1701425484994856,3
15973,1.696,-0.25,-0.27167540623619396,2
15974,-0.096,1.25,2.07660374052333,3
15975,0.264,-0.25,-0.22455815930312115,0
15976,0.912,0.0,-0.17987171194279425,2
15977,-0.272,0.0,0.2852535842176982,0
15978,0.208,-0.25,0.3180992042113975,0
15980,0.304,0.25,1.2874961086701626,1
15981,-0.208,1.5,2.0403132450615065,3
15983,-0.232,0.5,0.5912584420886234,1
15984,-0.368,1.75,1.5721606340956924,3
15985,0.576,0.0,0.42893173442396204,0
15986,-0.168,-0.25,-0.3758418787247251,0
15987,-0.312,1.25,0.5754806141869964,1
15988,-0.256,-0.25,-0.38429748214648557,0
15990,-0.056,0.0,0.10173567291578506,0
15992,-0.368,-0.25,-0.38545323040960094,0
15993,-0.336,1.25,1.572376870867501,3
15994,0.032,-0.25,-0.19230159810159034,0
15996,0.296,1.0,0.27245087603854223,1
15998,-0.112,0.75,1.8269993978924373,3
16000,-0.368,0.25,2.1701425484994856,3
16003,-0.168,0.75,1.538412784812722,3
16005,-0.312,0.5,-0.06525131000337411,0
16006,1.28,-0.25,-0.38545323040960094,2
16007,-0.024,0.5,0.7617797777607936,1
16008,-0.216,0.25,-0.1442001010347676,0
16009,-0.232,0.5,0.2236484735734431,1
16010,1.56,0.25,-0.2020471657137958,2
16011,-0.344,1.75,1.998915087920753,3
16012,-0.128,0.25,0.5541029995395648,1
16013,-0.368,1.75,2.1701425484994856,3
16014,-0.104,0.25,-0.018894619991835223,0
16015,-0.368,0.25,0.027618655268254737,0
16016,-0.368,1.5,0.5915492432645041,1
16017,-0.032,-0.25,-0.34321249550283445,0
16018,-0.096,0.0,-0.19630570660025468,0
16019,-0.032,1.75,2.1701425484994856,3
16020,-0.272,0.25,0.14565410691417072,0
16022,1.672,-0.25,-0.03910157349533697,2
16023,-0.04,0.25,0.03552248209988265,0
16024,-0.312,-0.25,-0.3179575318436609,0
16025,-0.168,-0.25,-0.17336969590771917,0
16026,-0.064,-0.25,-0.3251604532770124,0
16027,0.328,1.0,0.1956942784868645,1
16029,-0.096,1.75,2.1701425484994856,3
16030,1.696,-0.25,-0.24806085946660358,2
16031,0.328,0.0,-0.09266118494022739,0
16033,-0.36,1.75,2.1701425484994856,3
16034,1.16,0.25,-0.17483115822752962,2
16036,0.288,0.0,0.06468462053242705,0
16037,1.696,0.25,0.17056607431461332,2
16038,-0.344,0.25,-0.1494196093198049,0
16040,0.112,0.25,0.5006104960583391,1
16041,-0.16,0.25,1.8598077356841005,3
16042,-0.232,0.75,0.3767739337756245,1
16043,-0.104,0.5,0.07592147622607177,0
16045,0.552,0.5,0.5098937643652984,1
16048,1.696,0.0,-0.3099865970483681,2
16049,-0.088,0.25,0.30145642922253557,0
16050,0.984,-0.25,-0.38545323040960094,2
16052,0.024,-0.25,-0.22463272370719312,0
16053,-0.144,0.0,0.6548245965599712,1
16054,0.752,-0.25,0.10187734528352174,2
16055,1.36,-0.25,-0.38545323040960094,2
16056,-0.048,-0.25,-0.0073520502414955585,0
16057,-0.28,1.25,1.1985855132547547,1
16059,0.12,1.0,0.5823405393616169,1
16062,-0.328,0.5,0.35899032340446146,1
16063,1.672,-0.25,-0.2511701951164044,2
16065,1.696,-0.25,-0.22744380174070608,2
16066,-0.272,0.75,0.6329548568456647,1
16070,-0.232,0.0,0.13420101444871732,0
16071,-0.048,-0.25,-0.25794064300613856,0
16072,1.696,-0.25,-0.06550482897721882,2
16073,1.696,-0.25,-0.38545323040960094,2
16076,-0.368,1.75,1.1659337607116427,3
16078,1.696,-0.25,-0.38545323040960094,2
16079,-0.272,0.25,0.50691118820242,1
16080,0.248,0.0,-0.3392754949678349,0
16081,0.04,0.75,1.5889674507735125,3
16083,0.4,0.0,0.4812759460824793,0
16084,1.696,-0.25,-0.17596453716942342,2
16085,-0.224,0.75,0.23065752755620753,1
16086,0.064,0.75,0.3349582159720682,1
16091,0.832,0.0,-0.26627694338138397,2
16092,0.512,0.25,0.10863288029244156,0
16093,0.448,-0.25,-0.38545323040960094,0
16094,-0.312,0.5,0.3027762191746093,1
16096,1.696,-0.25,-0.26213116251498286,2
16097,1.512,-0.25,-0.3632181251153419,2
16098,0.296,1.25,0.994286502537986,1
16099,-0.008,0.25,0.044537318552182896,0
16101,0.16,-0.25,0.4933553795421372,0
16102,-0.072,0.25,0.8723811583207352,1
16103,-0.352,1.0,0.5648029915238915,1
16104,0.088,-0.25,-0.2648602197040167,0
16105,1.584,-0.25,-0.24994733888962425,2
16106,0.12,-0.25,-0.38545323040960094,0
16107,-0.264,1.25,1.8879632546616736,3
16108,0.272,-0.25,0.127005549455773,0
16109,1.344,0.0,-0.04495487921498601,2
16110,-0.048,0.25,0.4916627675697037,1
16112,0.736,0.5,-0.35524719032004914,2
16113,1.056,-0.25,-0.3808675195591753,2
16114,0.96,-0.25,-0.38545323040960094,2
16115,-0.328,1.5,0.7465462700088917,1
16116,1.288,-0.25,-0.04428379957833837,2
16117,1.112,-0.25,-0.32805355215500454,2
16119,-0.344,0.0,-0.18552369377144898,0
16120,0.064,0.5,0.47495288461717705,1
16121,0.048,0.0,0.14550497810602686,0
16122,0.176,0.5,0.009134139498815358,0
16123,0.008,-0.25,-0.2717052319978228,0
16124,1.696,-0.25,-0.3155341887113221,2
16125,1.696,-0.25,-0.2854474516682854,2
16126,-0.176,0.5,2.1701425484994856,3
16127,-0.096,-0.25,-0.011870653128256421,0
16128,-0.264,0.75,0.960471545291351,1
16131,0.008,1.0,2.1134310996944725,3
16133,-0.368,1.75,2.1701425484994856,3
16134,-0.232,0.0,-0.04032442972211714,0
16135,1.696,-0.25,-0.1152914815760679,2
16136,0.072,0.25,0.027745414755177042,0
16139,-0.256,0.25,-0.02740987493685335,0
16140,0.12,0.0,0.039526590598547025,0
16141,0.296,-0.25,-0.038601991988054855,0
16142,1.592,-0.25,-0.08972334741979204,2
16143,-0.368,1.0,1.342733419206672,1
16144,1.568,-0.25,-0.37056271891643017,2
16145,-0.336,1.75,2.1701425484994856,3
16146,0.848,0.25,0.046200104762987665,2
16147,0.664,-0.25,-0.22158303958064984,0
16148,1.696,-0.25,-0.38545323040960094,2
16149,-0.368,0.0,-0.29203148854783967,0
16150,-0.064,0.75,1.0370491882732562,1
16152,1.696,-0.25,0.862613221387308,2
16153,-0.008,0.75,0.9082391802389417,1
16156,-0.336,1.75,1.8043616448161894,3
16157,-0.28,0.25,-0.011542569750339748,0
16159,1.696,-0.25,-0.2415662998719357,2
16160,0.112,0.0,0.26341367026502055,0
16161,-0.368,1.75,2.1701425484994856,3
16162,1.608,-0.25,-0.38545323040960094,2
16163,1.448,0.0,0.13751913042991967,2
16164,-0.272,0.25,0.11207775576056621,0
16168,-0.32,1.75,2.1701425484994856,3
16169,-0.344,0.5,0.8826934154038875,1
16170,0.0,1.0,0.9251802128440915,1
16171,0.064,-0.25,-0.38545323040960094,0
16172,0.352,0.75,0.40357238059908773,1
16173,-0.28,1.0,0.5563623009829451,1
16174,0.6,0.25,0.25156538645798576,0
16175,0.344,0.5,0.2724732453597638,1
16177,-0.008,-0.25,-0.25368301553362954,0
16178,0.696,-0.25,-0.3536365991920948,2
16179,0.08,-0.25,-0.3402672015419919,0
16180,0.392,1.5,2.1701425484994856,3
16181,0.176,-0.25,-0.2733754746490347,0
16182,0.168,0.5,2.1701425484994856,3
16183,0.128,-0.25,-0.24864246181836488,0
16184,0.104,1.0,0.3628453030949819,1
16185,-0.272,0.0,-0.10644814325313319,0
16186,-0.224,1.75,2.1701425484994856,3
16187,-0.152,1.75,2.1701425484994856,3
16188,-0.048,0.5,0.2309185029704594,1
16189,-0.28,0.0,-0.3405281769562438,0
16190,-0.088,-0.25,-0.34082643457253164,0
16191,-0.368,1.75,2.1701425484994856,3
16193,1.488,-0.25,-0.24928371569338376,2
16198,0.192,-0.25,-0.20243490061497,0
16200,-0.368,0.0,0.2957969909534737,0
16201,-0.368,0.5,0.9374982523967795,1
16202,1.696,-0.25,-0.2288381560968518,2
16203,0.064,0.5,-0.04165913255500532,0
16204,-0.224,-0.25,-0.20746799788982742,0
16205,-0.16,0.5,0.05880148905114924,0
16206,0.032,0.5,-0.09854431642150518,0
16207,-0.208,-0.25,-0.2071324580715036,0
16208,-0.048,0.0,-0.005898044362092264,0
16209,0.304,0.75,1.1859095645625213,1
16210,-0.368,1.75,2.1701425484994856,3
16211,0.304,-0.25,-0.09331735169606065,0
16212,-0.256,0.0,0.025851478891749234,0
16213,0.224,-0.25,-0.382642152376088,0
16214,0.96,0.25,0.29123364942426955,2
16215,0.24,-0.25,-0.3111721710731123,0
16216,1.696,-0.25,0.18593379799384463,2
16217,1.472,0.0,-0.27433735546156307,2
16218,-0.168,1.25,1.983420604754599,3
16221,-0.112,0.25,0.14069557404338526,0
16222,1.696,-0.25,0.07682370551534254,2
16224,0.048,0.5,0.4646331710936174,1
16225,-0.048,0.75,0.3174952325384146,1
16226,1.216,0.25,-0.31097084718211804,2
16227,1.392,-0.25,-0.2669032843755884,2
16229,0.288,0.0,0.2523483127007413,0
16230,1.112,0.0,-0.08473498878737781,2
16232,-0.056,0.5,0.2376442122177504,1
16233,0.16,0.25,-0.10102731107710147,0
16235,-0.08,0.5,0.13804853769883055,0
16236,0.216,-0.25,-0.17893220045148753,0
16239,0.048,0.0,-0.1923537931844407,0
16240,-0.216,0.0,2.1701425484994856,3
16241,-0.328,1.75,1.4608583481374744,3
16242,-0.344,1.25,2.1681017207600353,3
16243,-0.136,0.0,-0.19615657779211076,0
16244,1.288,0.0,0.6578295420440713,2
16245,-0.216,0.25,0.5528875997531919,1
16247,0.952,-0.25,-0.38545323040960094,2
16248,0.088,-0.25,-0.38545323040960094,0
16249,0.016,0.75,0.8410119135276606,1
16250,1.68,0.0,-0.21081593963265852,2
16253,0.128,0.0,2.1701425484994856,3
16255,-0.272,1.5,1.4703653096566496,3
16256,1.696,-0.25,0.05984539070815678,2
16257,1.008,-0.25,-0.38545323040960094,2
16258,-0.048,0.75,2.1701425484994856,3
16260,0.0,-0.25,0.27087756711262395,0
16261,-0.272,0.5,0.04203195457536496,0
16265,-0.336,1.75,2.1701425484994856,3
16266,0.184,1.25,0.14146358740532644,1
16268,0.16,0.0,-0.040652513100033816,0
16270,1.696,-0.25,0.34975925018035264,2
16271,-0.28,0.5,0.5423591058982307,1
16272,0.528,-0.25,-0.19421790328623978,0
16274,1.696,-0.25,-0.25398127314991736,2
16275,1.168,-0.25,-0.07255116516201918,2
16276,1.008,-0.25,0.1032195045568172,2
16278,0.392,-0.25,-0.07888168306772878,0
16279,-0.24,0.25,0.6333202224256173,1
16281,0.168,-0.25,1.0363631957557942,1
16282,1.696,-0.25,-0.37570766279739554,2
16283,-0.36,0.75,0.6687979658830568,1
16284,-0.16,0.0,0.10477044416151386,0
16287,0.952,-0.25,-0.38545323040960094,2
16292,0.568,-0.25,-0.2758286435430023,0
16293,-0.232,1.75,1.1850669867965082,3
16295,-0.328,0.5,0.4894258354475448,1
16297,1.696,-0.25,-0.2760896189572542,2
16298,-0.224,0.25,-0.055155289692030394,0
16302,0.608,-0.25,-0.3198440112666815,0
16303,-0.2,0.25,2.1701425484994856,3
16305,0.704,-0.25,-0.21955488778989252,2
16306,1.304,1.0,-0.02975119722471295,2
16308,-0.104,0.5,1.4076491893917222,1
16309,0.44,0.0,0.02565015500075495,0
16311,-0.264,0.0,-0.04168895831663408,0
16313,-0.368,0.0,-0.2967812410872236,0
16315,1.696,-0.25,-0.3324081133528071,2
16316,0.104,1.5,1.7015895266838041,3
16317,0.552,0.25,0.5309582085156277,1
16318,-0.128,-0.25,-0.2565164628883641,0
16319,1.336,-0.25,-0.19966110478349297,2
16320,0.968,0.0,0.2916884922891084,2
16321,0.168,0.75,-0.2225896590356213,0
16322,-0.368,0.0,-0.25756036454537157,0
16323,1.16,-0.25,-0.3464784164011864,2
16324,0.616,0.25,-0.19653685625287776,0
16325,-0.032,0.25,-0.05810804009328012,0
16326,-0.36,1.75,1.770867314507064,3
16327,-0.296,1.0,2.1701425484994856,3
16330,-0.264,0.25,-0.3109410214204893,0
16332,-0.184,1.25,0.6876254779112274,1
16333,-0.344,1.75,2.1701425484994856,3
16337,-0.112,-0.25,-0.38545323040960094,0
16338,0.848,-0.25,-0.3410352149039332,2
16339,1.696,-0.25,-0.38545323040960094,2
16340,0.448,-0.25,-0.0934739369446118,0
16341,-0.208,0.5,0.9691135597232914,1
16342,0.192,0.5,-0.23410240302433227,0
16343,-0.28,0.0,-0.25619583595085466,0
16344,0.856,-0.25,-0.38545323040960094,2
16345,-0.056,-0.25,-0.07956767558519079,0
16347,-0.32,0.0,0.13069648745733517,0
16348,-0.152,1.25,0.5526266243389398,1
16349,1.696,-0.25,-0.38545323040960094,2
16350,-0.24,0.5,0.3312896472917276,1
16351,1.696,-0.25,-0.37414181031188437,2
16352,-0.264,0.0,-0.13252331535709833,0
16353,-0.368,1.75,2.1701425484994856,3
16354,0.096,0.0,-0.19272661520480053,0
16356,1.176,0.25,-0.3432945163473136,2
16357,-0.144,0.25,-0.009909609301163823,0
16358,-0.368,0.5,1.0492926634218724,1
16359,-0.352,1.75,0.8043635089262913,1
16360,-0.368,1.0,2.087154603699513,3
16361,-0.328,0.5,0.17831331589769017,1
16362,-0.152,0.75,0.02820025762001602,1
16363,0.016,-0.25,-0.38545323040960094,0
16364,-0.312,0.0,0.02506855264899358,0
16365,-0.264,1.75,0.649306830658646,1
16366,-0.256,-0.25,-0.2571502603229758,0
16367,-0.112,0.0,0.09581525923247122,0
16368,-0.368,0.0,-0.13966658526719228,0
16369,-0.264,0.25,0.649575262513305,1
16370,0.248,0.5,0.4755643127305671,1
16372,-0.144,0.0,-0.23315543509261835,0
16374,0.12,0.0,-0.15911298184915998,0
16376,-0.336,0.0,0.25246761574725646,0
16377,1.696,-0.25,0.0030049454841000528,2
16378,1.568,0.25,-0.2305680502713213,2
16379,-0.368,0.5,1.1320591519417504,1
16380,0.08,-0.25,0.7985698547298996,0
16383,0.192,0.0,-0.021183747196844495,0
16384,0.312,0.0,-0.06537061304988924,0
16385,0.072,0.25,-0.08501087708244408,0
16386,-0.176,0.0,-0.275590037449972,0
16387,1.696,-0.25,-0.38545323040960094,2
16389,0.016,0.5,0.5293327045068589,1
16392,1.696,-0.25,-0.3375008621509222,2
16393,-0.368,1.75,1.858994983679716,3
16394,0.048,0.75,0.6942095147907816,1
16395,0.08,0.75,0.6145896441227405,1
16398,0.824,0.0,0.7707200498090219,2
16399,-0.256,0.0,-0.19420299040542538,0
16400,0.352,-0.25,-0.2745759615545933,0
16401,-0.368,1.75,2.1701425484994856,3
16402,1.696,0.0,-0.28239031110133495,2
16403,1.696,-0.25,-0.3565446109509013,2
16404,0.152,-0.25,-0.17084196260967963,0
16405,1.696,0.0,-0.37649058904015115,2
16406,-0.256,-0.25,-0.38545323040960094,0
16407,-0.304,1.75,1.0495014437532737,3
16409,-0.12,0.75,1.0173045340750007,1
16411,-0.256,0.0,-0.343346711430164,0
16412,0.024,-0.25,-0.38545323040960094,0
16413,0.048,-0.25,-0.30569168737382313,0
16414,-0.232,0.0,-0.38545323040960094,0
16415,-0.056,-0.25,-0.35186942281558925,0
16416,-0.192,0.25,0.28277058956210194,0
16418,-0.048,0.25,-0.028744577769741445,0
16419,0.496,1.0,0.2136568434278002,1
16422,-0.272,1.75,2.1701425484994856,3
16423,-0.208,-0.25,-0.2431172394766325,0
16424,1.12,-0.25,-0.38545323040960094,2
16425,1.696,-0.25,-0.27549310372467845,2
16426,-0.368,1.75,0.9186558274877947,1
16427,1.696,0.0,-0.3214546023946359,2
16429,0.44,-0.25,-0.2890265430637396,0
16430,0.048,-0.25,-0.27687254520000976,0
16431,1.296,0.25,-0.03276359914922019,2
16432,0.104,-0.25,-0.2869014575476887,0
16433,-0.184,-0.25,-0.3638071839075104,0
16434,-0.176,1.25,0.6260651059094153,1
16438,-0.36,0.75,0.09680696580662836,1
16440,-0.344,0.75,2.1701425484994856,3
16441,0.128,0.0,-0.2169600465281882,0
16442,-0.368,0.25,-0.04225564778758098,0
16444,-0.04,0.5,-0.013048770712593454,0
16445,-0.136,-0.25,-0.327121497104105,0
16446,-0.368,0.0,2.1701425484994856,3
16447,0.68,-0.25,-0.31038178838994956,2
16448,1.176,-0.25,-0.36475415183922427,2
16449,1.176,0.0,0.026485276326360926,2
16450,0.792,-0.25,-0.2686182656692435,2
16451,0.296,-0.25,-0.3021349652995905,0
16454,0.104,-0.25,-0.38545323040960094,0
16455,0.104,1.25,0.8716653400416442,1
16456,0.384,0.75,1.1334609627383032,1
16457,1.336,-0.25,-0.34583716252616753,2
16458,-0.368,1.75,2.1375154022097163,3
16460,-0.184,0.25,0.10368926030247047,0
16461,1.016,-0.25,-0.38545323040960094,2
16462,0.184,0.25,-0.38545323040960094,0
16463,-0.24,0.5,0.5594045286690813,1
16464,-0.248,0.25,0.4671385350704354,1
16466,-0.136,1.25,0.6896387168211703,1
16468,0.184,-0.25,-0.38545323040960094,0
16469,-0.216,0.5,-0.03485885890364237,0
16470,0.008,0.5,0.06009890968200139,0
16471,1.696,-0.25,-0.33421257193134857,2
16473,0.912,0.25,-0.26549401713862836,2
16474,-0.352,1.25,0.8579902283348465,1
16475,0.296,0.5,-0.09534550348681804,0
16477,0.104,1.25,1.400834002859545,3
16478,-0.208,0.25,-0.2543913773723132,0
16479,-0.328,0.0,-0.24542127956245613,0
16480,0.2,-0.25,0.07241694923468953,0
16482,-0.28,-0.25,-0.33669556658694494,0
16483,1.128,-0.25,-0.38545323040960094,2
16484,0.984,0.0,-0.19973566918756494,2
16485,0.208,-0.25,-0.23004609944281756,0
16488,-0.144,0.25,-0.12927230733956074,0
16491,-0.032,-0.25,0.044239060935895066,0
16493,0.232,0.5,0.5066352999073538,1
16494,1.696,-0.25,0.11509761412548064,2
16495,-0.368,0.25,-0.0178283490136062,0
16496,-0.336,0.25,0.6914730011613406,1
16497,-0.008,1.0,1.7287906212892559,3
16498,0.88,0.0,-0.38545323040960094,2
16499,1.696,0.0,-0.22870394016952225,2
16500,-0.368,1.0,-0.20230068468764045,1
16503,0.448,0.5,0.5765916238076686,1
16504,-0.208,-0.25,-0.14949417372387688,0
16505,-0.152,-0.25,0.07861325121306961,0
16506,-0.248,0.0,-0.38545323040960094,0
16509,1.696,-0.25,-0.2300088172407816,2
16510,1.696,-0.25,-0.31620526834796975,2
16511,-0.232,0.25,0.19540347731098387,0
16513,-0.368,0.5,0.15093326672246568,1
16515,0.008,0.75,0.7112847633232608,1
16516,-0.168,-0.25,-0.38545323040960094,0
16517,1.696,-0.25,-0.37988326942542544,2
16518,0.08,0.0,-0.14006923304918087,0
16519,-0.208,0.0,-0.34239228705804287,0
16520,1.08,0.25,0.28845239715238535,2
16523,-0.368,1.75,2.1701425484994856,3
16525,-0.368,1.75,2.1701425484994856,3
16526,0.968,-0.25,-0.2746132437566293,2
16527,0.24,-0.25,-0.33114797492399095,0
16528,-0.368,-0.25,-0.3189566948582252,0
16529,1.112,-0.25,-0.1593217621805615,2
16531,-0.232,1.25,0.4268215617887254,1
16532,-0.264,0.25,2.1701425484994856,3
16533,-0.256,0.25,0.3115226237722505,0
16535,-0.368,-0.25,-0.05847340567323274,0
16536,0.472,-0.25,-0.07773339124502059,0
16539,-0.368,0.5,0.5343583453413092,1
16542,0.024,-0.25,-0.38545323040960094,0
16545,0.912,-0.25,-0.24820253183434032,2
16546,1.696,0.0,0.08573415180194197,2
16549,-0.328,1.75,2.1701425484994856,3
16550,0.464,0.75,1.217934976111429,1
16551,0.36,0.25,0.18637372797786925,0
16552,1.536,0.0,-0.21805614326804604,2
16553,0.896,1.75,2.1701425484994856,3
16554,-0.072,0.25,0.12297907163588707,0
16555,-0.128,0.0,-0.2880273800491753,0
16556,0.128,1.25,1.9697082108457653,3
16557,-0.216,0.0,-0.27239868095569203,0
16558,-0.368,1.75,2.1701425484994856,3
16560,-0.192,0.0,0.1395398257802698,0
16561,-0.36,0.0,-0.10968423838985628,0
16563,0.024,-0.25,0.315757881923538,0
16565,1.696,-0.25,-0.37168118497750957,2
16566,-0.288,0.75,-0.042881988781785486,1
16567,1.144,0.0,0.16391492947139424,2
16569,-0.368,-0.25,-0.38545323040960094,0
16570,-0.288,1.75,2.1701425484994856,3
16571,-0.192,0.25,0.5774416580140889,1
16572,0.608,0.25,0.25160266866002173,0
16573,0.272,0.0,-0.006382712988560001,0
16574,0.16,-0.25,-0.16458600910804203,0
16581,1.056,-0.25,-0.38545323040960094,2
16582,0.496,-0.25,-0.2673506708000202,0
16583,1.696,-0.25,-0.3271289535445122,2
16584,0.232,0.0,0.19678291878631518,0
16586,1.584,-0.25,-0.15525800215863958,2
16587,1.448,-0.25,-0.32459376380606547,2
16589,0.16,0.25,-0.15876998559042896,0
16591,0.144,-0.25,-0.34200455215686865,0
16592,-0.368,1.75,2.1701425484994856,3
16593,0.0,0.25,-0.2551146520918112,0
16594,0.192,-0.25,-0.36617087551659155,0
16595,0.08,-0.25,-0.23264839714492902,0
16596,-0.28,0.0,-0.31467669806449455,0
16597,-0.368,-0.25,-0.38545323040960094,0
16598,1.696,-0.25,-0.38545323040960094,2
16600,-0.368,1.0,0.10539678515571838,1
16601,-0.08,-0.25,-0.3211041496954977,0
16602,-0.12,-0.25,-0.10743984982729023,0
16603,0.192,0.0,-0.14144867452451215,0
16607,-0.264,1.75,2.0803766993693715,3
16609,-0.288,1.25,2.1701425484994856,3
16610,1.344,-0.25,-0.38545323040960094,2
16611,1.08,-0.25,-0.38545323040960094,2
16612,-0.144,0.5,0.39667517322243123,1
16613,0.152,-0.25,-0.039951607701757326,0
16614,1.056,-0.25,-0.12376199787864277,2
16616,-0.288,0.0,-0.12806436399359497,0
16617,1.48,-0.25,-0.38545323040960094,2
16618,-0.16,0.75,1.4729601509183539,1
16619,1.696,-0.25,-0.33252741639932226,2
16620,-0.368,0.0,-0.36775909732332435,0
16621,0.008,0.5,0.10536695939408962,0
16623,1.56,-0.25,-0.38545323040960094,2
16624,0.24,0.0,0.10319713523559546,0
16625,1.696,-0.25,-0.2528404377676164,2
16626,-0.368,1.75,2.1701425484994856,3
16627,0.224,-0.25,-0.26050565850621404,0
16628,-0.168,0.75,1.1549131417898069,1
16629,0.184,0.0,-0.19371086533855042,0
16633,-0.272,1.0,1.657887329457227,3
16634,1.376,0.0,-0.3387237183777023,2
16637,-0.152,0.5,0.35962412083907325,1
16638,-0.224,1.75,0.7520192972677738,1
16639,-0.16,0.25,0.43645528279482293,1
16641,0.44,-0.25,-0.3288812170402033,0
16642,-0.368,0.0,0.012049607698029053,0
16643,1.56,-0.25,-0.1376906285592853,2
16644,1.016,0.0,0.12050353342069789,2
16647,0.952,0.0,-0.3415869914940657,2
16648,-0.064,-0.25,-0.2844706579749427,0
16650,0.168,-0.25,-0.11464277126064183,0
16652,0.064,1.25,2.1701425484994856,3
16653,-0.28,0.0,0.41636017589742913,0
16654,0.72,0.5,-0.0528661624870212,0
16655,-0.264,1.0,2.1701425484994856,3
16656,-0.232,1.75,2.1701425484994856,3
16657,-0.328,0.5,0.155660649940628,1
16658,1.696,-0.25,-0.38545323040960094,2
16659,1.104,-0.25,-0.38545323040960094,2
16660,-0.28,0.5,0.4867042346989181,1
16665,1.696,-0.25,-0.38545323040960094,2
16666,-0.256,-0.25,-0.38545323040960094,0
16667,0.136,0.0,-0.07388586799490728,0
16668,-0.288,1.0,-0.2724956146809856,1
16669,-0.216,0.0,0.5134206606779023,0
16670,-0.272,1.75,2.1701425484994856,3
16671,-0.184,0.25,0.7606314859380854,1
16672,-0.368,1.75,2.1701425484994856,3
16674,0.032,0.0,-0.27434481190197024,0
16676,-0.136,0.5,0.7295754116421133,1
16678,-0.368,1.75,1.8759061905232368,3
16679,1.696,-0.25,-0.38545323040960094,2
16680,-0.064,-0.25,-0.3642247445703134,0
16681,0.176,1.0,1.075196337396472,1
16682,-0.368,0.75,0.26532251900926274,1
16684,-0.368,1.75,2.1701425484994856,3
16685,0.08,0.0,-0.25943193108757784,0
16686,-0.032,1.25,1.7277392631918413,3
16688,-0.368,0.5,0.4389531903312336,1
16689,0.2,0.0,-0.1860903832423959,0
16690,0.168,0.0,-0.33299717214497565,0
16692,1.64,0.0,0.3383956349997856,2
16693,0.144,0.0,-0.1262449925342391,0
16696,0.672,0.5,-0.01064034046106898,0
16697,1.52,-0.25,-0.38545323040960094,2
16698,1.408,0.0,0.9885972385072952,2
16700,-0.336,1.75,2.1701425484994856,3
16701,-0.336,1.75,2.1701425484994856,3
16705,-0.368,1.75,2.1701425484994856,3
16706,-0.112,0.25,-0.10500159381413708,0
16708,-0.04,-0.25,-0.011587308392782969,0
16709,0.272,0.75,1.772545013598683,3
16710,-0.256,1.75,1.3534334111909985,3
16711,-0.368,0.75,0.7298811256988083,1
16712,-0.336,1.75,2.1701425484994856,3
16713,-0.256,1.75,2.1701425484994856,3
16714,1.696,0.0,0.3294926451535933,2
16715,0.216,-0.25,-0.2762238348845837,0
16716,1.696,0.0,0.1707748546460148,2
16717,-0.216,1.0,2.1701425484994856,3
16718,1.696,-0.25,-0.04930198397238135,2
16719,-0.288,1.25,0.8631948237390693,1
16720,-0.2,-0.25,-0.3840588760534553,0
16721,1.688,-0.25,-0.2831210422612402,2
16722,-0.272,1.75,2.1701425484994856,3
16723,0.32,0.0,-0.07141032977971819,0
16725,1.696,1.0,0.06311876804691591,2
16726,-0.2,0.75,0.5667416660297624,1
16727,1.696,-0.25,-0.3100760743332545,2
16728,-0.04,0.5,0.28878048053030203,1
16729,-0.104,1.75,2.1701425484994856,3
16730,0.008,0.25,0.052895988248649876,0
16732,-0.152,-0.25,-0.05101696526603653,0
16734,0.008,0.25,-0.01894681507468563,0
16735,0.224,0.75,1.2041331049177089,1
16737,0.016,-0.25,-0.18981860344599402,0
16738,1.696,-0.25,-0.38545323040960094,2
16739,1.008,-0.25,-0.26035652969807016,2
16743,-0.176,1.25,1.1502379536544949,1
16744,-0.32,1.25,0.4691144917783423,1
16745,0.288,1.75,2.1701425484994856,3
16746,-0.368,1.75,2.1701425484994856,3
16747,-0.104,0.0,0.12220360183353861,0
16748,-0.264,0.75,0.6783347531638609,1
16750,-0.048,0.75,0.01995343452965697,1
16751,-0.16,-0.25,0.814653396688222,0
16752,1.696,-0.25,-0.3464784164011864,2
16753,0.056,-0.25,-0.3342349412525702,0
16754,1.696,-0.25,0.9918780722864616,2
16755,0.504,0.25,0.6014812218868895,1
16756,1.312,-0.25,-0.3226923715022305,2
16757,1.696,-0.25,-0.38545323040960094,2
16758,0.112,-0.25,-0.2258033848511229,0
16759,-0.344,0.25,0.08770265206944175,0
16761,0.368,-0.25,-0.2502008578634689,0
16762,-0.248,0.25,0.40557070662821637,1
16763,1.184,-0.25,-0.04497724853620758,2
16764,-0.368,1.75,1.5970054935324702,3
16765,1.696,-0.25,-0.38545323040960094,2
16766,1.696,0.0,0.3530102581978901,2
16767,-0.16,1.75,2.1701425484994856,3
16768,-0.024,0.25,-0.1447145954228641,0
16769,1.672,-0.25,-0.23161940836873593,2
16770,0.056,0.75,0.06332754837831739,1
16771,-0.144,0.75,1.1636819157086693,1
16773,0.048,-0.25,-0.37325449390342796,0
16774,0.136,0.5,-0.007941109033664032,0
16775,-0.328,1.75,0.7600647964671385,1
16776,0.072,-0.25,-0.22226157565770469,0
16777,0.232,0.0,-0.33397396583831834,0
16778,0.184,0.0,-0.31781585947592417,0
16779,-0.368,1.75,2.1701425484994856,3
16780,0.392,0.0,-0.18635881509705496,0
16781,1.696,-0.25,-0.2691178471765257,2
16782,-0.328,1.75,1.216980551739308,3
16784,-0.248,-0.25,-0.38545323040960094,0
16788,0.576,0.0,-0.05799619348717219,0
16789,-0.344,-0.25,-0.38545323040960094,0
16790,-0.368,1.0,0.6512827873665531,1
16791,-0.176,1.25,0.769504650022649,1
16792,1.696,0.0,-0.38545323040960094,2
16793,0.048,-0.25,-0.31938171196143533,0
16794,-0.368,1.75,0.4054514035817012,1
16795,1.696,-0.25,-0.19184675523675138,2
16796,0.304,-0.25,-0.2733158231257772,0
16800,-0.32,-0.25,0.3673639059817428,0
16801,0.896,0.5,0.6875285441859338,1
16803,0.112,-0.25,-0.2534220401193777,0
16804,-0.224,0.25,-0.10079616142447843,0
16805,0.984,0.0,-0.1539605815277874,2
16806,0.416,0.5,0.04775104436768451,0
16807,0.736,0.25,0.35486691185928193,0
16808,0.384,0.0,-0.28423950832231965,0
16809,-0.224,0.75,0.20051859543032047,1
16810,1.128,-0.25,-0.2703928984861562,2
16811,-0.368,0.0,-0.09328006949402462,0
16812,1.696,-0.25,-0.14377508393155738,2
16813,-0.344,1.75,0.7416250193401422,1
16814,-0.296,1.75,2.1701425484994856,3
16816,0.416,0.5,-0.19022125122798259,0
16817,-0.368,1.75,0.6953727194943042,1
16818,-0.32,1.75,2.001308605291463,3
16820,0.36,-0.25,-0.1301596237480171,0
16823,1.408,-0.25,-0.23397564353740996,2
16824,-0.28,0.0,-0.14542295726154778,0
16825,-0.096,0.0,0.07680879263452817,0
16826,0.0,-0.25,-0.24641298613661325,0
16828,0.488,-0.25,-0.38545323040960094,0
16829,0.848,-0.25,-0.3541436371397841,2
16830,-0.096,-0.25,-0.258186705539576,0
16832,1.064,0.25,-0.35270454414119523,2
16833,-0.368,0.5,0.3473657328096426,1
16834,1.416,-0.25,-0.19290556977457324,2
16835,0.616,0.0,-0.3663498300863643,0
16836,-0.088,0.0,-0.3133941903144568,0
16837,-0.16,1.75,1.8632227853905963,3
16838,1.168,0.0,-0.054670621065562655,2
16839,-0.336,1.75,2.1701425484994856,3
16841,-0.112,1.0,0.8930205853678541,1
16842,0.4,0.25,0.44143618498683007,1
16843,-0.064,1.75,2.1701425484994856,3
16846,-0.008,-0.25,-0.3413931240434786,0
16847,-0.064,-0.25,-0.35696217161370425,0
16848,0.016,-0.25,-0.29136040891119197,0
16849,1.088,-0.25,-0.38545323040960094,2
16850,1.696,-0.25,-0.2533400192748985,2
16851,-0.368,0.25,-0.24585375310607352,0
16852,-0.328,0.0,-0.38545323040960094,0
16855,-0.216,0.0,-0.2563300518781842,0
16856,-0.288,-0.25,-0.38545323040960094,0
16858,1.696,-0.25,-0.22106854519255328,2
16859,0.752,0.0,0.07131339605442447,2
16861,0.072,0.0,-0.37163644633506643,0
16863,-0.16,0.0,-0.12628973117668227,0
16866,0.72,0.25,-0.3462994618314137,2
16869,-0.224,0.5,0.12750513096305513,0
16871,-0.232,1.0,1.6060576121868064,3
16872,0.208,0.25,0.005853305719648958,0
16873,-0.368,1.0,2.1701425484994856,3
16875,0.128,0.75,1.06131990179868,1
16877,-0.312,1.0,0.1304877071259336,1
16878,0.264,-0.25,-0.38545323040960094,0
16880,-0.16,1.25,0.6200477585008081,1
16881,0.128,-0.25,-0.17908132925963144,0
16882,0.128,0.25,0.025650155000754862,0
16883,1.088,0.0,-0.287028217034611,2
16884,-0.104,0.0,-0.17099854785823074,0
16885,-0.288,0.25,-0.16315437254986034,0
16887,-0.128,-0.25,-0.35778983649890306,0
16889,1.152,0.25,0.6759263229123366,2
16891,-0.368,0.75,0.05238895030096049,1
16892,-0.368,0.75,-0.11481426939000727,0
16893,1.696,-0.25,-0.38545323040960094,2
16895,0.112,-0.25,-0.3491478220669626,0
16897,1.696,0.0,-0.2807275248905302,2
16898,-0.2,0.25,-0.12492520258216537,0
16899,-0.344,1.0,0.44655875954657376,1
16900,-0.272,0.25,0.16035820739716167,0
16902,0.52,-0.25,0.834457702409735,0
16903,-0.176,-0.25,-0.2201737723436898,0
16904,-0.368,1.75,2.1701425484994856,3
16905,-0.368,1.25,1.763768783239413,3
16906,0.248,0.5,-0.08271429343702762,0
16907,-0.176,0.75,0.19214501285303912,1
16909,0.168,-0.25,-0.21849607325207063,0
16910,-0.368,1.5,0.6337154137671986,1
16912,-0.176,1.75,1.4043534427317415,3
16913,1.696,-0.25,-0.38545323040960094,2
16914,-0.12,-0.25,-0.3641800059278702,0
16915,-0.336,1.0,-0.03764756761593368,1
16916,-0.216,0.0,-0.08184188990938569,0
16917,1.696,-0.25,-0.20926500002796172,2
16918,-0.008,1.0,0.2957597087514376,1
16919,0.84,1.75,1.4348279146759524,3
16921,0.08,-0.25,-0.38374570555635307,0
16923,-0.312,1.75,2.1701425484994856,3
16924,-0.24,0.25,0.13482735544292185,0
16926,1.696,-0.25,-0.329515014474815,2
16927,0.52,0.25,-0.09627755853771756,0
16928,0.232,1.75,1.600584584927924,3
16929,-0.368,1.25,0.477003405729156,1
16930,-0.2,0.25,-0.21868248426225054,0
16931,-0.368,1.75,2.1701425484994856,3
16932,0.016,-0.25,-0.38545323040960094,0
16933,-0.368,0.0,-0.08123046179599556,0
16934,0.032,0.0,0.2016370614913999,0
16936,-0.2,-0.25,-0.298011553754411,0
16938,-0.336,0.5,1.541440099618044,1
16940,0.008,0.25,1.8224360563632331,3
16942,-0.304,1.75,0.9340086382862117,1
16943,1.288,0.25,0.10779030252642839,2
16945,-0.232,1.75,2.1701425484994856,3
16947,1.48,-0.25,-0.19811016517879618,2
16948,0.704,0.25,-0.1768294842566582,0
16949,-0.368,1.0,0.45790000540591924,1
16950,0.048,0.25,0.3775866857800088,0
16951,0.672,0.25,0.45154711817898807,0
16952,0.464,0.0,-0.3669016066764968,0
16953,-0.168,-0.25,-0.38545323040960094,0
16954,-0.368,1.75,1.0758972427947484,3
16955,1.072,0.5,-0.08421303795887404,2
16956,-0.264,-0.25,-0.2709894137187319,0
16957,1.504,0.0,-0.19053442172508483,2
16959,0.288,-0.25,-0.38545323040960094,0
16960,-0.096,0.25,-0.11875872636541412,0
16961,0.52,-0.25,-0.3116792090208017,0
16963,1.088,-0.25,-0.38545323040960094,2
16965,1.408,-0.25,-0.35798370394949014,2
16966,-0.344,1.25,1.105640983579054,1
16967,1.104,-0.25,-0.26332419298013426,2
16968,-0.368,0.0,-0.17354119403708465,0
16969,-0.096,0.25,-0.016225214326059032,0
16971,-0.104,-0.25,-0.23484804706505194,0
16976,1.696,-0.25,-0.31365516572870866,2
16978,0.216,-0.25,-0.23326728169872632,0
16979,-0.368,1.0,0.8797332085622305,1
16980,1.632,0.0,0.26566551526799376,2
16982,0.08,-0.25,-0.21482750457173008,0
16983,-0.304,1.25,0.9199010530357964,1
16984,0.296,0.0,2.1701425484994856,3
16985,-0.272,1.75,2.1701425484994856,3
16986,-0.168,0.0,0.8955408622254865,1
16987,-0.368,1.25,0.7043577301849756,1
16988,-0.368,-0.25,-0.3805990877045162,0
16989,-0.352,1.0,0.34380155429500286,1
16990,1.344,-0.25,-0.3677292715616956,2
16992,-0.32,0.75,0.7025010765235837,1
16996,-0.168,1.0,0.6712958734194676,1
16997,1.696,0.25,0.022242561734666242,2
16998,0.792,0.5,-0.2812345628382195,2
16999,-0.224,0.0,-0.13969641102882108,0
17001,-0.368,1.75,2.1701425484994856,3
17002,0.28,0.25,0.6125913180936119,1
17004,-0.04,0.0,0.47718981673933575,0
17006,-0.368,0.5,0.12199482150213713,0
17007,0.0,1.0,0.17556934582784192,1
17010,-0.264,-0.25,-0.35553053505552257,0
17011,-0.168,-0.25,-0.2992045842195624,0
17014,-0.344,0.25,-0.06307402940447278,0
17015,-0.176,0.25,0.8780629659110185,1
17017,-0.368,1.75,2.1701425484994856,3
17018,-0.08,0.0,0.18486752701561562,0
17019,-0.32,0.5,0.4671087093088065,1
17022,-0.16,-0.25,-0.38545323040960094,0
17024,-0.048,0.25,-0.38545323040960094,0
17025,0.08,0.25,-0.23443048640224895,0
17026,1.072,0.0,-0.38545323040960094,2
17027,0.224,1.0,0.1565405099086772,1
17029,0.48,0.0,0.03268157830474094,0
17030,0.104,-0.25,-0.38545323040960094,0
17031,-0.312,0.0,-0.20529071729092613,0
17033,0.28,0.25,0.26691819725640276,0
17034,-0.28,0.25,0.054692990386784136,0
17035,1.56,0.0,-0.1779404938773304,2
17037,0.296,-0.25,0.4437700508342824,0
17038,-0.168,-0.25,-0.38545323040960094,0
17040,0.696,-0.25,-0.16586106041767257,2
17041,-0.192,0.25,0.3179575318436607,0
17042,-0.368,0.75,0.271720144878637,1
17043,-0.152,0.5,0.8161372283292541,1
17044,-0.208,-0.25,0.20602890489123846,0
17045,0.496,0.25,-0.24809814166863958,0
17046,0.848,-0.25,-0.022481167827696644,2
17047,0.272,0.25,0.31967996957772316,0
17048,0.536,0.25,0.19996681884018794,0
17049,-0.368,1.75,2.1701425484994856,3
17050,0.36,1.0,1.8752351108865895,3
17051,1.144,-0.25,-0.3178904238799961,2
17052,-0.184,-0.25,-0.1992211747994684,0
17053,0.64,-0.25,-0.12951091343259102,0
17054,-0.184,0.75,0.5101398268987358,1
17058,0.248,0.25,0.378578392354166,0
17059,-0.168,0.75,1.8214368933486689,3
17060,1.696,-0.25,-0.32653989475234374,2
17061,0.184,1.75,2.1701425484994856,3
17062,1.696,0.5,-0.10508361465861625,2
17063,-0.24,1.25,0.5957472192137557,1
17064,0.064,0.25,0.13666163978309212,0
17068,-0.312,1.75,2.1701425484994856,3
17069,-0.184,1.75,1.5710943631174634,3
17070,0.504,-0.25,-0.2718841865675955,0
17071,-0.184,1.75,1.3500332743653172,3
17073,-0.264,0.5,0.5761367809428295,1
17075,-0.264,0.5,0.12515635223478833,0
17076,-0.12,0.25,0.12594673491795108,0
17078,-0.12,0.0,-0.22094178570563097,0
17079,0.216,-0.25,-0.38545323040960094,0
17080,-0.232,0.0,-0.28673741585873036,0
17081,-0.208,0.0,-0.285775535046202,0
17082,-0.144,0.0,0.9929592561455048,1
17083,0.464,0.25,0.5974174618649677,1
17084,-0.128,0.0,1.547822812606604,1
17085,0.576,0.75,0.6637946943698283,1
17086,-0.352,1.0,1.027430380147973,1
17088,-0.184,0.5,0.9833851866626651,1
17090,-0.368,1.25,0.9711864501564921,1
17091,-0.368,1.75,2.1701425484994856,3
17092,-0.008,0.5,0.8215953427073216,1
17094,1.696,-0.25,-0.2760150545531822,2
17095,-0.224,0.25,0.48615245810878577,1
17096,-0.288,0.5,0.2609455884902385,1
17097,-0.368,1.5,0.21325419564581155,1
17100,-0.264,0.0,0.22337258527837683,0
17101,-0.328,0.5,0.7080337553057233,1
17102,1.688,-0.25,-0.38545323040960094,2
17105,0.864,0.0,0.00015658524855106278,2
17107,-0.144,1.0,2.1701425484994856,3
17109,-0.176,1.0,0.15872524694798565,1
17110,0.912,-0.25,-0.3794358830009937,2
17111,-0.032,-0.25,-0.3285009385794363,0
17114,-0.36,1.5,0.09615079905079509,1
17115,-0.344,0.25,0.1232773292521749,0
17117,1.696,-0.25,-0.38545323040960094,2
17118,1.696,-0.25,-0.3718154009048391,2
17119,-0.368,0.0,-0.04866073009736255,0
17120,1.456,-0.25,-0.2596407114189793,2
17122,0.544,-0.25,-0.38545323040960094,0
17123,0.888,-0.25,-0.24372866759002262,2
17124,1.072,-0.25,-0.27441937630604224,2
17125,-0.008,-0.25,-0.3293286034646351,0
17126,0.808,0.75,0.2414246275041989,1
17128,1.696,-0.25,-0.38406633249386246,2
17131,-0.368,0.75,1.345701082488736,1
17133,-0.28,1.25,2.1701425484994856,3
17134,0.448,0.0,-0.19309943722516035,0
17135,-0.28,1.25,0.348633327678866,1
17138,1.696,-0.25,-0.21748199735669194,2
17139,-0.28,1.75,2.1701425484994856,3
17140,1.568,-0.25,-0.16258768307891344,2
17142,1.504,-0.25,-0.06947165527384715,2
17144,-0.368,0.0,0.23293919832080962,0
17146,0.44,0.25,0.06279068466899923,0
17147,-0.224,0.5,0.8220129033701246,1
17148,0.008,-0.25,-0.38545323040960094,0
17152,1.152,0.25,0.758566051945292,2
17153,-0.216,-0.25,-0.34179577182546717,0
17154,0.192,-0.25,-0.25562914647990775,0
17155,-0.264,0.0,-0.3135209498013791,0
17157,-0.344,0.0,-0.26333910586094866,0
17158,-0.152,0.25,0.4435090754200306,1
17159,-0.232,0.25,0.6585602732039766,1
17160,-0.16,1.0,2.1701425484994856,3
17162,-0.176,1.75,0.7828442219111229,1
17163,-0.232,0.0,-0.2826512865155868,0
17164,-0.144,1.25,1.3385652690190493,3
17165,1.696,-0.25,-0.38288075846911823,2
17166,-0.096,0.0,-0.3473433634884211,0
17169,0.056,0.0,0.12199482150213713,0
17171,1.696,-0.25,-0.3334967536522578,2
17172,0.224,-0.25,-0.264263704471441,0
17173,-0.368,1.5,2.1701425484994856,3
17174,1.336,-0.25,-0.38545323040960094,2
17175,-0.056,0.5,0.575279290296002,1
17176,1.208,-0.25,-0.2729355446650102,2
17179,1.016,0.25,0.04315787707685158,2
17180,0.04,0.5,0.0833630037524536,0
17181,0.048,0.0,-0.32230463660105624,0
17183,-0.344,1.0,1.994702199090687,3
17186,-0.032,0.0,-0.38545323040960094,0
17187,1.408,-0.25,-0.33458539395170844,2
17188,-0.32,1.25,1.3665120076652206,3
17189,0.44,0.0,-0.2128590043042303,0
17190,0.064,0.0,-0.16647994497146984,0
17191,-0.184,1.25,1.0661665880633575,1
17193,-0.12,1.25,0.8772725832278558,1
17194,1.696,-0.25,-0.3321023992961121,2
17197,-0.168,-0.25,0.2541453148388756,0
17198,-0.216,0.25,0.01700068412840733,0
17201,0.024,-0.25,-0.285126824730776,0
17203,-0.12,1.0,2.1557762247669396,3
17204,0.992,0.5,0.6777084121696563,1
17205,0.024,-0.25,-0.2148125916909157,0
17206,0.016,-0.25,-0.3489092159739323,0
17211,-0.192,1.5,1.2327732925217496,3
17212,1.616,-0.25,-0.3320502042132617,2
17213,-0.088,1.25,1.6204038035302517,3
17214,0.072,1.0,0.2885269615564574,1
17217,1.464,-0.25,-0.38545323040960094,2
17218,-0.368,1.75,0.9783446329474004,3
17219,-0.152,-0.25,-0.38545323040960094,0
17220,-0.216,1.75,1.9715574080667502,3
17221,-0.352,0.0,-0.25179653611060887,0
17222,0.112,-0.25,-0.2561436408680043,0
17223,1.696,0.0,-0.2129783073507454,2
17226,1.696,-0.25,-0.20779608126774404,2
17227,-0.256,1.0,0.19919880547824675,1
17228,-0.28,1.5,0.9416887719056237,1
17229,0.36,0.0,-0.26351806043072135,0
17230,1.696,1.5,2.1701425484994856,3
17231,-0.312,1.75,1.83018329794631,3
17232,-0.368,0.0,-0.18969184395907168,0
17233,-0.128,-0.25,-0.3588710203579465,0
17234,1.056,-0.25,-0.38545323040960094,2
17235,-0.208,0.0,-0.09105059381227303,0
17236,-0.304,1.0,0.1819073201739587,1
17237,-0.32,0.0,-0.2665528316764502,0
17238,-0.368,1.75,2.1701425484994856,3
17239,1.696,-0.25,-0.21106945860650317,2
17242,0.456,0.0,0.3552173645584202,0
17243,-0.368,1.75,2.1701425484994856,3
17244,0.016,-0.25,0.2108159396326584,0
17245,1.232,-0.25,-0.37335888406912876,2
17247,-0.288,-0.25,-0.29235211548534906,0
17248,0.552,-0.25,-0.2636000812752005,0
17250,-0.368,0.0,-0.21638590061683408,0
17251,1.696,-0.25,-0.30000242334313243,2
17252,0.528,0.0,-0.24103689260302474,0
17253,-0.264,-0.25,-0.36481380336248187,0
17254,-0.368,0.0,-0.2962369209374983,0
17255,-0.08,0.0,-0.283039021416761,0
17256,0.448,0.0,-0.3222449850777987,0
17259,0.776,0.0,-0.06657855639585503,2
17262,0.008,0.75,0.4333608600258366,1
17263,1.256,-0.25,-0.38545323040960094,2
17265,0.704,0.0,-0.09026766756951737,0
17266,-0.368,0.25,-0.28005644525388257,0
17267,0.608,0.0,-0.26468126513424395,0
17268,0.456,0.5,0.3064522442953569,1
17272,-0.072,0.5,1.1009136003608917,1
17274,-0.128,-0.25,-0.38545323040960094,0
17277,1.416,0.0,0.30637022345087783,2
17278,1.52,-0.25,-0.3177412950718522,2
17279,0.056,-0.25,-0.3611452346821413,0
17282,0.632,0.25,0.7555536500207848,1
17284,0.072,1.0,0.830692200004101,1
17286,-0.232,-0.25,-0.38545323040960094,0
17287,-0.2,1.25,0.2810257825068179,1
17288,-0.336,1.25,0.5586439717475473,1
17289,-0.152,0.25,0.19491135224410894,0
17290,-0.368,0.0,-0.11867670552093496,0
17291,1.696,-0.25,-0.09049881722214041,2
17293,-0.344,1.75,0.8812692352861129,1
17295,-0.176,0.25,-0.09333226457687503,0
17297,-0.272,-0.25,-0.38545323040960094,0
17298,0.4,0.0,-0.1295556520750342,0
17299,-0.312,0.5,-0.011602221273597349,0
17301,-0.24,-0.25,-0.3794806216434368,0
17302,-0.288,0.75,0.37601337685409053,1
17303,1.696,-0.25,-0.3147587189089737,2
17306,-0.32,1.75,2.1701425484994856,3
17309,0.352,-0.25,-0.38545323040960094,0
17311,0.216,0.0,0.5500168701964212,0
17312,0.704,0.25,-0.020781099414855928,0
17313,-0.16,-0.25,1.2352861129389747,1
17314,-0.208,1.5,1.4023700295834274,3
17315,-0.368,1.75,2.1701425484994856,3
17317,-0.04,0.25,1.4377284699943518,1
17320,0.392,0.25,0.4279623971710266,0
17321,-0.344,0.0,-0.004518602886760948,0
17323,-0.288,1.25,0.17220649120419645,1
17324,-0.264,0.5,0.33815702890675536,1
17325,1.696,-0.25,-0.38545323040960094,2
17329,-0.296,0.0,-0.08105896366663004,0
17330,-0.224,0.0,-0.22985968843263765,0
17331,0.584,-0.25,-0.37056271891643017,0
17333,0.28,-0.25,-0.13266498772483504,0
17334,1.696,0.0,-0.2722719214687697,2
17337,0.8,0.5,0.9821175917934416,1
17338,-0.272,1.5,2.1701425484994856,3
17339,0.344,0.0,-0.31973962110098075,0
17340,-0.168,1.75,2.1701425484994856,3
17341,0.848,0.25,0.010975880279392758,2
17343,1.696,-0.25,-0.35681304280556037,2
17344,-0.04,-0.25,-0.38367114115228107,0
17345,-0.288,0.5,-0.11369580332892792,0
17346,-0.368,1.75,1.485889618584432,3
17347,0.28,-0.25,-0.3304768952873433,0
17348,-0.288,0.75,0.3670283661634191,1
17349,1.024,-0.25,-0.38545323040960094,2
17350,-0.344,0.5,0.45663241053669584,1
17351,-0.12,0.25,-0.06339465634198226,0
17353,0.624,0.0,1.120576233714668,1
17354,0.0,-0.25,0.5375273325143676,0
17356,1.696,-0.25,-0.36831087391345685,2
17357,-0.216,0.0,-0.21178527688559404,0
17358,1.696,0.0,-0.2299640785983384,2
17359,-0.32,-0.25,-0.38545323040960094,0
17360,-0.272,0.25,-0.07103005131895118,0
17361,-0.016,0.25,-0.13050262000674814,0
17362,1.504,0.0,-0.26838711601662046,2
17364,-0.368,1.75,2.1701425484994856,3
17365,-0.304,1.5,2.1701425484994856,3
17367,1.496,-0.25,-0.37626689582793527,2
17368,-0.224,1.5,0.8997686639363667,1
17370,0.176,0.5,-0.16850809676222722,0
17371,-0.272,0.25,-0.17967784449220717,0
17372,-0.08,1.5,0.4958607435189552,1
17373,-0.088,0.5,0.024792664353927317,0
17374,1.344,0.0,-0.13153160878294123,2
17375,1.184,0.25,-0.20286737415858735,2
17376,0.16,0.0,-0.34088608609578924,0
17377,-0.216,1.75,2.1701425484994856,3
17379,-0.32,-0.25,-0.21060715930125706,0
17381,-0.336,1.75,2.1701425484994856,3
17382,0.112,-0.25,-0.38545323040960094,0
17383,-0.368,-0.25,-0.3569994538157403,0
17384,-0.256,0.0,-0.25036489955242724,0
17385,-0.288,-0.25,-0.3089650647125822,0
17386,-0.344,1.0,1.5019135090194968,3
17387,-0.248,0.0,0.05565487119931242,0
17388,0.216,0.5,0.4379838530782981,1
17389,-0.368,1.75,2.1701425484994856,3
17391,0.904,0.0,-0.12181586693236454,2
17392,1.696,0.0,-0.1945385302237492,2
17394,1.344,-0.25,-0.3491851042689986,2
17396,-0.096,1.25,2.1701425484994856,3
17397,-0.232,0.0,0.0068897509362492206,0
17398,0.512,0.25,-0.014010651525121738,0
17400,0.6,0.75,1.1093841166634668,1
17402,-0.368,1.75,1.4366174603736794,3
17403,-0.12,-0.25,-0.30440917962378533,0
17404,-0.368,1.75,2.1701425484994856,3
17405,-0.368,0.25,0.2678651651881167,0
17406,1.696,0.25,1.141059075513236,2
17408,0.896,-0.25,-0.38545323040960094,2
17409,1.072,0.0,0.0743257979789318,2
17410,-0.28,0.75,0.40454917429243037,1
17411,-0.312,0.25,0.07961241422763393,0
17412,-0.368,1.25,0.4368653870172187,1
17414,-0.056,0.0,0.07891150882935745,0
17415,0.232,-0.25,-0.12253168521145541,0
17416,-0.168,1.25,2.1701425484994856,3
17418,-0.072,0.0,-0.13817529718575303,0
17419,-0.32,1.75,2.1701425484994856,3
17420,-0.008,0.25,-0.054685533946377034,0
17422,-0.28,1.0,0.9747058900286886,1
17423,-0.04,0.0,0.044321081780374236,0
17425,-0.256,0.0,0.06487103154260696,0
17426,-0.344,1.0,2.1701425484994856,3
17427,0.168,-0.25,-0.38545323040960094,0
17428,-0.368,1.75,2.1701425484994856,3
17429,0.616,0.25,-0.1097960849959642,0
17430,-0.144,0.0,-0.30303719458886125,0
17431,1.696,-0.25,-0.20048131322828458,2
17432,-0.264,0.0,-0.22847279051689917,0
17433,0.296,-0.25,-0.2751501074659475,0
17434,-0.368,1.25,1.2800098425013375,3
17436,-0.368,0.0,-0.3399167488428538,0
17438,1.624,-0.25,-0.21155412723297093,2
17440,0.848,0.25,-0.362196592779556,2
17442,-0.112,1.0,1.1939923459639221,1
17443,1.352,-0.25,-0.10284668253645739,2
17444,0.808,0.0,1.31712800284836,1
17446,1.008,0.0,-0.38545323040960094,2
17447,-0.088,0.0,-0.09741093747961137,0
17449,-0.368,1.25,1.3809998713764031,3
17450,-0.344,1.75,2.1701425484994856,3
17451,-0.368,1.25,0.782352096844248,1
17453,-0.264,0.0,-0.1382796873514538,0
17454,1.128,0.5,-0.10300326778500853,2
17455,1.224,-0.25,-0.38545323040960094,2
17456,1.696,-0.25,-0.3148929348363032,2
17457,0.608,0.75,0.7945060947079778,1
17458,-0.288,-0.25,-0.2652032159627477,0
17459,-0.064,0.0,-0.008627101551126053,0
17460,0.344,1.0,-0.03708833458539396,1
17461,-0.224,0.25,0.05450657937660423,0
17462,0.072,0.0,0.0026246670233330527,0
17463,-0.28,0.75,0.8975242753738006,1
17464,0.856,-0.25,-0.2849926088034464,2
17466,-0.328,0.0,0.0679356285499646,0
17468,-0.328,0.0,-0.38545323040960094,0
17469,-0.28,0.75,0.8938780760146817,1
17470,-0.048,0.75,0.36230843938566376,1
17472,1.12,0.25,0.019737197757848306,2
17475,0.224,-0.25,-0.35626872265583504,0
17480,0.216,-0.25,-0.1195640219293913,0
17481,-0.368,0.5,0.45232258798133645,1
17483,0.112,0.25,-0.19247309623095582,0
17486,1.68,-0.25,-0.20527580441011173,2
17489,0.064,0.0,-0.2203601833538697,0
17490,-0.368,1.25,1.05892638442797,1
17491,-0.368,1.75,2.1701425484994856,3
17492,1.576,-0.25,-0.2219036665181593,2
17495,-0.344,0.0,-0.1301969059500531,0
17496,1.696,-0.25,-0.29909273761345445,2
17498,0.2,-0.25,-0.2982203340858125,0
17499,1.696,-0.25,-0.036752794767070184,2
17500,-0.272,0.25,0.34734336348842104,0
17501,1.36,0.0,-0.2860066846988251,2
17502,-0.336,0.5,0.012623753609383148,0
17503,-0.368,0.0,-0.08441436184986834,0
17504,1.24,1.75,1.733518004507418,3
17505,0.888,0.0,0.3531892127676628,2
17506,0.2,-0.25,-0.27586592574503827,0
17507,1.688,0.0,-0.029109943349694065,2
17508,1.696,-0.25,-0.2124041614393913,2
17509,0.056,1.5,2.1701425484994856,3
17510,-0.208,-0.25,-0.27118328116931906,0
17511,-0.368,1.75,2.1701425484994856,3
17512,-0.176,1.75,1.679801807813977,3
17513,0.168,-0.25,-0.11853503315319819,0
17514,0.616,-0.25,-0.3456209257543588,0
17515,-0.16,0.5,-0.024718099949855507,0
17516,-0.288,0.75,0.07580217317955666,1
17517,1.696,-0.25,-0.38545323040960094,2
17519,-0.272,1.0,0.8985383512691794,1
17520,0.024,-0.25,-0.0760258663917726,0
17521,-0.168,0.25,0.03805767183832935,0
17522,-0.368,0.75,0.29376883916271634,1
17523,-0.32,0.5,-0.014487863711182285,0
17524,1.696,-0.25,-0.38545323040960094,2
17525,1.696,-0.25,-0.18601581883832388,2
17526,-0.368,0.5,0.390516153446087,1
17527,0.024,0.5,0.1992360876802827,1
17528,-0.368,1.5,2.1701425484994856,3
17530,-0.368,1.75,1.2628674860051934,3
17531,1.112,-0.25,-0.27996696796899617,2
17534,0.024,-0.25,-0.3346525019153732,0
17535,1.696,-0.25,-0.3786156745562021,2
17536,1.008,-0.25,-0.38545323040960094,2
17537,-0.168,0.0,0.16068629077507826,0
17538,-0.2,-0.25,-0.38545323040960094,0
17540,-0.208,0.0,-0.06954621967791913,0
17542,1.696,-0.25,-0.37388083489763246,2
17545,-0.064,0.25,-0.022257474615480707,0
17548,1.464,-0.25,-0.38545323040960094,2
17549,-0.216,0.0,-0.38545323040960094,0
17550,1.168,0.25,-0.3019932929318538,2
17551,1.696,-0.25,-0.27911693376257585,2
17552,0.072,0.5,0.210003187628274,1
17553,0.632,-0.25,0.6080205201240005,0
17554,-0.368,0.75,0.9546331524525165,1
17555,-0.248,0.0,-0.13933104544886846,0
17556,1.24,-0.25,-0.3834623608208796,2
17557,-0.296,0.25,-0.0974631325624617,0
17560,0.352,0.5,0.13628881776273233,0
17561,-0.256,-0.25,-0.37807881084688394,0
17562,-0.296,1.25,0.3356964035723806,1
17564,-0.216,0.25,-0.1626697039233926,0
17566,-0.344,0.0,0.14733926244619705,0
17567,-0.352,1.5,2.1701425484994856,3
17569,1.696,-0.25,-0.24351243081821394,2
17571,-0.008,0.5,0.5624765821168461,1
17572,0.16,0.5,-0.3321247686173337,0
17573,-0.176,0.25,-0.20980186373727983,0
17574,1.536,-0.25,-0.36277073869091014,2
17576,-0.344,1.75,2.156894690828019,3
17578,1.336,-0.25,-0.38545323040960094,2
17579,-0.368,0.25,-0.16471276859496436,0
17580,1.616,0.25,-0.342548872306594,2
17581,-0.368,1.75,2.1701425484994856,3
17582,1.48,-0.25,-0.3705105238335798,2
17584,-0.352,0.0,0.4251140369354775,0
17585,0.464,0.5,0.33688943403753197,1
17588,0.392,0.25,0.42354818444996634,0
17589,0.072,0.5,1.3274700856931412,1
17590,-0.368,0.25,0.5924887547558109,1
17591,0.176,1.25,1.1431841610292872,1
17593,-0.368,0.75,2.1701425484994856,3
17594,0.272,0.0,0.27626857352702683,0
17595,-0.312,0.0,-0.2128664607446375,0
17596,-0.224,1.25,1.5937917677169684,3
17597,1.304,-0.25,1.0231727526754641,2
17600,-0.264,-0.25,-0.3806512827873666,0
17601,1.504,-0.25,-0.38545323040960094,2
17602,-0.368,1.0,2.1701425484994856,3
17603,0.216,-0.25,-0.2068789390976589,0
17604,1.328,0.0,-0.26970690596869423,2
17608,-0.144,0.0,-0.3580433554727477,0
17609,-0.08,0.75,0.32853822078147216,1
17611,-0.352,1.75,2.1701425484994856,3
17612,0.016,1.0,1.0385181070334737,1
17613,-0.224,1.75,2.1701425484994856,3
17614,0.048,-0.25,-0.21314234903970375,0
17615,0.632,0.25,-0.2554352790293206,0
17616,0.984,0.25,-0.07528767879146024,2
17618,-0.36,0.25,0.19245818335014134,0
17619,1.696,-0.25,-0.3413558418414426,2
17620,0.072,-0.25,-0.38545323040960094,0
17621,-0.24,0.25,0.5733480722305381,1
17623,-0.144,-0.25,-0.10820786318923141,0
17624,-0.288,0.0,0.14108330894455945,0
17625,-0.264,0.5,1.0109665597288837,1
17628,0.24,-0.25,-0.38545323040960094,0
17629,-0.36,1.5,0.8801507692250334,1
17630,0.952,0.0,-0.11450855533331225,2
17631,-0.368,0.25,-0.10725343881711032,0
17633,-0.16,0.5,0.48665949605647496,1
17634,-0.12,1.75,1.2574690231503836,3
17636,-0.256,-0.25,-0.2882734425826128,0
17637,-0.16,0.0,-0.08210286532363749,0
17639,1.696,-0.25,-0.38545323040960094,2
17640,0.288,-0.25,-0.03766248049674814,0
17642,0.552,0.0,0.029915238913671118,0
17643,1.696,-0.25,-0.38545323040960094,2
17644,-0.368,1.75,1.6579171552188559,3
17646,1.344,0.25,0.2507004393707509,2
17647,0.112,-0.25,-0.38545323040960094,0
17648,0.08,0.5,0.8631799108582549,1
17649,0.696,-0.25,0.17725450135986826,0
17650,-0.24,-0.25,-0.37736299256779304,0
17651,-0.312,1.75,2.1701425484994856,3
17652,-0.208,1.75,2.1701425484994856,3
17653,-0.112,0.5,0.39921036296087786,1
17654,1.696,-0.25,-0.38545323040960094,2
17655,-0.32,1.25,1.466510329966129,3
17656,0.176,0.75,0.7627342021329147,1
17658,-0.2,0.0,-0.057228180125231,0
17659,-0.272,1.75,1.7476330461982408,3
17660,0.72,-0.25,-0.3679156825718755,2
17663,-0.2,1.25,0.8431295426033044,1
17664,-0.256,0.0,-0.050353342069796074,0
17666,-0.368,0.0,0.04174860983989151,0
17667,0.12,0.75,1.0314792272890807,1
17668,-0.368,0.0,-0.24190183969025952,0
17669,-0.064,1.25,2.082173701507506,3
17670,1.416,-0.25,-0.3478205756744817,2
17671,-0.28,0.5,0.6714822844296475,1
17672,-0.008,0.0,1.8685839660433705,1
17673,-0.368,1.0,0.690540946110441,1
17674,0.184,0.0,-0.09031986265236779,0
17675,-0.368,1.75,2.1701425484994856,3
17676,-0.368,1.0,0.5212126409034223,1
17677,-0.368,1.75,2.1701425484994856,3
17678,1.696,-0.25,-0.27891560987158154,2
17679,0.016,0.0,1.228299428277432,1
17680,-0.216,-0.25,-0.36370279374180964,0
17682,-0.328,1.0,1.4175886244545148,3
17684,-0.056,-0.25,-0.3226849150618233,0
17685,-0.272,1.25,1.9356621039465076,3
17686,-0.352,1.25,2.1701425484994856,3
17690,-0.168,1.75,2.1701425484994856,3
17691,1.696,0.0,-0.2846645254255298,2
17692,0.608,0.5,0.039824848214834854,0
17693,0.688,-0.25,-0.3517202940074453,2
17694,0.728,-0.25,-0.2900928140419686,2
17695,0.648,0.0,0.06947165527384706,0
17696,-0.104,1.5,1.2031264854627375,3
17697,1.48,-0.25,-0.2484635072485922,2
17698,1.68,-0.25,-0.38545323040960094,2
17700,-0.272,0.5,1.3887396565190726,1
17701,1.616,-0.25,-0.1772545013598684,2
17702,-0.168,0.5,0.8667366329324875,1
17703,-0.128,0.25,0.12039914325499715,0
17704,0.944,0.0,0.15883709355409367,2
17705,-0.368,1.75,0.8831035196262832,1
17706,-0.368,1.75,2.1701425484994856,3
17707,1.072,0.0,-0.38545323040960094,2
17708,1.096,0.0,-0.30484910960781,2
17709,0.952,-0.25,-0.38545323040960094,2
17711,-0.32,0.0,-0.21405203476938167,0
17712,-0.048,-0.25,-0.11129482951781072,0
17714,1.696,-0.25,-0.38545323040960094,2
17715,1.2,-0.25,-0.2578213399596235,2
17716,-0.224,1.75,2.1701425484994856,3
17718,1.448,-0.25,-0.38545323040960094,2
17719,-0.104,1.75,2.1701425484994856,3
17720,-0.2,0.5,0.39054597920771594,1
17722,0.36,0.5,1.3521434470005536,1
17723,0.608,1.0,1.941828580163259,3
17724,0.16,0.25,0.2690507392128608,0
17725,-0.28,1.75,2.078341091138207,3
17727,-0.288,-0.25,0.2893695393224705,0
17728,-0.368,0.25,1.64328016269953,1
17730,-0.368,1.75,2.1701425484994856,3
17731,0.224,0.5,0.4553946414291014,1
17732,1.696,-0.25,-0.2745461357929645,2
17733,-0.096,0.0,0.0149277936952068,0
17734,0.024,0.25,0.021221029398880358,0
17735,-0.368,1.75,2.1701425484994856,3
17736,-0.336,0.25,-0.21484241745254445,0
17737,-0.336,0.0,-0.3757524014398387,0
17738,-0.256,0.5,0.9290948440578695,1
17739,-0.312,1.25,1.5801539382122065,3
17742,0.496,0.0,-0.2364138995505631,0
17744,-0.368,1.0,1.2640381471491233,1
17746,1.512,-0.25,-0.38545323040960094,2
17747,0.496,-0.25,-0.38545323040960094,0
17749,1.016,0.0,0.0017522634956910418,2
17750,-0.368,1.75,0.7776247136260855,1
17752,1.696,-0.25,-0.38545323040960094,2
17754,-0.368,0.75,0.7546588771719213,1
17757,-0.368,1.75,2.1701425484994856,3
17758,-0.256,1.5,2.062100963931334,3
17759,-0.272,0.25,0.10926667772705324,0
17760,-0.232,0.0,-0.28675978517995193,0
17761,-0.144,-0.25,0.03028060449362374,0
17763,1.696,-0.25,-0.38545323040960094,2
17764,0.0,0.0,0.07484774880743547,0
17765,0.864,0.25,-0.1991913490378396,2
17767,-0.288,-0.25,-0.29898089100734654,0
17768,-0.344,0.25,1.0511567735236715,1
17769,-0.304,1.75,2.1701425484994856,3
17770,1.184,0.75,0.35127290758301344,2
17771,0.048,0.0,-0.3182707023407631,0
17772,-0.32,0.0,-0.3718675959876895,0
17774,0.368,0.5,0.40381098669211796,1
17775,1.632,-0.25,-0.38545323040960094,2
17777,-0.208,0.25,-0.01738096258917441,0
17779,-0.24,0.25,-0.011893022449477991,0
17781,0.864,0.0,-0.3610035623144046,2
17783,0.168,0.0,-0.28673741585873036,0
17785,0.016,-0.25,-0.38545323040960094,0
17786,0.272,0.0,-0.2985335045829147,0
17787,0.816,0.5,0.8642909204789271,1
17788,0.184,0.0,0.3286649802683946,0
17789,1.696,-0.25,-0.33275856605194537,2
17790,-0.192,1.75,0.9694341866608008,3
17791,-0.168,-0.25,-0.38545323040960094,0
17793,-0.208,-0.25,-0.2772528236607768,0
17795,1.032,0.0,-0.24557040837060007,2
17796,-0.088,0.5,0.01329483324603079,0
17797,-0.232,0.25,0.08739693801274673,0
17799,-0.232,1.75,1.7735516330536545,3
17800,-0.112,1.75,0.40666680336807404,1
17802,0.248,0.25,0.4569828632358341,1
17805,0.184,-0.25,-0.11919865634943873,0
17806,-0.32,-0.25,-0.09404808285596589,0
17809,-0.28,1.75,2.1701425484994856,3
17811,-0.368,1.75,2.1701425484994856,3
17812,-0.304,0.5,0.02060960128549023,0
17813,-0.296,0.75,0.7788923084953089,1
17816,-0.112,0.5,-0.38545323040960094,0
17817,-0.368,0.25,-0.21212827314432506,0
17819,0.168,1.25,2.1701425484994856,3
17824,0.0,-0.25,-0.27869937309977283,0
17827,-0.368,0.75,0.9980147227415841,1
17828,-0.224,0.5,0.38230661255776416,1
17829,1.696,-0.25,0.1618569519190081,2
17830,-0.368,0.25,-0.20391127581559484,0
17831,-0.144,-0.25,-0.38545323040960094,0
17832,-0.008,-0.25,-0.38534884024390026,0
17835,-0.368,0.25,-0.24601033835462463,0
17836,-0.032,-0.25,-0.38545323040960094,0
17837,-0.072,1.5,0.6474128947952182,1
17838,-0.192,0.75,1.573182166431478,3
17839,-0.072,-0.25,-0.26397290329556033,0
17841,-0.368,1.75,2.1701425484994856,3
17843,1.696,-0.25,-0.3537633586790171,2
17844,0.448,-0.25,-0.38545323040960094,0
17848,0.24,1.75,0.17077485464601472,1
17849,1.336,0.5,-0.04758700267872625,2
17850,1.696,1.75,2.1701425484994856,3
17852,-0.312,0.0,-0.38545323040960094,0
17854,1.072,0.0,-0.26911039073611853,2
17855,1.696,-0.25,-0.34538231966132854,2
17856,-0.368,0.5,0.5561460642111365,1
17857,-0.368,1.75,2.1701425484994856,3
17858,-0.36,1.75,2.1701425484994856,3
17859,1.696,-0.25,-0.38545323040960094,2
17860,1.696,-0.25,-0.3323484618295495,2
17861,-0.368,1.5,1.0830927077876928,1
17862,1.696,-0.25,-0.25446594177638515,2
17863,0.064,1.0,1.9397407768492438,3
17864,-0.304,0.25,-0.08747895885722598,0
17865,-0.16,1.75,2.1701425484994856,3
17866,0.736,-0.25,-0.2553979968272847,2
17867,-0.168,1.0,0.36215931057752,1
17869,0.448,0.75,-0.1819296894951804,0
17870,-0.368,1.75,0.9156285126824729,1
17871,1.232,-0.25,-0.38495364890231887,2
17873,0.232,0.75,0.801500235809928,1
17874,1.072,1.0,0.08831408018283188,2
17877,0.952,-0.25,-0.32402707433511857,2
17878,-0.056,-0.25,-0.21826492359944755,0
17879,0.984,-0.25,-0.368087180701241,2
17880,1.696,-0.25,-0.15900859168345924,2
17881,1.696,-0.25,-0.38545323040960094,2
17883,-0.368,0.5,0.0004622993052460837,0
17884,-0.368,0.5,0.023055313739050655,0
17885,-0.312,-0.25,-0.37977887925972464,0
17886,-0.152,0.25,0.15461674828362054,0
17887,0.624,-0.25,-0.38545323040960094,0
17888,-0.24,1.5,0.05482720631411372,1
17889,1.288,0.0,-0.35104921437079767,2
17890,1.696,0.0,-0.06358852379256935,2
17891,0.888,-0.25,-0.3491925607094058,2
17892,0.04,0.25,-0.31918784451084825,0
17893,1.392,-0.25,-0.38545323040960094,2
17894,0.168,1.5,0.3924473715115509,1
17895,-0.056,-0.25,-0.38545323040960094,0
17896,-0.224,-0.25,-0.3100760743332545,0
17897,0.976,0.25,-0.09720215714820982,2
17898,0.272,0.0,-0.38545323040960094,0
17899,0.864,-0.25,-0.38545323040960094,2
17900,1.112,0.0,-0.38545323040960094,2
17901,-0.176,-0.25,-0.38545323040960094,0
17904,-0.24,-0.25,-0.36618578839740595,0
17905,0.16,0.5,0.09456257724406229,0
17906,1.568,-0.25,-0.38545323040960094,2
17908,1.696,-0.25,-0.3259881181622112,2
17911,-0.336,-0.25,-0.22812233781776092,0
17912,1.696,0.75,-0.27000516358498206,2
17913,0.064,0.0,-0.1952618049432472,0
17914,-0.368,-0.25,-0.25561423359909335,0
17917,-0.048,0.25,-0.23930699842855524,0
17919,0.296,-0.25,0.4711501000095069,0
17920,-0.368,1.75,2.1701425484994856,3
17921,0.104,0.5,0.11040005666894706,0
17923,1.696,-0.25,-0.3464784164011864,2
17924,-0.312,1.25,1.7077709157813696,3
17925,1.696,-0.25,-0.3192027573916626,2
17926,0.656,0.0,-0.20496263391300948,0
17928,-0.048,0.0,-0.35873680443061695,0
17929,-0.32,0.5,0.12737837147613282,0
17930,-0.12,0.75,0.7965789851411784,1
17931,0.664,0.0,-0.19230905454199754,0
17932,-0.176,0.25,0.4965989311192677,1
17934,0.008,0.0,0.02392026082628539,0
17935,0.696,0.0,-0.38545323040960094,2
17936,-0.368,-0.25,-0.20963036560791434,0
17937,-0.336,1.25,2.1701425484994856,3
17939,0.872,-0.25,-0.38545323040960094,2
17940,-0.016,1.75,1.1035606367054467,3
17941,0.64,-0.25,-0.27410620580893996,0
17942,-0.344,-0.25,-0.38545323040960094,0
17946,1.456,0.0,-0.38545323040960094,2
17947,-0.112,-0.25,-0.3694591657361651,0
17948,0.768,-0.25,-0.2338414276100804,2
17949,-0.368,1.75,2.1701425484994856,3
17950,0.168,0.25,-0.13497648425106584,0
17951,-0.088,0.25,0.25081228597685895,0
17954,-0.368,1.75,1.2495577398783482,3
17955,1.184,0.5,-0.08565213095746296,2
17956,1.584,-0.25,-0.38545323040960094,2
17957,0.12,-0.25,-0.38545323040960094,0
17958,0.528,-0.25,-0.12206938590620928,0
17960,0.96,-0.25,-0.38545323040960094,2
17961,-0.24,1.75,0.47733894554747974,1
17962,0.728,-0.25,-0.38545323040960094,2
17964,-0.152,0.0,-0.15580977874877208,0
17965,-0.104,1.75,1.4455577324219078,3
17966,-0.104,0.75,0.32935842922626385,1
17967,1.696,-0.25,-0.38545323040960094,2
17968,1.696,-0.25,-0.2927174810653017,2
17969,0.92,0.0,-0.33104358475829027,2
17970,1.28,-0.25,-0.05974845698286332,2
17972,1.528,-0.25,-0.38545323040960094,2
17973,0.008,-0.25,-0.1870298947337026,0
17974,-0.208,0.25,0.032711404066369694,0
17975,-0.288,1.75,2.1701425484994856,3
17976,1.696,-0.25,-0.259059109067218,2
17977,-0.176,-0.25,-0.2796761667931156,0
17978,1.696,-0.25,-0.27682035011715944,2
17979,-0.12,0.5,0.0423824072745032,0
17980,0.92,0.25,0.10385330199142881,2
17984,0.752,-0.25,-0.38545323040960094,2
17985,-0.232,-0.25,-0.03043718974217497,0
17986,0.04,-0.25,-0.38545323040960094,0
17987,1.072,-0.25,-0.3531370176848126,2
17988,-0.312,1.25,-0.3512356253809776,1
17990,1.488,0.25,-0.0017373506148767477,2
17991,1.392,0.0,-0.38545323040960094,2
17994,0.568,0.5,0.008179715126694178,0
17995,1.696,-0.25,-0.38545323040960094,2
17997,0.184,1.5,0.9620970493001199,1
17999,-0.112,0.0,-0.2175640182011711,0
18001,-0.312,0.0,-0.19166034422657147,0
18004,1.696,-0.25,-0.38344744794006524,2
18005,-0.368,0.0,-0.3299102058163964,0
18006,-0.224,-0.25,-0.16962656282330665,0
18008,0.152,1.75,1.0767249076799472,3
18009,1.472,-0.25,-0.31427405028250593,2
18010,1.648,-0.25,-0.370860976532718,2
18011,1.696,-0.25,-0.38545323040960094,2
18013,0.832,0.0,-0.36154788246412994,2
18014,-0.184,-0.25,-0.3837084233543171,0
18015,-0.368,-0.25,-0.38545323040960094,0
18016,-0.152,0.75,0.6287941630984493,1
18017,0.24,0.25,-0.11122772155414594,0
18018,0.456,0.0,-0.38545323040960094,0
18019,0.008,-0.25,-0.38545323040960094,0
18022,-0.12,-0.25,-0.044328538220781505,0
18024,0.816,0.0,-0.21056242065881386,2
18027,0.384,-0.25,-0.38545323040960094,0
18030,-0.368,0.0,-0.3292167568585272,0
18032,1.696,-0.25,-0.38545323040960094,2
18033,0.112,-0.25,-0.38545323040960094,0
18034,-0.232,0.0,-0.18658996474967804,0
18035,-0.12,0.25,0.055341700702210214,0
18036,-0.152,0.25,-0.1829437653905591,0
18037,0.824,1.0,-0.38545323040960094,2
18040,-0.256,0.0,-0.23485550350545908,0
18041,-0.312,1.75,2.1701425484994856,3
18042,0.024,-0.25,-0.37813100592973437,0
18043,-0.208,0.25,-0.1021383206977737,0
18044,-0.368,1.75,1.0561525885964929,3
18045,-0.048,-0.25,-0.3682213966285705,0
18048,1.216,0.0,-0.3651269738595841,2
18050,1.696,-0.25,-0.38545323040960094,2
18053,0.16,-0.25,-0.2774914297538071,0
18055,-0.352,1.75,2.1701425484994856,3
18056,1.696,-0.25,-0.23004609944281756,2
18058,-0.328,-0.25,-0.37432076488165705,0
18059,-0.224,0.25,-0.2726894821315727,0
18061,-0.232,1.75,1.0791258814910643,3
18062,0.976,0.25,0.03605188936879361,2
18064,0.656,0.0,0.10575469429526381,0
18065,-0.36,1.75,1.312974765541552,3
18066,0.192,-0.25,-0.26408474990166825,0
18067,-0.088,-0.25,-0.20444813952491295,0
18068,1.696,-0.25,-0.38545323040960094,2
18069,-0.2,0.75,1.029861179720719,1
18071,1.656,0.0,-0.16342280440451942,2
18072,1.08,-0.25,-0.30927077876927733,2
18073,0.504,1.75,2.1701425484994856,3
18074,1.696,-0.25,-0.13613223251418127,2
18075,-0.224,1.75,1.4462362684989627,3
18077,-0.344,1.75,1.425850360425688,3
18078,1.328,0.0,-0.25056622344342155,2
18079,-0.048,0.5,2.1701425484994856,3
18080,-0.256,0.0,0.4170610812957056,0
18081,-0.12,0.25,-0.2264670080473634,0
18082,-0.2,-0.25,0.021862283273899243,0
18084,-0.28,-0.25,-0.38545323040960094,0
18085,1.696,0.0,0.013257551043994842,2
18086,1.696,-0.25,-0.38545323040960094,2
18087,1.696,-0.25,1.8870386560511807,2
18088,0.08,-0.25,-0.37740027476982907,0
18092,-0.368,1.75,2.1701425484994856,3
18093,0.336,0.5,1.0695145298061886,1
18094,0.248,1.25,1.7830809638940515,3
18095,1.696,0.0,-0.0686887290310915,2
18096,-0.312,0.25,0.13905515715380207,0
18097,-0.344,1.0,1.4840031391614115,3
18099,0.608,-0.25,-0.37570020635698836,0
18101,-0.32,0.0,-0.33536832019446405,0
18102,-0.368,1.75,2.1701425484994856,3
18104,-0.112,-0.25,0.06149326403814709,0
18105,-0.104,-0.25,-0.38545323040960094,0
18106,1.696,-0.25,-0.18661233407089964,2
18108,1.624,-0.25,-0.2991300198154904,2
18109,-0.368,1.75,2.1701425484994856,3
18110,-0.248,-0.25,-0.3529655195554471,0
18112,-0.312,0.0,-0.23154484396466402,0
18113,1.696,-0.25,-0.38545323040960094,2
18114,1.696,-0.25,-0.33708330148811916,2
18116,0.136,1.5,0.5474443982559386,1
18117,-0.2,-0.25,-0.2661352710136472,0
18118,-0.32,1.75,2.1701425484994856,3
18119,1.696,-0.25,-0.36646167669247226,2
18120,1.304,-0.25,-0.38545323040960094,2
18121,0.784,0.0,-0.014070303048379338,2
18122,-0.344,1.0,0.841101390812547,1
18123,-0.216,0.0,-0.07287179209952867,0
18125,-0.168,0.5,0.35968377236233073,1
18126,0.08,-0.25,-0.35312956124440537,0
18127,-0.256,0.25,-0.23908330521633933,0
18129,1.536,-0.25,-0.38545323040960094,2
18130,-0.288,0.25,0.30103141211932544,0
18133,1.288,-0.25,0.1933678690798192,2
18135,-0.176,0.75,0.007262572956609116,1
18136,0.096,0.25,0.08363143560711268,0
18138,1.696,-0.25,-0.38545323040960094,2
18139,-0.264,1.0,2.1701425484994856,3
18142,0.848,0.0,0.2589994575439603,2
18143,0.528,0.0,0.24456378891562844,0
18144,-0.344,1.75,1.6527796677782978,3
18145,-0.304,0.5,1.6399545902779202,1
18146,0.72,0.0,-0.3816355329211165,2
18147,-0.04,0.0,-0.3674757525878509,0
18149,0.0,0.25,-0.04480575040684214,0
18150,-0.152,0.25,-0.07873255425958481,0
18151,0.672,0.0,-0.014033020846343306,0
18154,-0.368,0.0,-0.20354591023564222,0
18155,0.192,0.25,-0.22410331643828216,0
18156,-0.304,0.0,0.004787034741419937,0
18158,-0.336,0.0,-0.16312454678823157,0
18159,1.696,-0.25,-0.10589636666300066,2
18160,0.048,0.0,-0.025433918228946285,0
18161,-0.288,0.75,0.7057669974219357,1
18164,-0.112,-0.25,-0.20320291397691118,0
18165,1.008,-0.25,-0.2756720582944511,2
18167,-0.224,0.25,0.5314130513804668,1
18168,1.0,1.0,0.36377735814588147,1
18169,0.08,-0.25,-0.3484543731090934,0
18170,-0.144,0.25,0.22976275470734395,0
18171,0.064,0.75,0.41691940892796886,1
18172,-0.288,1.75,2.1701425484994856,3
18173,0.288,0.5,1.069753135899219,1
18174,-0.352,-0.25,-0.38545323040960094,0
18176,1.696,-0.25,-0.13460366223070608,2
18177,-0.16,1.0,0.5232184233729582,1
18178,0.624,0.5,0.7218878215822939,1
18179,-0.336,1.0,0.848170096318569,1
18180,-0.368,1.0,0.888494526040686,1
18181,-0.216,-0.25,-0.22766003851251476,0
18183,1.408,0.0,-0.029900326032856823,2
18184,-0.288,-0.25,-0.38545323040960094,0
18185,1.584,-0.25,-0.27433735546156307,2
18188,-0.288,0.25,0.9908639963910828,1
18189,0.216,0.0,0.31173140410365197,0
18190,1.128,0.0,-0.2890936510274043,2
18191,1.688,-0.25,-0.34625472318897055,2
18192,0.168,-0.25,0.22540819350954142,0
18193,0.912,-0.25,-0.31944136348469293,2
18194,0.248,-0.25,0.22493843776388797,0
18196,0.352,0.0,0.010782012828805664,0
18198,-0.368,1.75,2.1701425484994856,3
18200,0.44,-0.25,-0.38545323040960094,0
18202,1.192,0.25,0.5404577135943958,2
18203,0.848,-0.25,-0.38158333783826615,2
18204,0.16,0.25,0.9717084009849957,1
18205,-0.12,0.0,-0.10535204651327532,0
18209,-0.176,-0.25,-0.38545323040960094,0
18210,-0.368,1.0,1.4975589478216942,3
18211,-0.2,0.75,-0.0537609353358847,1
18212,1.696,-0.25,-0.34008824697221923,2
18213,1.488,-0.25,-0.3278522282640102,2
18215,0.304,-0.25,-0.2779984677014964,0
18216,-0.16,-0.25,-0.1419855382338303,0
18217,-0.176,0.0,-0.03759537253308335,0
18218,1.28,0.0,0.09786578034445019,2
18219,-0.368,1.75,1.0421121113097425,3
18220,1.408,-0.25,-0.2735693420996218,2
18221,-0.232,0.75,0.2754707344034567,1
18222,0.336,-0.25,-0.17087924481171562,0
18223,-0.368,1.75,2.1701425484994856,3
18224,1.696,-0.25,-0.382679434578124,2
18225,-0.368,1.75,2.1701425484994856,3
18226,-0.056,1.75,2.1701425484994856,3
18227,1.336,-0.25,-0.38545323040960094,2
18228,0.048,0.0,0.0803282325067247,0
18229,-0.312,1.75,2.1701425484994856,3
18230,-0.336,1.25,1.628658083061018,3
18231,1.128,0.75,1.0436033993911815,1
18232,0.248,0.5,-0.05905500802499403,0
18233,1.696,-0.25,-0.1731161769338745,2
18235,0.168,0.25,0.8383350514214771,1
18236,-0.168,1.0,0.19377051686180793,1
18237,-0.368,0.75,0.23482567774383023,1
18239,1.344,0.75,0.6632056355776599,2
18240,-0.04,-0.25,-0.1861052961232103,0
18241,-0.328,1.75,1.0669569707465203,3
18242,0.168,0.5,1.1708997500228355,1
18245,-0.352,1.25,1.4129134363192026,3
18246,-0.216,0.0,-0.056721142177541616,0
18248,0.576,0.0,0.09831316676888198,0
18249,-0.272,-0.25,-0.38545323040960094,0
18250,1.696,-0.25,-0.24076846074836572,2
18251,0.288,-0.25,2.1701425484994856,3
18252,0.0,0.0,-0.09313094068588074,0
18255,0.304,-0.25,-0.38545323040960094,0
18257,-0.096,1.5,1.2604814250748908,3
18259,-0.208,0.25,1.2425635987763983,1
18260,0.976,1.0,1.4586139595749084,1
18261,-0.064,0.0,-0.25943193108757784,0
18262,0.712,-0.25,-0.38545323040960094,2
18263,-0.2,0.25,0.40338596958890766,1
18265,0.168,0.0,0.09644160022667574,0
18268,0.664,-0.25,-0.38545323040960094,0
18269,1.696,-0.25,-0.37548396958517966,2
18270,-0.104,0.0,-0.2653150625688556,0
18272,-0.368,1.0,1.8315030878983838,3
18273,-0.368,0.25,-0.34908817054370506,0
18274,-0.168,-0.25,-0.37002585520711206,0
18276,-0.056,-0.25,-0.2507675473344158,0
18277,0.056,-0.25,-0.38545323040960094,0
18278,0.184,-0.25,-0.3715320561693657,0
18280,1.696,-0.25,-0.3665362410965442,2
18281,1.04,-0.25,-0.38545323040960094,2
18282,-0.344,0.0,-0.3684376334003792,0
18283,-0.368,1.75,1.0526704309263322,3
18287,-0.064,0.25,0.8687573282828377,1
